[Info] [carb] Logging to file: /isaac-sim/kit/logs/Kit/Isaac-Sim/5.1/kit_20260620_140832.log
2026-06-20T14:08:32Z [0ms] [Info] [omni.structuredlog.plugin] the file '/isaac-sim/.nvidia-omniverse/config/privacy.toml' doesn't exist yet.
2026-06-20T14:08:32Z [0ms] [Info] [omni.kit.app.plugin] App Name: 'Isaac-Sim', App Version: '5.1.0', Kit Version: '107.3.3+production.229672.69cbf6ad.gl', Kernel Version: '206.6+release.9587.07f17b1b.gl'
2026-06-20T14:08:32Z [0ms] [Info] [omni.kit.app.plugin] Cmd: /isaac-sim/exts/isaacsim.simulation_app/isaacsim/simulation_app/simulation_app.py /workspace/isaaclab/apps/isaaclab.python.headless.rendering.kit --/app/tokens/exe-path=/isaac-sim/kit --/persistent/app/viewport/displayOptions=3094 --/rtx/materialDb/syncLoads=True --/rtx/hydra/materialSyncLoads=True --/omni.kit.plugin/syncUsdLoads=True --/app/renderer/resolution/width=1280 --/app/renderer/resolution/height=720 --/app/window/width=1440 --/app/window/height=900 --/renderer/multiGpu/enabled=True --/app/fastShutdown=True --/app/installSignalHandlers=0 --ext-folder /isaac-sim/exts --ext-folder /isaac-sim/apps --/renderer/activeGpu=0 --/physics/cudaDevice=0 --/plugins/carb.tasking.plugin/threadCount=16 --/plugins/omni.tbb.globalcontrol/maxThreadCount=16 --portable --no-window --/app/window/hideUi=True hydra.run.dir=/workspace/robot-contact-assembly/artifacts/hydra/real_video_2026-06-20T14-08-28Z-real-video hydra.output_subdir=null hydra.run.dir=/workspace/artifacts/hydra/${now:%Y-%m-%d}/${now:%H-%M-%S} hydra.output_subdir=null --enable omni.replicator.core --enable omni.kit.material.library --enable omni.kit.viewport.rtx
2026-06-20T14:08:32Z [0ms] [Info] [omni.kit.app.plugin] Applied configs: [/isaac-sim/kit/kernel/config/kit-core.json, /workspace/isaaclab/apps/isaaclab.python.headless.rendering.kit]
2026-06-20T14:08:32Z [0ms] [Info] [omni.kit.app.plugin] Non-existent configs: [/isaac-sim/kit/omni_configs/privacy.toml, /workspace/isaaclab/apps/isaaclab.python.headless.rendering.gen.kit, /isaac-sim/kit/data/documents/Kit/shared/user.toml, /workspace/isaaclab/apps/deps/user.toml, /workspace/isaaclab/apps/deps/isaaclab.python.headless.rendering/user.toml, /workspace/isaaclab/deps/user.toml, /workspace/isaaclab/deps/isaaclab.python.headless.rendering/user.toml, /workspace/deps/user.toml, /workspace/deps/isaaclab.python.headless.rendering/user.toml, /deps/user.toml, /deps/isaaclab.python.headless.rendering/user.toml, /deps/user.toml, /deps/isaaclab.python.headless.rendering/user.toml, /usr/share/NVIDIA Corporation/kit/kit.config.toml, /usr/share/NVIDIA Corporation/kit/isaaclab.python.headless.rendering/kit.config.toml]
2026-06-20T14:08:32Z [0ms] [Info] [omni.kit.app.plugin] Portable Root: '/isaac-sim/kit'
2026-06-20T14:08:32Z [0ms] [Info] [omni.kit.app.plugin] Tokens:
{
    "exe-filename": "python3.11",
    "local-config-path": "/workspace/robot-contact-assembly",
    "custom-config-path": "/workspace/robot-contact-assembly",
    "cli-config-path": "/workspace/robot-contact-assembly",
    "omni_config": "/isaac-sim/kit/omni_configs",
    "omni_data": "/isaac-sim/kit/data",
    "omni_logs": "/isaac-sim/kit/logs",
    "omni_cache": "/isaac-sim/kit/cache",
    "omni_global_config": "/isaac-sim/.nvidia-omniverse/config",
    "omni_global_data": "/isaac-sim/.local/share/ov/data",
    "omni_global_logs": "/isaac-sim/.nvidia-omniverse/logs",
    "omni_global_cache": "/isaac-sim/.cache/ov",
    "temp": "/tmp/carb.psB8oI",
    "kit": "/isaac-sim/kit",
    "drive": "/",
    "app": "/workspace/isaaclab/apps",
    "resources": "/isaac-sim/kit/resources",
    "fonts": "/isaac-sim/kit/resources/fonts",
    "glyphs": "/isaac-sim/kit/resources/glyphs",
    "icons": "/isaac-sim/kit/resources/icons",
    "sounds": "/isaac-sim/kit/resources/sounds",
    "models": "/isaac-sim/kit/resources/models",
    "materials": "/isaac-sim/kit/resources/materials",
    "config": "release",
    "platform": "linux-x86_64",
    "bindings_ext": ".so",
    "exe_ext": "",
    "shell_ext": ".sh",
    "lib_ext": ".so",
    "lib_prefix": "lib",
    "session_id": "17773921898043419707",
    "omni_documents": "/isaac-sim/kit/data/documents",
    "shared_documents": "/isaac-sim/kit/data/documents/Kit/shared",
    "omni_program_data": "/usr/share",
    "shared_program_data": "/usr/share/NVIDIA Corporation/kit",
    "app_program_data": "/usr/share/NVIDIA Corporation/kit/isaaclab.python.headless.rendering",
    "kit_version": "107.3.3+production.229672.69cbf6ad.gl",
    "usd_version": "24.05",
    "exe-path": "/isaac-sim/kit",
    "python_version": "3.11",
    "python": "/isaac-sim/kit/python/bin/python3",
    "kit_version_short": "107.3",
    "kit_version_major": "107",
    "kit_version_minor": "3",
    "kit_version_patch": "3",
    "kit_git_hash": "69cbf6ad",
    "app_version": "5.1.0",
    "app_version_short": "5.1",
    "app_name": "Isaac-Sim",
    "app_filename": "isaaclab.python.headless.rendering",
    "data": "/isaac-sim/kit/data/Kit/Isaac-Sim/5.1",
    "logs": "/isaac-sim/kit/logs/Kit/Isaac-Sim/5.1",
    "cache": "/isaac-sim/kit/cache/Kit/107.3/69cbf6ad",
    "appcache": "/isaac-sim/kit/cache/Kit/107.3/69cbf6ad",
    "cache_postfix": "Kit/107.3/69cbf6ad",
    "app_documents": "/isaac-sim/kit/data/documents/Kit/apps/Isaac-Sim",
    "documents": "/isaac-sim/kit/data/documents/Kit/apps/Isaac-Sim",
    "start_timestamp": "20260620_140832"
}
2026-06-20T14:08:32Z [1ms] [Info] [omni.ext.plugin] Extension path: '/isaac-sim/kit/data/Kit/Isaac-Sim/5.1/exts/3' doesn't exist.
2026-06-20T14:08:32Z [1ms] [Info] [omni.ext.plugin] Creating a new dir for extension path: '/isaac-sim/kit/data/Kit/Isaac-Sim/5.1/exts/3'
2026-06-20T14:08:32Z [1ms] [Info] [omni.ext.plugin] Extension path: '/isaac-sim/isaacsim/extsPhysics' doesn't exist.
2026-06-20T14:08:32Z [1ms] [Info] [omni.ext.plugin] Creating a new dir for extension path: '/isaac-sim/isaacsim/extsPhysics'
2026-06-20T14:08:32Z [1ms] [Info] [omni.ext.plugin] Extension path: '/isaac-sim/isaacsim/extscache' doesn't exist.
2026-06-20T14:08:32Z [1ms] [Info] [omni.ext.plugin] Creating a new dir for extension path: '/isaac-sim/isaacsim/extscache'
2026-06-20T14:08:32Z [1ms] [Info] [omni.ext.plugin] Extension path: '/isaac-sim/isaacsim/extsDeprecated' doesn't exist.
2026-06-20T14:08:32Z [1ms] [Info] [omni.ext.plugin] Creating a new dir for extension path: '/isaac-sim/isaacsim/extsDeprecated'
2026-06-20T14:08:32Z [1ms] [Info] [omni.ext.plugin] Extension path: '/isaac-sim/isaacsim/exts' doesn't exist.
2026-06-20T14:08:32Z [1ms] [Info] [omni.ext.plugin] Creating a new dir for extension path: '/isaac-sim/isaacsim/exts'
2026-06-20T14:08:32Z [1ms] [Info] [omni.ext.plugin] Extension path: '/isaac-sim/extsPhysics' doesn't exist.
2026-06-20T14:08:32Z [1ms] [Info] [omni.ext.plugin] Creating a new dir for extension path: '/isaac-sim/extsPhysics'
2026-06-20T14:08:32Z [2ms] [Info] [omni.ext.plugin] Extension path: '/isaac-sim/kit/exts' doesn't exist.
2026-06-20T14:08:32Z [2ms] [Info] [omni.ext.plugin] Creating a new dir for extension path: '/isaac-sim/kit/exts'
2026-06-20T14:08:32Z [2ms] [Info] [omni.ext.plugin] Extension path: '/isaac-sim/kit/data/documents/Kit/shared/exts' doesn't exist.
2026-06-20T14:08:32Z [2ms] [Info] [omni.ext.plugin] Creating a new dir for extension path: '/isaac-sim/kit/data/documents/Kit/shared/exts'
2026-06-20T14:08:32Z [2ms] [Info] [omni.ext.plugin] Extension path: '/isaac-sim/kit/data/documents/Kit/apps/Isaac-Sim/exts' doesn't exist.
2026-06-20T14:08:32Z [2ms] [Info] [omni.ext.plugin] Creating a new dir for extension path: '/isaac-sim/kit/data/documents/Kit/apps/Isaac-Sim/exts'
2026-06-20T14:08:32Z [2ms] [Info] [omni.ext.plugin] [ext manager] preferLocalVersions: 1
2026-06-20T14:08:32Z [2ms] [Info] [omni.ext.plugin] Extension system targets:
2026-06-20T14:08:32Z [2ms] [Info] [omni.ext.plugin]   kitHash: 69cbf6ad
2026-06-20T14:08:32Z [2ms] [Info] [omni.ext.plugin]   config: release
2026-06-20T14:08:32Z [2ms] [Info] [omni.ext.plugin]   python: cp311
2026-06-20T14:08:32Z [2ms] [Info] [omni.ext.plugin]   usd: u353f+stock+24.05+cxx11
2026-06-20T14:08:32Z [2ms] [Info] [omni.ext.plugin]   platform: linux-x86_64
2026-06-20T14:08:32Z [2ms] [Info] [omni.ext.plugin]   kit: 107.3.3
2026-06-20T14:08:32Z [2ms] [Info] [omni.ext.plugin] Searching for extensions in: '/workspace/isaaclab/apps/isaaclab.python.headless.rendering.kit' (path type: 1, dev: 0)
2026-06-20T14:08:32Z [2ms] [Info] [omni.ext.plugin] Searching for extensions in: '/isaac-sim/kit/data/Kit/Isaac-Sim/5.1/exts/3' (path type: 4, dev: 0)
2026-06-20T14:08:32Z [2ms] [Info] [omni.ext.plugin] Searching for extensions in: '/isaac-sim/apps' (path type: 0, dev: 0)
2026-06-20T14:08:32Z [2ms] [Info] [omni.ext.plugin] Searching for extensions in: '/isaac-sim/exts' (path type: 0, dev: 0)
2026-06-20T14:08:32Z [2ms] [Info] [omni.ext.plugin] [ext: isaacsim.exp.base.zero_delay-5.1.0] registered (path: /isaac-sim/apps/isaacsim.exp.base.zero_delay.kit)
2026-06-20T14:08:32Z [3ms] [Info] [omni.ext.plugin] [ext: isaacsim.exp.full.streaming-5.1.0] registered (path: /isaac-sim/apps/isaacsim.exp.full.streaming.kit)
2026-06-20T14:08:32Z [3ms] [Info] [omni.ext.plugin] [ext: isaacsim.exp.base.xr.vr-5.1.0] registered (path: /isaac-sim/apps/isaacsim.exp.base.xr.vr.kit)
2026-06-20T14:08:32Z [3ms] [Info] [omni.ext.plugin] [ext: isaacsim.exp.action_and_event_data_generation.base-0.1.5] registered (path: /isaac-sim/apps/isaacsim.exp.action_and_event_data_generation.base.kit)
2026-06-20T14:08:32Z [3ms] [Info] [omni.ext.plugin] [ext: isaacsim.exp.compatibility_check-5.1.0] registered (path: /isaac-sim/apps/isaacsim.exp.compatibility_check.kit)
2026-06-20T14:08:32Z [3ms] [Info] [omni.ext.plugin] [ext: isaacsim.exp.base.python-5.1.0] registered (path: /isaac-sim/apps/isaacsim.exp.base.python.kit)
2026-06-20T14:08:32Z [3ms] [Info] [omni.ext.plugin] [ext: isaacsim.exp.base.xr.openxr-5.1.0] registered (path: /isaac-sim/apps/isaacsim.exp.base.xr.openxr.kit)
2026-06-20T14:08:32Z [3ms] [Info] [omni.ext.plugin] [ext: isaacsim.exp.uidoc-5.1.0] registered (path: /isaac-sim/apps/isaacsim.exp.uidoc.kit)
2026-06-20T14:08:32Z [3ms] [Info] [omni.ext.plugin] [ext: isaacsim.exp.full.fabric-5.1.0] registered (path: /isaac-sim/apps/isaacsim.exp.full.fabric.kit)
2026-06-20T14:08:32Z [3ms] [Info] [omni.ext.plugin] [ext: isaacsim.exp.selector-5.1.0] registered (path: /isaac-sim/apps/isaacsim.exp.selector.kit)
2026-06-20T14:08:32Z [3ms] [Info] [omni.ext.plugin] [ext: isaacsim.exp.action_and_event_data_generation.full-0.1.5] registered (path: /isaac-sim/apps/isaacsim.exp.action_and_event_data_generation.full.kit)
2026-06-20T14:08:32Z [3ms] [Info] [omni.ext.plugin] [ext: isaacsim.exp.full-5.1.0] registered (path: /isaac-sim/apps/isaacsim.exp.full.kit)
2026-06-20T14:08:32Z [3ms] [Info] [omni.ext.plugin] [ext: isaacsim.exp.base-5.1.0] registered (path: /isaac-sim/apps/isaacsim.exp.base.kit)
2026-06-20T14:08:32Z [3ms] [Info] [omni.ext.plugin] Searching for extensions in: '/workspace/isaaclab/source' (path type: 0, dev: 0)
2026-06-20T14:08:32Z [4ms] [Info] [omni.ext.plugin] [ext: isaacsim.app.about-2.0.11] registered (path: /isaac-sim/exts/isaacsim.app.about)
2026-06-20T14:08:32Z [4ms] [Info] [omni.ext.plugin] Searching for extensions in: '/workspace/isaaclab/apps' (path type: 0, dev: 0)
2026-06-20T14:08:32Z [4ms] [Info] [omni.ext.plugin] [ext: isaacsim.app.selector-2.10.0] registered (path: /isaac-sim/exts/isaacsim.app.selector)
2026-06-20T14:08:32Z [4ms] [Info] [omni.ext.plugin] [ext: isaacsim.asset.gen.omap.ui-2.2.3] registered (path: /isaac-sim/exts/isaacsim.asset.gen.omap.ui)
2026-06-20T14:08:32Z [4ms] [Info] [omni.ext.plugin] [ext: isaacsim.asset.importer.heightmap-2.0.6] registered (path: /isaac-sim/exts/isaacsim.asset.importer.heightmap)
2026-06-20T14:08:32Z [4ms] [Info] [omni.ext.plugin] [ext: isaacsim.asset.exporter.urdf-1.3.4] registered (path: /isaac-sim/exts/isaacsim.asset.exporter.urdf)
2026-06-20T14:08:32Z [4ms] [Info] [omni.ext.plugin] [ext: isaacsim.asset.validation-1.1.0] registered (path: /isaac-sim/exts/isaacsim.asset.validation)
2026-06-20T14:08:32Z [4ms] [Info] [omni.ext.plugin] [ext: isaacsim.benchmark.services-3.1.1] registered (path: /isaac-sim/exts/isaacsim.benchmark.services)
2026-06-20T14:08:32Z [4ms] [Info] [omni.ext.plugin] Searching for extensions in: '/isaac-sim/isaacsim/extsPhysics' (path type: 0, dev: 0)
2026-06-20T14:08:32Z [4ms] [Info] [omni.ext.plugin] [ext: isaacsim.app.setup-1.6.0] registered (path: /isaac-sim/exts/isaacsim.app.setup)
2026-06-20T14:08:32Z [4ms] [Info] [omni.ext.plugin] [ext: isaacsim.asset.gen.omap-2.0.29] registered (path: /isaac-sim/exts/isaacsim.asset.gen.omap)
2026-06-20T14:08:32Z [4ms] [Info] [omni.ext.plugin] [ext: isaacsim.asset.importer.mjcf-2.5.13] registered (path: /isaac-sim/exts/isaacsim.asset.importer.mjcf)
2026-06-20T14:08:32Z [4ms] [Info] [omni.ext.plugin] [ext: isaacsim.asset.gen.conveyor.ui-2.1.17] registered (path: /isaac-sim/exts/isaacsim.asset.gen.conveyor.ui)
2026-06-20T14:08:32Z [4ms] [Info] [omni.ext.plugin] [ext: isaacsim.asset.gen.conveyor-1.0.23] registered (path: /isaac-sim/exts/isaacsim.asset.gen.conveyor)
2026-06-20T14:08:32Z [4ms] [Info] [omni.ext.plugin] Searching for extensions in: '/isaac-sim/isaacsim/extscache' (path type: 0, dev: 0)
2026-06-20T14:08:32Z [4ms] [Info] [omni.ext.plugin] [ext: isaacsim.code_editor.jupyter-1.1.1] registered (path: /isaac-sim/exts/isaacsim.code_editor.jupyter)
2026-06-20T14:08:32Z [4ms] [Info] [omni.ext.plugin] [ext: isaacsim.code_editor.vscode-1.1.0] registered (path: /isaac-sim/exts/isaacsim.code_editor.vscode)
2026-06-20T14:08:32Z [4ms] [Info] [omni.ext.plugin] [ext: isaacsim.asset.browser-1.3.23] registered (path: /isaac-sim/exts/isaacsim.asset.browser)
2026-06-20T14:08:32Z [4ms] [Info] [omni.ext.plugin] Searching for extensions in: '/isaac-sim/isaacsim/extsDeprecated' (path type: 0, dev: 0)
2026-06-20T14:08:32Z [4ms] [Info] [omni.ext.plugin] [ext: isaacsim.benchmark.examples-1.1.12] registered (path: /isaac-sim/exts/isaacsim.benchmark.examples)
2026-06-20T14:08:32Z [4ms] [Info] [omni.ext.plugin] [ext: isaacsim.asset.importer.urdf-2.4.30] registered (path: /isaac-sim/exts/isaacsim.asset.importer.urdf)
2026-06-20T14:08:32Z [4ms] [Info] [omni.ext.plugin] Searching for extensions in: '/isaac-sim/isaacsim/exts' (path type: 0, dev: 0)
2026-06-20T14:08:32Z [4ms] [Info] [omni.ext.plugin] [ext: isaacsim.core.experimental.materials-0.4.0] registered (path: /isaac-sim/exts/isaacsim.core.experimental.materials)
2026-06-20T14:08:32Z [4ms] [Info] [omni.ext.plugin] Searching for extensions in: '/isaac-sim/extsPhysics' (path type: 0, dev: 0)
2026-06-20T14:08:32Z [4ms] [Info] [omni.ext.plugin] [ext: isaacsim.core.experimental.objects-0.4.0] registered (path: /isaac-sim/exts/isaacsim.core.experimental.objects)
2026-06-20T14:08:32Z [4ms] [Info] [omni.ext.plugin] [ext: isaacsim.core.cloner-1.4.10] registered (path: /isaac-sim/exts/isaacsim.core.cloner)
2026-06-20T14:08:32Z [4ms] [Info] [omni.ext.plugin] [ext: isaacsim.core.includes-2.5.2] registered (path: /isaac-sim/exts/isaacsim.core.includes)
2026-06-20T14:08:32Z [4ms] [Info] [omni.ext.plugin] Searching for extensions in: '/isaac-sim/extscache' (path type: 0, dev: 0)
2026-06-20T14:08:32Z [4ms] [Info] [omni.ext.plugin] [ext: isaacsim.core.experimental.utils-0.3.0] registered (path: /isaac-sim/exts/isaacsim.core.experimental.utils)
2026-06-20T14:08:32Z [4ms] [Info] [omni.ext.plugin] [ext: isaacsim.core.api-4.8.0] registered (path: /isaac-sim/exts/isaacsim.core.api)
2026-06-20T14:08:32Z [4ms] [Info] [omni.ext.plugin] [ext: isaacsim.core.experimental.prims-0.8.1] registered (path: /isaac-sim/exts/isaacsim.core.experimental.prims)
2026-06-20T14:08:32Z [4ms] [Info] [omni.ext.plugin] [ext: isaacsim.core.prims-0.6.1] registered (path: /isaac-sim/exts/isaacsim.core.prims)
2026-06-20T14:08:32Z [4ms] [Info] [omni.ext.plugin] [ext: isaacsim.core.version-2.0.6] registered (path: /isaac-sim/exts/isaacsim.core.version)
2026-06-20T14:08:32Z [4ms] [Info] [omni.ext.plugin] [ext: isaacsim.core.throttling-2.2.2] registered (path: /isaac-sim/exts/isaacsim.core.throttling)
2026-06-20T14:08:32Z [4ms] [Info] [omni.ext.plugin] [ext: isaacsim.core.simulation_manager-1.4.4] registered (path: /isaac-sim/exts/isaacsim.core.simulation_manager)
2026-06-20T14:08:32Z [4ms] [Info] [omni.ext.plugin] [ext: isaacsim.cortex.behaviors-2.0.14] registered (path: /isaac-sim/exts/isaacsim.cortex.behaviors)
2026-06-20T14:08:32Z [4ms] [Info] [omni.ext.plugin] [ext: isaacsim.examples.extension-2.0.12] registered (path: /isaac-sim/exts/isaacsim.examples.extension)
2026-06-20T14:08:32Z [4ms] [Info] [omni.ext.plugin] [ext: isaacsim.examples.ui-1.1.8] registered (path: /isaac-sim/exts/isaacsim.examples.ui)
2026-06-20T14:08:32Z [4ms] [Info] [omni.ext.plugin] [ext: isaacsim.core.utils-3.5.1] registered (path: /isaac-sim/exts/isaacsim.core.utils)
2026-06-20T14:08:32Z [4ms] [Info] [omni.ext.plugin] [ext: isaacsim.examples.browser-0.2.1] registered (path: /isaac-sim/exts/isaacsim.examples.browser)
2026-06-20T14:08:32Z [4ms] [Info] [omni.ext.plugin] [ext: isaacsim.core.nodes-3.4.3] registered (path: /isaac-sim/exts/isaacsim.core.nodes)
2026-06-20T14:08:32Z [4ms] [Info] [omni.ext.plugin] [ext: isaacsim.cortex.framework-1.0.12] registered (path: /isaac-sim/exts/isaacsim.cortex.framework)
2026-06-20T14:08:32Z [4ms] [Info] [omni.ext.plugin] [ext: isaacsim.core.deprecation_manager-0.2.7] registered (path: /isaac-sim/exts/isaacsim.core.deprecation_manager)
2026-06-20T14:08:32Z [4ms] [Info] [omni.ext.plugin] [ext: isaacsim.gui.content_browser-0.1.11] registered (path: /isaac-sim/exts/isaacsim.gui.content_browser)
2026-06-20T14:08:32Z [4ms] [Info] [omni.ext.plugin] [ext: isaacsim.gui.property-1.1.3] registered (path: /isaac-sim/exts/isaacsim.gui.property)
2026-06-20T14:08:32Z [4ms] [Info] [omni.ext.plugin] [ext: isaacsim.gui.components-1.2.1] registered (path: /isaac-sim/exts/isaacsim.gui.components)
2026-06-20T14:08:32Z [4ms] [Info] [omni.ext.plugin] [ext: isaacsim.replicator.behavior.ui-1.0.5] registered (path: /isaac-sim/exts/isaacsim.replicator.behavior.ui)
2026-06-20T14:08:32Z [5ms] [Info] [omni.ext.plugin] [ext: isaacsim.replicator.domain_randomization-1.0.16] registered (path: /isaac-sim/exts/isaacsim.replicator.domain_randomization)
2026-06-20T14:08:32Z [5ms] [Info] [omni.ext.plugin] [ext: isaacsim.gui.sensors.icon-2.0.3] registered (path: /isaac-sim/exts/isaacsim.gui.sensors.icon)
2026-06-20T14:08:32Z [5ms] [Info] [omni.ext.plugin] [ext: isaacsim.replicator.behavior-1.1.16] registered (path: /isaac-sim/exts/isaacsim.replicator.behavior)
2026-06-20T14:08:32Z [5ms] [Info] [omni.ext.plugin] [ext: isaacsim.gui.menu-2.4.4] registered (path: /isaac-sim/exts/isaacsim.gui.menu)
2026-06-20T14:08:32Z [5ms] [Info] [omni.ext.plugin] [ext: isaacsim.replicator.grasping-1.0.9] registered (path: /isaac-sim/exts/isaacsim.replicator.grasping)
2026-06-20T14:08:32Z [5ms] [Info] [omni.ext.plugin] [ext: isaacsim.replicator.grasping.ui-1.0.8] registered (path: /isaac-sim/exts/isaacsim.replicator.grasping.ui)
2026-06-20T14:08:32Z [5ms] [Info] [omni.ext.plugin] [ext: isaacsim.replicator.mobility_gen.examples-0.1.9] registered (path: /isaac-sim/exts/isaacsim.replicator.mobility_gen.examples)
2026-06-20T14:08:32Z [5ms] [Info] [omni.ext.plugin] [ext: isaacsim.replicator.synthetic_recorder-2.2.17] registered (path: /isaac-sim/exts/isaacsim.replicator.synthetic_recorder)
2026-06-20T14:08:32Z [5ms] [Info] [omni.ext.plugin] [ext: isaacsim.replicator.mobility_gen-0.1.10] registered (path: /isaac-sim/exts/isaacsim.replicator.mobility_gen)
2026-06-20T14:08:32Z [5ms] [Info] [omni.ext.plugin] [ext: isaacsim.replicator.mobility_gen.ui-0.1.9] registered (path: /isaac-sim/exts/isaacsim.replicator.mobility_gen.ui)
2026-06-20T14:08:32Z [5ms] [Info] [omni.ext.plugin] [ext: isaacsim.examples.interactive-4.7.4] registered (path: /isaac-sim/exts/isaacsim.examples.interactive)
2026-06-20T14:08:32Z [5ms] [Info] [omni.ext.plugin] [ext: isaacsim.replicator.writers-1.0.17] registered (path: /isaac-sim/exts/isaacsim.replicator.writers)
2026-06-20T14:08:32Z [5ms] [Info] [omni.ext.plugin] [ext: isaacsim.robot.manipulators.examples-1.1.2] registered (path: /isaac-sim/exts/isaacsim.robot.manipulators.examples)
2026-06-20T14:08:32Z [5ms] [Info] [omni.ext.plugin] [ext: isaacsim.robot.surface_gripper.ui-3.0.2] registered (path: /isaac-sim/exts/isaacsim.robot.surface_gripper.ui)
2026-06-20T14:08:32Z [5ms] [Info] [omni.ext.plugin] [ext: isaacsim.robot.manipulators-3.3.6] registered (path: /isaac-sim/exts/isaacsim.robot.manipulators)
2026-06-20T14:08:32Z [5ms] [Info] [omni.ext.plugin] [ext: isaacsim.robot.manipulators.ui-2.1.23] registered (path: /isaac-sim/exts/isaacsim.robot.manipulators.ui)
2026-06-20T14:08:32Z [5ms] [Info] [omni.ext.plugin] [ext: isaacsim.robot.schema-3.6.0] registered (path: /isaac-sim/exts/isaacsim.robot.schema)
2026-06-20T14:08:32Z [5ms] [Info] [omni.ext.plugin] [ext: isaacsim.robot.policy.examples-4.1.11] registered (path: /isaac-sim/exts/isaacsim.robot.policy.examples)
2026-06-20T14:08:32Z [5ms] [Info] [omni.ext.plugin] [ext: isaacsim.robot_motion.lula_test_widget-1.0.12] registered (path: /isaac-sim/exts/isaacsim.robot_motion.lula_test_widget)
2026-06-20T14:08:32Z [5ms] [Info] [omni.ext.plugin] [ext: isaacsim.robot_motion.lula-4.0.8] registered (path: /isaac-sim/exts/isaacsim.robot_motion.lula)
2026-06-20T14:08:32Z [5ms] [Info] [omni.ext.plugin] [ext: isaacsim.robot.surface_gripper-3.3.1] registered (path: /isaac-sim/exts/isaacsim.robot.surface_gripper)
2026-06-20T14:08:32Z [5ms] [Info] [omni.ext.plugin] [ext: isaacsim.robot.wheeled_robots.ui-2.1.23] registered (path: /isaac-sim/exts/isaacsim.robot.wheeled_robots.ui)
2026-06-20T14:08:32Z [5ms] [Info] [omni.ext.plugin] [ext: isaacsim.robot_setup.gain_tuner-3.0.6] registered (path: /isaac-sim/exts/isaacsim.robot_setup.gain_tuner)
2026-06-20T14:08:32Z [5ms] [Info] [omni.ext.plugin] [ext: isaacsim.robot.wheeled_robots-4.0.24] registered (path: /isaac-sim/exts/isaacsim.robot.wheeled_robots)
2026-06-20T14:08:32Z [5ms] [Info] [omni.ext.plugin] [ext: isaacsim.robot_setup.assembler-3.0.11] registered (path: /isaac-sim/exts/isaacsim.robot_setup.assembler)
2026-06-20T14:08:32Z [5ms] [Info] [omni.ext.plugin] [ext: isaacsim.replicator.examples-1.3.6] registered (path: /isaac-sim/exts/isaacsim.replicator.examples)
2026-06-20T14:08:32Z [5ms] [Info] [omni.ext.plugin] [ext: isaacsim.robot_motion.motion_generation-8.0.26] registered (path: /isaac-sim/exts/isaacsim.robot_motion.motion_generation)
2026-06-20T14:08:32Z [5ms] [Info] [omni.ext.plugin] [ext: isaacsim.robot_setup.wizard-0.0.8] registered (path: /isaac-sim/exts/isaacsim.robot_setup.wizard)
2026-06-20T14:08:32Z [5ms] [Info] [omni.ext.plugin] [ext: isaacsim.robot_setup.xrdf_editor-3.1.11] registered (path: /isaac-sim/exts/isaacsim.robot_setup.xrdf_editor)
2026-06-20T14:08:32Z [5ms] [Info] [omni.ext.plugin] [ext: isaacsim.robot_setup.grasp_editor-2.0.20] registered (path: /isaac-sim/exts/isaacsim.robot_setup.grasp_editor)
2026-06-20T14:08:32Z [5ms] [Info] [omni.ext.plugin] [ext: isaacsim.ros2.tf_viewer-2.1.21] registered (path: /isaac-sim/exts/isaacsim.ros2.tf_viewer)
2026-06-20T14:08:32Z [5ms] [Info] [omni.ext.plugin] [ext: isaacsim.ros2.sim_control-1.3.2] registered (path: /isaac-sim/exts/isaacsim.ros2.sim_control)
2026-06-20T14:08:32Z [5ms] [Info] [omni.ext.plugin] [ext: isaacsim.ros2.urdf-1.1.20] registered (path: /isaac-sim/exts/isaacsim.ros2.urdf)
2026-06-20T14:08:32Z [5ms] [Info] [omni.ext.plugin] [ext: isaacsim.sensors.camera-1.3.6] registered (path: /isaac-sim/exts/isaacsim.sensors.camera)
2026-06-20T14:08:32Z [5ms] [Info] [omni.ext.plugin] [ext: isaacsim.sensors.camera.ui-0.2.2] registered (path: /isaac-sim/exts/isaacsim.sensors.camera.ui)
2026-06-20T14:08:32Z [5ms] [Info] [omni.ext.plugin] [ext: isaacsim.sensors.physics.examples-0.1.15] registered (path: /isaac-sim/exts/isaacsim.sensors.physics.examples)
2026-06-20T14:08:32Z [5ms] [Info] [omni.ext.plugin] [ext: isaacsim.sensors.physics.ui-0.1.12] registered (path: /isaac-sim/exts/isaacsim.sensors.physics.ui)
2026-06-20T14:08:32Z [5ms] [Info] [omni.ext.plugin] [ext: isaacsim.sensors.physx.examples-2.2.15] registered (path: /isaac-sim/exts/isaacsim.sensors.physx.examples)
2026-06-20T14:08:32Z [5ms] [Info] [omni.ext.plugin] [ext: isaacsim.simulation_app-2.12.2] registered (path: /isaac-sim/exts/isaacsim.simulation_app)
2026-06-20T14:08:32Z [5ms] [Info] [omni.ext.plugin] [ext: isaacsim.sensors.physics-0.4.3] registered (path: /isaac-sim/exts/isaacsim.sensors.physics)
2026-06-20T14:08:32Z [5ms] [Info] [omni.ext.plugin] [ext: isaacsim.test.docstring-1.1.0] registered (path: /isaac-sim/exts/isaacsim.test.docstring)
2026-06-20T14:08:32Z [5ms] [Info] [omni.ext.plugin] [ext: isaacsim.ros2.bridge-4.12.4] registered (path: /isaac-sim/exts/isaacsim.ros2.bridge)
2026-06-20T14:08:32Z [5ms] [Info] [omni.ext.plugin] [ext: isaacsim.sensors.rtx.ui-1.1.6] registered (path: /isaac-sim/exts/isaacsim.sensors.rtx.ui)
2026-06-20T14:08:32Z [5ms] [Info] [omni.ext.plugin] [ext: isaacsim.storage.native-1.5.1] registered (path: /isaac-sim/exts/isaacsim.storage.native)
2026-06-20T14:08:32Z [5ms] [Info] [omni.ext.plugin] [ext: isaacsim.sensors.physx-2.3.2] registered (path: /isaac-sim/exts/isaacsim.sensors.physx)
2026-06-20T14:08:32Z [5ms] [Info] [omni.ext.plugin] [ext: isaacsim.util.physics-1.1.5] registered (path: /isaac-sim/exts/isaacsim.util.physics)
2026-06-20T14:08:32Z [5ms] [Info] [omni.ext.plugin] [ext: isaacsim.sensors.rtx-15.8.4] registered (path: /isaac-sim/exts/isaacsim.sensors.rtx)
2026-06-20T14:08:32Z [5ms] [Info] [omni.ext.plugin] [ext: isaacsim.test.utils-0.5.1] registered (path: /isaac-sim/exts/isaacsim.test.utils)
2026-06-20T14:08:32Z [5ms] [Info] [omni.ext.plugin] [ext: omni.isaac.core_archive-3.0.0] registered (path: /isaac-sim/exts/omni.isaac.core_archive)
2026-06-20T14:08:32Z [5ms] [Info] [omni.ext.plugin] [ext: isaacsim.util.merge_mesh-2.0.15] registered (path: /isaac-sim/exts/isaacsim.util.merge_mesh)
2026-06-20T14:08:32Z [5ms] [Info] [omni.ext.plugin] [ext: omni.isaac.ml_archive-3.0.4] registered (path: /isaac-sim/exts/omni.isaac.ml_archive)
2026-06-20T14:08:32Z [5ms] [Info] [omni.ext.plugin] [ext: isaacsim.util.camera_inspector-1.0.16] registered (path: /isaac-sim/exts/isaacsim.util.camera_inspector)
2026-06-20T14:08:32Z [6ms] [Info] [omni.ext.plugin] [ext: omni.pip.cloud-1.4.3] registered (path: /isaac-sim/exts/omni.pip.cloud)
2026-06-20T14:08:32Z [5ms] [Info] [omni.ext.plugin] [ext: isaacsim.test.collection-2.2.1] registered (path: /isaac-sim/exts/isaacsim.test.collection)
2026-06-20T14:08:32Z [6ms] [Info] [omni.ext.plugin] [ext: omni.pip.compute-1.6.3] registered (path: /isaac-sim/exts/omni.pip.compute)
2026-06-20T14:08:32Z [6ms] [Info] [omni.ext.plugin] [ext: isaaclab-0.47.1] registered (path: /workspace/isaaclab/source/isaaclab)
2026-06-20T14:08:32Z [6ms] [Info] [omni.ext.plugin] [ext: isaaclab_assets-0.2.3] registered (path: /workspace/isaaclab/source/isaaclab_assets)
2026-06-20T14:08:32Z [6ms] [Info] [omni.ext.plugin] [ext: isaaclab_tasks-0.11.5] registered (path: /workspace/isaaclab/source/isaaclab_tasks)
2026-06-20T14:08:32Z [6ms] [Info] [omni.ext.plugin] [ext: isaaclab_mimic-1.0.15] registered (path: /workspace/isaaclab/source/isaaclab_mimic)
2026-06-20T14:08:32Z [6ms] [Info] [omni.ext.plugin] [ext: omni.kit.loop-isaac-1.3.7] registered (path: /isaac-sim/exts/omni.kit.loop-isaac)
2026-06-20T14:08:32Z [5ms] [Info] [omni.ext.plugin] [ext: isaacsim.sensors.physx.ui-2.3.0] registered (path: /isaac-sim/exts/isaacsim.sensors.physx.ui)
2026-06-20T14:08:32Z [6ms] [Info] [omni.ext.plugin] [ext: isaaclab_rl-0.4.4] registered (path: /workspace/isaaclab/source/isaaclab_rl)
2026-06-20T14:08:32Z [6ms] [Info] [omni.ext.plugin] [ext: isaacsim_4_5-0.0.0] registered (path: /workspace/isaaclab/apps/isaacsim_4_5)
2026-06-20T14:08:32Z [6ms] [Info] [omni.ext.plugin] [ext: rendering_modes-0.0.0] registered (path: /workspace/isaaclab/apps/rendering_modes)
2026-06-20T14:08:32Z [6ms] [Info] [omni.ext.plugin] [ext: isaaclab.python.xr.openxr.headless-2.3.0] registered (path: /workspace/isaaclab/apps/isaaclab.python.xr.openxr.headless.kit)
2026-06-20T14:08:32Z [6ms] [Info] [omni.ext.plugin] [ext: isaaclab.python.xr.openxr-2.3.0] registered (path: /workspace/isaaclab/apps/isaaclab.python.xr.openxr.kit)
2026-06-20T14:08:32Z [6ms] [Info] [omni.ext.plugin] [ext: isaaclab.python.rendering-2.3.0] registered (path: /workspace/isaaclab/apps/isaaclab.python.rendering.kit)
2026-06-20T14:08:32Z [6ms] [Info] [omni.ext.plugin] [ext: isaaclab.python.headless-2.3.0] registered (path: /workspace/isaaclab/apps/isaaclab.python.headless.kit)
2026-06-20T14:08:32Z [6ms] [Info] [omni.ext.plugin] [ext: isaaclab.python-2.3.0] registered (path: /workspace/isaaclab/apps/isaaclab.python.kit)
2026-06-20T14:08:32Z [10ms] [Info] [omni.ext.plugin] Searching for extensions in: '/isaac-sim/extsDeprecated' (path type: 0, dev: 0)
2026-06-20T14:08:32Z [10ms] [Info] [omni.ext.plugin] [ext: carb.audio-0.1.0] registered (path: /isaac-sim/extscache/carb.audio-0.1.0+69cbf6ad.lx64.r.cp311)
2026-06-20T14:08:32Z [10ms] [Info] [omni.ext.plugin] [ext: isaacsim.xr.openxr-1.0.0] registered (path: /isaac-sim/extscache/isaacsim.xr.openxr-1.0.0+lx64.r.cp311)
2026-06-20T14:08:32Z [10ms] [Info] [omni.ext.plugin] [ext: omni.activity.core-1.0.3] registered (path: /isaac-sim/extscache/omni.activity.core-1.0.3+69cbf6ad.lx64.r.cp311)
2026-06-20T14:08:32Z [10ms] [Info] [omni.ext.plugin] [ext: carb.windowing.plugins-1.0.0] registered (path: /isaac-sim/extscache/carb.windowing.plugins-1.0.0+69cbf6ad.lx64.r)
2026-06-20T14:08:32Z [10ms] [Info] [omni.ext.plugin] [ext: isaacsim.action_and_event_data_generation.setup-0.0.9] registered (path: /isaac-sim/extscache/isaacsim.action_and_event_data_generation.setup-0.0.9)
2026-06-20T14:08:32Z [10ms] [Info] [omni.ext.plugin] [ext: isaacsim.anim.robot-0.0.15] registered (path: /isaac-sim/extscache/isaacsim.anim.robot-0.0.15+107.3.3)
2026-06-20T14:08:32Z [10ms] [Info] [omni.ext.plugin] [ext: isaacsim.replicator.incident-0.1.28] registered (path: /isaac-sim/extscache/isaacsim.replicator.incident-0.1.28+107.3.3.lx64)
2026-06-20T14:08:32Z [10ms] [Info] [omni.ext.plugin] [ext: isaacsim.util.debug_draw-3.1.0] registered (path: /isaac-sim/extscache/isaacsim.util.debug_draw-3.1.0+107.3.2.lx64.r.cp311)
2026-06-20T14:08:32Z [10ms] [Info] [omni.ext.plugin] [ext: isaacsim.replicator.agent.ui-0.7.11] registered (path: /isaac-sim/extscache/isaacsim.replicator.agent.ui-0.7.11+107.3.3)
2026-06-20T14:08:32Z [10ms] [Info] [omni.ext.plugin] [ext: isaacsim.xr.input_devices-1.0.2] registered (path: /isaac-sim/extscache/isaacsim.xr.input_devices-1.0.2+107.3.2.lx64)
2026-06-20T14:08:32Z [10ms] [Info] [omni.ext.plugin] [ext: isaacsim.sensors.rtx.placement-0.6.14] registered (path: /isaac-sim/extscache/isaacsim.sensors.rtx.placement-0.6.14+107.3.3)
2026-06-20T14:08:32Z [10ms] [Info] [omni.ext.plugin] [ext: isaacsim.replicator.object-0.4.13] registered (path: /isaac-sim/extscache/isaacsim.replicator.object-0.4.13+107.3.3.lx64)
2026-06-20T14:08:32Z [10ms] [Info] [omni.ext.plugin] [ext: isaacsim.app.compatibility_check-1.1.1] registered (path: /isaac-sim/extscache/isaacsim.app.compatibility_check-1.1.1+107.3.2.lx64.r.cp311)
2026-06-20T14:08:32Z [11ms] [Info] [omni.ext.plugin] [ext: isaacsim.replicator.caption.core-0.0.32] registered (path: /isaac-sim/extscache/isaacsim.replicator.caption.core-0.0.32+107.3.3)
2026-06-20T14:08:32Z [11ms] [Info] [omni.ext.plugin] [ext: omni.activity.profiler-1.0.4] registered (path: /isaac-sim/extscache/omni.activity.profiler-1.0.4+69cbf6ad.lx64.r.cp311)
2026-06-20T14:08:32Z [11ms] [Info] [omni.ext.plugin] [ext: isaacsim.replicator.agent.core-0.7.28] registered (path: /isaac-sim/extscache/isaacsim.replicator.agent.core-0.7.28+107.3.3)
2026-06-20T14:08:32Z [11ms] [Info] [omni.ext.plugin] [ext: omni.anim.curve.bundle-1.2.3] registered (path: /isaac-sim/extscache/omni.anim.curve.bundle-1.2.3+107.3.2.u353)
2026-06-20T14:08:32Z [11ms] [Info] [omni.ext.plugin] [ext: omni.activity.pump-1.0.1] registered (path: /isaac-sim/extscache/omni.activity.pump-1.0.1+69cbf6ad.lx64.r.cp311)
2026-06-20T14:08:32Z [11ms] [Info] [omni.ext.plugin] [ext: omni.activity.ui-1.1.3] registered (path: /isaac-sim/extscache/omni.activity.ui-1.1.3+69cbf6ad.lx64.r.cp311)
2026-06-20T14:08:32Z [11ms] [Info] [omni.ext.plugin] [ext: omni.anim.asset-107.3.0] registered (path: /isaac-sim/extscache/omni.anim.asset-107.3.0+107.3.0.lx64.r.u353)
2026-06-20T14:08:32Z [11ms] [Info] [omni.ext.plugin] [ext: omni.activity.usd_resolver-1.0.4] registered (path: /isaac-sim/extscache/omni.activity.usd_resolver-1.0.4+69cbf6ad.lx64.r.cp311)
2026-06-20T14:08:32Z [11ms] [Info] [omni.ext.plugin] [ext: omni.anim.behavior.schema-107.3.0] registered (path: /isaac-sim/extscache/omni.anim.behavior.schema-107.3.0+107.3.0.lx64.r.cp311.u353)
2026-06-20T14:08:32Z [11ms] [Info] [omni.ext.plugin] [ext: omni.anim.graph.bundle-107.3.3] registered (path: /isaac-sim/extscache/omni.anim.graph.bundle-107.3.3+107.3.3)
2026-06-20T14:08:32Z [11ms] [Info] [omni.ext.plugin] [ext: omni.anim.curve.ui-1.4.1] registered (path: /isaac-sim/extscache/omni.anim.curve.ui-1.4.1+107.3.1.u353)
2026-06-20T14:08:32Z [11ms] [Info] [omni.ext.plugin] [ext: omni.anim.navigation.bundle-107.3.3] registered (path: /isaac-sim/extscache/omni.anim.navigation.bundle-107.3.3+107.3.3)
2026-06-20T14:08:32Z [11ms] [Info] [omni.ext.plugin] [ext: omni.anim.curve_editor-106.4.1] registered (path: /isaac-sim/extscache/omni.anim.curve_editor-106.4.1+107.2.0.u353)
2026-06-20T14:08:32Z [11ms] [Info] [omni.ext.plugin] [ext: omni.anim.graph.schema-107.3.3] registered (path: /isaac-sim/extscache/omni.anim.graph.schema-107.3.3+107.3.3.lx64.r.cp311.u353)
2026-06-20T14:08:32Z [11ms] [Info] [omni.ext.plugin] [ext: omni.anim.curve.core-1.3.1] registered (path: /isaac-sim/extscache/omni.anim.curve.core-1.3.1+107.2.0.lx64.r.cp311.u353)
2026-06-20T14:08:32Z [11ms] [Info] [omni.ext.plugin] [ext: omni.anim.graph.core-107.3.4] registered (path: /isaac-sim/extscache/omni.anim.graph.core-107.3.4+107.3.3.lx64.r.cp311.u353)
2026-06-20T14:08:32Z [11ms] [Info] [omni.ext.plugin] [ext: omni.anim.navigation.schema-107.3.3] registered (path: /isaac-sim/extscache/omni.anim.navigation.schema-107.3.3+107.3.3.lx64.r.cp311.u353)
2026-06-20T14:08:32Z [11ms] [Info] [omni.ext.plugin] [ext: omni.anim.retarget.bundle-107.3.3] registered (path: /isaac-sim/extscache/omni.anim.retarget.bundle-107.3.3+107.3.3)
2026-06-20T14:08:32Z [11ms] [Info] [omni.ext.plugin] [ext: omni.anim.graph.ui-107.3.3] registered (path: /isaac-sim/extscache/omni.anim.graph.ui-107.3.3+107.3.3)
2026-06-20T14:08:32Z [11ms] [Info] [omni.ext.plugin] [ext: omni.anim.navigation.ui-107.3.6] registered (path: /isaac-sim/extscache/omni.anim.navigation.ui-107.3.6+107.3.3)
2026-06-20T14:08:32Z [11ms] [Info] [omni.ext.plugin] [ext: omni.anim.people-0.7.9] registered (path: /isaac-sim/extscache/omni.anim.people-0.7.9+107.3.3)
2026-06-20T14:08:32Z [11ms] [Info] [omni.ext.plugin] [ext: omni.anim.retarget.core-107.3.3] registered (path: /isaac-sim/extscache/omni.anim.retarget.core-107.3.3+107.3.3.lx64.r.cp311.u353)
2026-06-20T14:08:32Z [11ms] [Info] [omni.ext.plugin] [ext: omni.anim.retarget.preview-107.3.3] registered (path: /isaac-sim/extscache/omni.anim.retarget.preview-107.3.3+107.3.3)
2026-06-20T14:08:32Z [11ms] [Info] [omni.ext.plugin] [ext: omni.anim.timeline-107.0.0] registered (path: /isaac-sim/extscache/omni.anim.timeline-107.0.0+107.3.2.lx64.r.cp311.u353)
2026-06-20T14:08:32Z [11ms] [Info] [omni.ext.plugin] [ext: omni.anim.shared.core-107.0.1] registered (path: /isaac-sim/extscache/omni.anim.shared.core-107.0.1+107.2.0.lx64.r.cp311.u353)
2026-06-20T14:08:32Z [11ms] [Info] [omni.ext.plugin] [ext: omni.anim.widget.timeline-0.1.14] registered (path: /isaac-sim/extscache/omni.anim.widget.timeline-0.1.14+107.3.2.u353)
2026-06-20T14:08:32Z [11ms] [Info] [omni.ext.plugin] [ext: omni.anim.retarget.ui-107.3.3] registered (path: /isaac-sim/extscache/omni.anim.retarget.ui-107.3.3+107.3.3)
2026-06-20T14:08:32Z [11ms] [Info] [omni.ext.plugin] [ext: omni.anim.window.timeline-106.5.0] registered (path: /isaac-sim/extscache/omni.anim.window.timeline-106.5.0+107.3.1.u353)
2026-06-20T14:08:32Z [11ms] [Info] [omni.ext.plugin] [ext: omni.anim.skelJoint-107.3.3] registered (path: /isaac-sim/extscache/omni.anim.skelJoint-107.3.3+107.3.3.lx64.r.cp311.u353)
2026-06-20T14:08:32Z [11ms] [Info] [omni.ext.plugin] [ext: omni.anim.navigation.core-107.3.8] registered (path: /isaac-sim/extscache/omni.anim.navigation.core-107.3.8+107.3.3.lx64.r.cp311.u353)
2026-06-20T14:08:32Z [11ms] [Info] [omni.ext.plugin] Searching for extensions in: '/isaac-sim/kit/extscore' (path type: 0, dev: 0)
2026-06-20T14:08:32Z [11ms] [Info] [omni.ext.plugin] [ext: omni.assets.plugins-0.0.0] registered (path: /isaac-sim/extscache/omni.assets.plugins-0.0.0+69cbf6ad.lx64.r)
2026-06-20T14:08:32Z [11ms] [Info] [omni.ext.plugin] [ext: omni.blobkey-1.1.2] registered (path: /isaac-sim/extscache/omni.blobkey-1.1.2+69cbf6ad.lx64.r)
2026-06-20T14:08:32Z [11ms] [Info] [omni.ext.plugin] [ext: omni.appwindow-1.1.10] registered (path: /isaac-sim/extscache/omni.appwindow-1.1.10+69cbf6ad.lx64.r.cp311)
2026-06-20T14:08:32Z [11ms] [Info] [omni.ext.plugin] [ext: omni.client-1.3.0] registered (path: /isaac-sim/extscache/omni.client-1.3.0+69cbf6ad.lx64.r)
2026-06-20T14:08:32Z [11ms] [Info] [omni.ext.plugin] [ext: omni.asset_validator.core-1.1.6] registered (path: /isaac-sim/extscache/omni.asset_validator.core-1.1.6)
2026-06-20T14:08:32Z [11ms] [Info] [omni.ext.plugin] Searching for extensions in: '/isaac-sim/kit/exts' (path type: 0, dev: 0)
2026-06-20T14:08:32Z [11ms] [Info] [omni.ext.plugin] [ext: omni.asset_validator.ui-1.1.6] registered (path: /isaac-sim/extscache/omni.asset_validator.ui-1.1.6)
2026-06-20T14:08:32Z [11ms] [Info] [omni.ext.plugin] [ext: omni.convexdecomposition-107.3.26] registered (path: /isaac-sim/extscache/omni.convexdecomposition-107.3.26+107.3.3.lx64.r.cp311.u353)
2026-06-20T14:08:32Z [11ms] [Info] [omni.ext.plugin] Searching for extensions in: '/isaac-sim/kit/data/documents/Kit/shared/exts' (path type: 0, dev: 0)
2026-06-20T14:08:32Z [11ms] [Info] [omni.ext.plugin] [ext: omni.cuopt.service-1.3.0] registered (path: /isaac-sim/extscache/omni.cuopt.service-1.3.0+107.3.2)
2026-06-20T14:08:32Z [11ms] [Info] [omni.ext.plugin] [ext: omni.cuopt.visualization-1.3.0] registered (path: /isaac-sim/extscache/omni.cuopt.visualization-1.3.0+107.3.2)
2026-06-20T14:08:32Z [11ms] [Info] [omni.ext.plugin] [ext: omni.cuopt.examples-1.3.0] registered (path: /isaac-sim/extscache/omni.cuopt.examples-1.3.0+107.3.2)
2026-06-20T14:08:32Z [11ms] [Info] [omni.ext.plugin] Searching for extensions in: '/isaac-sim/kit/data/documents/Kit/apps/Isaac-Sim/exts' (path type: 0, dev: 0)
2026-06-20T14:08:32Z [11ms] [Info] [omni.ext.plugin] [ext: omni.curve.creator-107.0.1] registered (path: /isaac-sim/extscache/omni.curve.creator-107.0.1+107.0.3.lx64.r.cp311.u353)
2026-06-20T14:08:32Z [11ms] [Info] [omni.ext.plugin] Searching for extensions in: '/isaac-sim/kit/apps' (path type: 0, dev: 0)
2026-06-20T14:08:32Z [12ms] [Info] [omni.ext.plugin] [ext: omni.debugdraw-0.1.4] registered (path: /isaac-sim/extscache/omni.debugdraw-0.1.4+69cbf6ad.lx64.r.cp311)
2026-06-20T14:08:32Z [12ms] [Info] [omni.ext.plugin] [ext: omni.fabric.commands-1.1.6] registered (path: /isaac-sim/extscache/omni.fabric.commands-1.1.6+69cbf6ad.lx64.r.cp311)
2026-06-20T14:08:32Z [12ms] [Info] [omni.ext.plugin] [ext: omni.gpu_foundation.shadercache.vulkan-1.0.0] registered (path: /isaac-sim/extscache/omni.gpu_foundation.shadercache.vulkan-1.0.0+69cbf6ad.lx64.r)
2026-06-20T14:08:32Z [12ms] [Info] [omni.ext.plugin] [ext: omni.datastore-0.0.0] registered (path: /isaac-sim/extscache/omni.datastore-0.0.0+69cbf6ad.lx64.r)
2026-06-20T14:08:32Z [12ms] [Info] [omni.ext.plugin] [ext: omni.gpucompute.plugins-0.0.0] registered (path: /isaac-sim/extscache/omni.gpucompute.plugins-0.0.0+69cbf6ad.lx64.r)
2026-06-20T14:08:32Z [12ms] [Info] [omni.ext.plugin] [ext: omni.genproc.core-107.0.3] registered (path: /isaac-sim/extscache/omni.genproc.core-107.0.3+107.0.3.lx64.r.cp311.u353)
2026-06-20T14:08:32Z [12ms] [Info] [omni.ext.plugin] [ext: omni.graph.action-1.130.0] registered (path: /isaac-sim/extscache/omni.graph.action-1.130.0+107.3.0)
2026-06-20T14:08:32Z [12ms] [Info] [omni.ext.plugin] [ext: omni.flowusd-107.1.8] registered (path: /isaac-sim/extscache/omni.flowusd-107.1.8+107.1.0.lx64.r.cp311.u353)
2026-06-20T14:08:32Z [12ms] [Info] [omni.ext.plugin] [ext: omni.curve.manipulator-107.0.4] registered (path: /isaac-sim/extscache/omni.curve.manipulator-107.0.4+107.0.3.lx64.r.cp311.u353)
2026-06-20T14:08:32Z [12ms] [Info] [omni.ext.plugin] [ext: omni.graph-1.141.2] registered (path: /isaac-sim/extscache/omni.graph-1.141.2+69cbf6ad.lx64.r.cp311)
2026-06-20T14:08:32Z [12ms] [Info] [omni.ext.plugin] [ext: omni.graph.action_core-1.1.7] registered (path: /isaac-sim/extscache/omni.graph.action_core-1.1.7+69cbf6ad.lx64.r.cp311)
2026-06-20T14:08:32Z [12ms] [Info] [omni.ext.plugin] [ext: omni.gpu_foundation-0.0.0] registered (path: /isaac-sim/extscache/omni.gpu_foundation-0.0.0+69cbf6ad.lx64.r.cp311)
2026-06-20T14:08:32Z [12ms] [Info] [omni.ext.plugin] [ext: omni.graph.action_nodes_core-1.2.0] registered (path: /isaac-sim/extscache/omni.graph.action_nodes_core-1.2.0+107.3.0.lx64.r.cp311.u353)
2026-06-20T14:08:32Z [12ms] [Info] [omni.ext.plugin] [ext: omni.graph.bundle.action-2.30.0] registered (path: /isaac-sim/extscache/omni.graph.bundle.action-2.30.0+107.3.0)
2026-06-20T14:08:32Z [12ms] [Info] [omni.ext.plugin] [ext: omni.graph.exec-0.9.6] registered (path: /isaac-sim/extscache/omni.graph.exec-0.9.6+69cbf6ad.lx64.r)
2026-06-20T14:08:32Z [12ms] [Info] [omni.ext.plugin] [ext: omni.graph.core-2.184.5] registered (path: /isaac-sim/extscache/omni.graph.core-2.184.5+69cbf6ad.lx64.r)
2026-06-20T14:08:32Z [12ms] [Info] [omni.ext.plugin] [ext: omni.graph.image.core-0.6.1] registered (path: /isaac-sim/extscache/omni.graph.image.core-0.6.1+69cbf6ad.lx64.r)
2026-06-20T14:08:32Z [12ms] [Info] [omni.ext.plugin] [ext: omni.graph.examples.cpp-1.50.2] registered (path: /isaac-sim/extscache/omni.graph.examples.cpp-1.50.2+107.3.0.lx64.r.cp311.u353)
2026-06-20T14:08:32Z [12ms] [Info] [omni.ext.plugin] [ext: omni.graph.action_nodes-1.50.4] registered (path: /isaac-sim/extscache/omni.graph.action_nodes-1.50.4+107.3.0.lx64.r.cp311.u353)
2026-06-20T14:08:32Z [12ms] [Info] [omni.ext.plugin] [ext: omni.graph.image.nodes-1.3.1] registered (path: /isaac-sim/extscache/omni.graph.image.nodes-1.3.1+69cbf6ad.lx64.r)
2026-06-20T14:08:32Z [12ms] [Info] [omni.ext.plugin] [ext: omni.graph.io-1.30.1] registered (path: /isaac-sim/extscache/omni.graph.io-1.30.1+107.3.0)
2026-06-20T14:08:32Z [12ms] [Info] [omni.ext.plugin] [ext: omni.graph.nodes_core-1.1.0] registered (path: /isaac-sim/extscache/omni.graph.nodes_core-1.1.0+107.3.0.lx64.r.cp311.u353)
2026-06-20T14:08:32Z [12ms] [Info] [omni.ext.plugin] [ext: omni.graph.tools-1.79.2] registered (path: /isaac-sim/extscache/omni.graph.tools-1.79.2+69cbf6ad)
2026-06-20T14:08:32Z [12ms] [Info] [omni.ext.plugin] [ext: omni.graph.nodes-1.170.10] registered (path: /isaac-sim/extscache/omni.graph.nodes-1.170.10+107.3.0.lx64.r.cp311.u353)
2026-06-20T14:08:32Z [12ms] [Info] [omni.ext.plugin] [ext: omni.graph.scriptnode-1.50.0] registered (path: /isaac-sim/extscache/omni.graph.scriptnode-1.50.0+107.3.0)
2026-06-20T14:08:32Z [12ms] [Info] [omni.ext.plugin] [ext: omni.graph.telemetry-2.40.2] registered (path: /isaac-sim/extscache/omni.graph.telemetry-2.40.2+107.3.0.lx64.r.cp311.u353)
2026-06-20T14:08:32Z [12ms] [Info] [omni.ext.plugin] [ext: omni.graph.visualization.nodes-2.1.3] registered (path: /isaac-sim/extscache/omni.graph.visualization.nodes-2.1.3)
2026-06-20T14:08:32Z [12ms] [Info] [omni.ext.plugin] [ext: omni.hydra.iray.shadercache.vulkan-1.0.0] registered (path: /isaac-sim/extscache/omni.hydra.iray.shadercache.vulkan-1.0.0+69cbf6ad.lx64.r)
2026-06-20T14:08:32Z [12ms] [Info] [omni.ext.plugin] [ext: omni.hydra.engine.stats-1.0.3] registered (path: /isaac-sim/extscache/omni.hydra.engine.stats-1.0.3+69cbf6ad.lx64.r.cp311)
2026-06-20T14:08:32Z [12ms] [Info] [omni.ext.plugin] [ext: omni.hsscclient-1.1.2] registered (path: /isaac-sim/extscache/omni.hsscclient-1.1.2+69cbf6ad.lx64.r.cp311)
2026-06-20T14:08:32Z [12ms] [Info] [omni.ext.plugin] [ext: omni.graph.window.generic-1.50.2] registered (path: /isaac-sim/extscache/omni.graph.window.generic-1.50.2+107.3.0)
2026-06-20T14:08:32Z [12ms] [Info] [omni.ext.plugin] [ext: omni.graph.ui-1.101.6] registered (path: /isaac-sim/extscache/omni.graph.ui-1.101.6+107.3.0.lx64.r.cp311)
2026-06-20T14:08:32Z [12ms] [Info] [omni.ext.plugin] [ext: omni.graph.ui_nodes-1.50.5] registered (path: /isaac-sim/extscache/omni.graph.ui_nodes-1.50.5+107.3.0.lx64.r.cp311.u353)
2026-06-20T14:08:32Z [12ms] [Info] [omni.ext.plugin] [ext: omni.graph.window.action-1.50.2] registered (path: /isaac-sim/extscache/omni.graph.window.action-1.50.2+107.3.0)
2026-06-20T14:08:32Z [12ms] [Info] [omni.ext.plugin] [ext: omni.graph.window.core-2.0.0] registered (path: /isaac-sim/extscache/omni.graph.window.core-2.0.0+107.3.0)
2026-06-20T14:08:32Z [12ms] [Info] [omni.ext.plugin] [ext: omni.hydra.rtx.shadercache.vulkan-1.0.0] registered (path: /isaac-sim/extscache/omni.hydra.rtx.shadercache.vulkan-1.0.0+69cbf6ad.lx64.r)
2026-06-20T14:08:32Z [12ms] [Info] [omni.ext.plugin] [ext: omni.hydra.scene_api-0.1.2] registered (path: /isaac-sim/extscache/omni.hydra.scene_api-0.1.2+69cbf6ad.lx64.r.cp311)
2026-06-20T14:08:32Z [12ms] [Info] [omni.ext.plugin] [ext: omni.hydra.scene_delegate-0.3.4] registered (path: /isaac-sim/extscache/omni.hydra.scene_delegate-0.3.4+69cbf6ad.lx64.r)
2026-06-20T14:08:32Z [12ms] [Info] [omni.ext.plugin] [ext: omni.importer.onshape-1.0.1] registered (path: /isaac-sim/extscache/omni.importer.onshape-1.0.1+107.3.0)
2026-06-20T14:08:32Z [12ms] [Info] [omni.ext.plugin] [ext: omni.index.libs-380600.8087.0] registered (path: /isaac-sim/extscache/omni.index.libs-380600.8087.0+69cbf6ad.lx64.r)
2026-06-20T14:08:32Z [12ms] [Info] [omni.ext.plugin] [ext: omni.hydra.usdrt_delegate-7.5.1] registered (path: /isaac-sim/extscache/omni.hydra.usdrt_delegate-7.5.1+69cbf6ad.lx64.r.cp311)
2026-06-20T14:08:32Z [12ms] [Info] [omni.ext.plugin] [ext: omni.index-1.0.1] registered (path: /isaac-sim/extscache/omni.index-1.0.1+69cbf6ad.lx64.r)
2026-06-20T14:08:32Z [12ms] [Info] [omni.ext.plugin] [ext: omni.hydra.rtx-1.0.0] registered (path: /isaac-sim/extscache/omni.hydra.rtx-1.0.0+69cbf6ad.lx64.r)
2026-06-20T14:08:32Z [12ms] [Info] [omni.ext.plugin] [ext: omni.app.viewport-1.0.0] registered (path: /isaac-sim/kit/apps/omni.app.viewport.kit)
2026-06-20T14:08:32Z [12ms] [Info] [omni.ext.plugin] [ext: omni.inspect-1.0.2] registered (path: /isaac-sim/extscache/omni.inspect-1.0.2+69cbf6ad.lx64.r.cp311)
2026-06-20T14:08:32Z [13ms] [Info] [omni.ext.plugin] [ext: omni.kit.actions.core-1.0.0] registered (path: /isaac-sim/extscache/omni.kit.actions.core-1.0.0+69cbf6ad.lx64.r.cp311)
2026-06-20T14:08:32Z [13ms] [Info] [omni.ext.plugin] [ext: omni.iray.libs-0.0.0] registered (path: /isaac-sim/extscache/omni.iray.libs-0.0.0+69cbf6ad.lx64.r)
2026-06-20T14:08:32Z [13ms] [Info] [omni.ext.plugin] [ext: omni.kit.actions.window-1.1.3] registered (path: /isaac-sim/extscache/omni.kit.actions.window-1.1.3+69cbf6ad)
2026-06-20T14:08:32Z [13ms] [Info] [omni.ext.plugin] [ext: omni.kit.audiodeviceenum-1.0.2] registered (path: /isaac-sim/extscache/omni.kit.audiodeviceenum-1.0.2+69cbf6ad.lx64.r.cp311)
2026-06-20T14:08:32Z [13ms] [Info] [omni.ext.plugin] [ext: omni.kit.browser.folder.core-1.10.9] registered (path: /isaac-sim/extscache/omni.kit.browser.folder.core-1.10.9)
2026-06-20T14:08:32Z [13ms] [Info] [omni.ext.plugin] [ext: omni.kit.browser.core-2.3.13] registered (path: /isaac-sim/extscache/omni.kit.browser.core-2.3.13)
2026-06-20T14:08:32Z [13ms] [Info] [omni.ext.plugin] [ext: omni.app.mini-0.1.1] registered (path: /isaac-sim/kit/apps/omni.app.mini.kit)
2026-06-20T14:08:32Z [13ms] [Info] [omni.ext.plugin] [ext: omni.kit.asset_converter-5.0.17] registered (path: /isaac-sim/extscache/omni.kit.asset_converter-5.0.17+107.3.1.lx64.r.cp311.u353)
2026-06-20T14:08:32Z [13ms] [Info] [omni.ext.plugin] [ext: omni.kit.browser.asset-1.3.12] registered (path: /isaac-sim/extscache/omni.kit.browser.asset-1.3.12)
2026-06-20T14:08:32Z [13ms] [Info] [omni.ext.plugin] [ext: omni.kit.browser.sample-1.4.9] registered (path: /isaac-sim/extscache/omni.kit.browser.sample-1.4.9)
2026-06-20T14:08:32Z [13ms] [Info] [omni.ext.plugin] [ext: omni.kit.clipboard-1.0.5] registered (path: /isaac-sim/extscache/omni.kit.clipboard-1.0.5+69cbf6ad.lx64.r.cp311)
2026-06-20T14:08:32Z [13ms] [Info] [omni.ext.plugin] [ext: omni.kit.browser.material-1.6.2] registered (path: /isaac-sim/extscache/omni.kit.browser.material-1.6.2)
2026-06-20T14:08:32Z [13ms] [Info] [omni.ext.plugin] [ext: omni.kit.collaboration.channel_manager-1.0.14] registered (path: /isaac-sim/extscache/omni.kit.collaboration.channel_manager-1.0.14+69cbf6ad)
2026-06-20T14:08:32Z [13ms] [Info] [omni.ext.plugin] [ext: omni.kit.collaboration.presence_layer-1.1.2] registered (path: /isaac-sim/extscache/omni.kit.collaboration.presence_layer-1.1.2+69cbf6ad)
2026-06-20T14:08:32Z [13ms] [Info] [omni.ext.plugin] [ext: omni.kit.capture.viewport-1.7.5] registered (path: /isaac-sim/extscache/omni.kit.capture.viewport-1.7.5+69cbf6ad)
2026-06-20T14:08:32Z [13ms] [Info] [omni.ext.plugin] [ext: omni.kit.collaboration.telemetry-1.1.0] registered (path: /isaac-sim/extscache/omni.kit.collaboration.telemetry-1.1.0+69cbf6ad.lx64.r.cp311)
2026-06-20T14:08:32Z [13ms] [Info] [omni.ext.plugin] [ext: omni.kit.commands-1.4.10] registered (path: /isaac-sim/extscache/omni.kit.commands-1.4.10+69cbf6ad.lx64.r.cp311)
2026-06-20T14:08:32Z [13ms] [Info] [omni.ext.plugin] [ext: omni.kit.converter.cad-205.0.0] registered (path: /isaac-sim/extscache/omni.kit.converter.cad-205.0.0+107.3.1.u353)
2026-06-20T14:08:32Z [13ms] [Info] [omni.ext.plugin] [ext: omni.kit.context_menu-1.8.6] registered (path: /isaac-sim/extscache/omni.kit.context_menu-1.8.6+69cbf6ad)
2026-06-20T14:08:32Z [13ms] [Info] [omni.ext.plugin] [ext: omni.kit.converter.dgn-509.1.0] registered (path: /isaac-sim/extscache/omni.kit.converter.dgn-509.1.0+107.3.1.u353)
2026-06-20T14:08:32Z [13ms] [Info] [omni.ext.plugin] [ext: omni.kit.converter.hoops-509.1.0] registered (path: /isaac-sim/extscache/omni.kit.converter.hoops-509.1.0+107.3.1.u353)
2026-06-20T14:08:32Z [13ms] [Info] [omni.ext.plugin] [ext: omni.kit.converter.jt-508.1.0] registered (path: /isaac-sim/extscache/omni.kit.converter.jt-508.1.0+107.3.1.u353)
2026-06-20T14:08:32Z [13ms] [Info] [omni.ext.plugin] [ext: omni.kit.converter.common-507.1.2] registered (path: /isaac-sim/extscache/omni.kit.converter.common-507.1.2+107.3.1.u353)
2026-06-20T14:08:32Z [13ms] [Info] [omni.ext.plugin] [ext: omni.kit.core.collection-0.2.3] registered (path: /isaac-sim/extscache/omni.kit.core.collection-0.2.3)
2026-06-20T14:08:32Z [13ms] [Info] [omni.ext.plugin] [ext: omni.app.hydra-1.0.0] registered (path: /isaac-sim/kit/apps/omni.app.hydra.kit)
2026-06-20T14:08:32Z [13ms] [Info] [omni.ext.plugin] [ext: omni.kit.converter.hoops_core-509.1.0] registered (path: /isaac-sim/extscache/omni.kit.converter.hoops_core-509.1.0+107.3.1.lx64.r.cp311.u353)
2026-06-20T14:08:32Z [13ms] [Info] [omni.ext.plugin] [ext: omni.kit.converter.dgn_core-510.1.0] registered (path: /isaac-sim/extscache/omni.kit.converter.dgn_core-510.1.0+107.3.1.lx64.r.cp311.u353)
2026-06-20T14:08:32Z [13ms] [Info] [omni.ext.plugin] [ext: omni.kit.data2ui.core-1.1.2] registered (path: /isaac-sim/extscache/omni.kit.data2ui.core-1.1.2+107.0)
2026-06-20T14:08:32Z [13ms] [Info] [omni.ext.plugin] [ext: omni.kit.debug.python-1.0.1] registered (path: /isaac-sim/extscache/omni.kit.debug.python-1.0.1+69cbf6ad.lx64.r.cp311)
2026-06-20T14:08:32Z [13ms] [Info] [omni.ext.plugin] [ext: omni.kit.converter.jt_core-508.1.0] registered (path: /isaac-sim/extscache/omni.kit.converter.jt_core-508.1.0+107.3.1.lx64.r.cp311.u353)
2026-06-20T14:08:32Z [13ms] [Info] [omni.ext.plugin] [ext: omni.kit.exec.core-0.13.4] registered (path: /isaac-sim/extscache/omni.kit.exec.core-0.13.4+69cbf6ad.lx64.r.cp311)
2026-06-20T14:08:32Z [13ms] [Info] [omni.ext.plugin] [ext: omni.kit.debug.vscode-0.1.6] registered (path: /isaac-sim/extscache/omni.kit.debug.vscode-0.1.6+69cbf6ad)
2026-06-20T14:08:32Z [13ms] [Info] [omni.ext.plugin] [ext: omni.kit.data2ui.usd-1.1.2] registered (path: /isaac-sim/extscache/omni.kit.data2ui.usd-1.1.2+107.0)
2026-06-20T14:08:32Z [13ms] [Info] [omni.ext.plugin] [ext: omni.kit.graph.delegate.default-1.2.3] registered (path: /isaac-sim/extscache/omni.kit.graph.delegate.default-1.2.3)
2026-06-20T14:08:32Z [13ms] [Info] [omni.ext.plugin] [ext: omni.app.full-1.0.1] registered (path: /isaac-sim/kit/apps/omni.app.full.kit)
2026-06-20T14:08:32Z [13ms] [Info] [omni.ext.plugin] [ext: omni.kit.graph.widget.variables-2.1.0] registered (path: /isaac-sim/extscache/omni.kit.graph.widget.variables-2.1.0)
2026-06-20T14:08:32Z [13ms] [Info] [omni.ext.plugin] [ext: omni.kit.helper.file_utils-0.1.9] registered (path: /isaac-sim/extscache/omni.kit.helper.file_utils-0.1.9+69cbf6ad)
2026-06-20T14:08:32Z [13ms] [Info] [omni.ext.plugin] [ext: omni.kit.gfn-107.0.4] registered (path: /isaac-sim/extscache/omni.kit.gfn-107.0.4+107.0.3.lx64.r.cp311)
2026-06-20T14:08:32Z [13ms] [Info] [omni.ext.plugin] [ext: omni.kit.environment.core-1.3.24] registered (path: /isaac-sim/extscache/omni.kit.environment.core-1.3.24)
2026-06-20T14:08:32Z [13ms] [Info] [omni.ext.plugin] [ext: omni.kit.hotkeys.core-1.3.10] registered (path: /isaac-sim/extscache/omni.kit.hotkeys.core-1.3.10+69cbf6ad)
2026-06-20T14:08:32Z [13ms] [Info] [omni.ext.plugin] [ext: omni.kit.graph.delegate.modern-1.10.9] registered (path: /isaac-sim/extscache/omni.kit.graph.delegate.modern-1.10.9)
2026-06-20T14:08:32Z [13ms] [Info] [omni.ext.plugin] [ext: omni.kit.hotkeys.window-1.4.9] registered (path: /isaac-sim/extscache/omni.kit.hotkeys.window-1.4.9+69cbf6ad)
2026-06-20T14:08:32Z [13ms] [Info] [omni.ext.plugin] [ext: omni.kit.graph.usd.commands-1.3.1] registered (path: /isaac-sim/extscache/omni.kit.graph.usd.commands-1.3.1)
2026-06-20T14:08:32Z [13ms] [Info] [omni.ext.plugin] [ext: omni.kit.graph.editor.core-1.5.3] registered (path: /isaac-sim/extscache/omni.kit.graph.editor.core-1.5.3)
2026-06-20T14:08:32Z [13ms] [Info] [omni.ext.plugin] [ext: omni.app.empty-0.1.0] registered (path: /isaac-sim/kit/apps/omni.app.empty.kit)
2026-06-20T14:08:32Z [13ms] [Info] [omni.ext.plugin] [ext: omni.kit.livestream.messaging-1.1.1] registered (path: /isaac-sim/extscache/omni.kit.livestream.messaging-1.1.1)
2026-06-20T14:08:32Z [13ms] [Info] [omni.ext.plugin] [ext: omni.kit.livestream.core-7.5.0] registered (path: /isaac-sim/extscache/omni.kit.livestream.core-7.5.0+107.0.3.lx64.r.cp311.u353)
2026-06-20T14:08:32Z [13ms] [Info] [omni.ext.plugin] [ext: omni.kit.livestream.webrtc-7.0.0] registered (path: /isaac-sim/extscache/omni.kit.livestream.webrtc-7.0.0+107.1.0.lx64.r.cp311)
2026-06-20T14:08:32Z [13ms] [Info] [omni.ext.plugin] [ext: omni.kit.mainwindow-1.0.3] registered (path: /isaac-sim/extscache/omni.kit.mainwindow-1.0.3+69cbf6ad)
2026-06-20T14:08:32Z [13ms] [Info] [omni.ext.plugin] [ext: omni.kit.manipulator.prim-107.0.0] registered (path: /isaac-sim/extscache/omni.kit.manipulator.prim-107.0.0+69cbf6ad)
2026-06-20T14:08:32Z [14ms] [Info] [omni.ext.plugin] [ext: omni.kit.hydra_texture-1.4.6] registered (path: /isaac-sim/extscache/omni.kit.hydra_texture-1.4.6+69cbf6ad.lx64.r.cp311)
2026-06-20T14:08:32Z [14ms] [Info] [omni.ext.plugin] [ext: omni.kit.manipulator.prim.fabric-107.0.4] registered (path: /isaac-sim/extscache/omni.kit.manipulator.prim.fabric-107.0.4+69cbf6ad)
2026-06-20T14:08:32Z [14ms] [Info] [omni.ext.plugin] [ext: omni.kit.manipulator.prim.usd-107.0.3] registered (path: /isaac-sim/extscache/omni.kit.manipulator.prim.usd-107.0.3+69cbf6ad)
2026-06-20T14:08:32Z [14ms] [Info] [omni.ext.plugin] [ext: omni.kit.manipulator.selection-106.0.1] registered (path: /isaac-sim/extscache/omni.kit.manipulator.selection-106.0.1+69cbf6ad)
2026-06-20T14:08:32Z [14ms] [Info] [omni.ext.plugin] [ext: omni.kit.manipulator.selector-1.1.3] registered (path: /isaac-sim/extscache/omni.kit.manipulator.selector-1.1.3+69cbf6ad)
2026-06-20T14:08:32Z [14ms] [Info] [omni.ext.plugin] [ext: omni.kit.manipulator.viewport-107.0.1] registered (path: /isaac-sim/extscache/omni.kit.manipulator.viewport-107.0.1+69cbf6ad)
2026-06-20T14:08:32Z [14ms] [Info] [omni.ext.plugin] [ext: omni.kit.manipulator.camera-106.0.4] registered (path: /isaac-sim/extscache/omni.kit.manipulator.camera-106.0.4+69cbf6ad)
2026-06-20T14:08:32Z [14ms] [Info] [omni.ext.plugin] [ext: omni.kit.manipulator.transform-107.0.0] registered (path: /isaac-sim/extscache/omni.kit.manipulator.transform-107.0.0+69cbf6ad)
2026-06-20T14:08:32Z [14ms] [Info] [omni.ext.plugin] [ext: omni.kit.manipulator.tool.snap-1.5.13] registered (path: /isaac-sim/extscache/omni.kit.manipulator.tool.snap-1.5.13+69cbf6ad)
2026-06-20T14:08:32Z [14ms] [Info] [omni.ext.plugin] [ext: omni.kit.menu.common-2.0.1] registered (path: /isaac-sim/extscache/omni.kit.menu.common-2.0.1+69cbf6ad)
2026-06-20T14:08:32Z [14ms] [Info] [omni.ext.plugin] [ext: omni.kit.menu.core-1.1.2] registered (path: /isaac-sim/extscache/omni.kit.menu.core-1.1.2+69cbf6ad)
2026-06-20T14:08:32Z [14ms] [Info] [omni.ext.plugin] [ext: omni.kit.manipulator.prim.core-107.0.8] registered (path: /isaac-sim/extscache/omni.kit.manipulator.prim.core-107.0.8+69cbf6ad)
2026-06-20T14:08:32Z [14ms] [Info] [omni.ext.plugin] [ext: omni.kit.menu.create-2.0.1] registered (path: /isaac-sim/extscache/omni.kit.menu.create-2.0.1+69cbf6ad)
2026-06-20T14:08:32Z [14ms] [Info] [omni.ext.plugin] [ext: omni.kit.menu.stage-1.2.7] registered (path: /isaac-sim/extscache/omni.kit.menu.stage-1.2.7)
2026-06-20T14:08:32Z [14ms] [Info] [omni.ext.plugin] [ext: omni.kit.mesh.raycast-107.0.1] registered (path: /isaac-sim/extscache/omni.kit.mesh.raycast-107.0.1+107.3.0.lx64.r.cp311.u353)
2026-06-20T14:08:32Z [14ms] [Info] [omni.ext.plugin] [ext: omni.kit.material.library-2.0.7] registered (path: /isaac-sim/extscache/omni.kit.material.library-2.0.7+69cbf6ad)
2026-06-20T14:08:32Z [14ms] [Info] [omni.ext.plugin] [ext: omni.kit.notification_manager-1.0.10] registered (path: /isaac-sim/extscache/omni.kit.notification_manager-1.0.10+69cbf6ad)
2026-06-20T14:08:32Z [14ms] [Info] [omni.ext.plugin] [ext: omni.kit.ngsearch-0.3.3] registered (path: /isaac-sim/extscache/omni.kit.ngsearch-0.3.3)
2026-06-20T14:08:32Z [14ms] [Info] [omni.ext.plugin] [ext: omni.kit.numpy.common-0.1.3] registered (path: /isaac-sim/extscache/omni.kit.numpy.common-0.1.3+69cbf6ad.lx64.r.cp311)
2026-06-20T14:08:32Z [14ms] [Info] [omni.ext.plugin] [ext: omni.app.editor.base-1.0.0] registered (path: /isaac-sim/kit/apps/omni.app.editor.base.kit)
2026-06-20T14:08:32Z [14ms] [Info] [omni.ext.plugin] [ext: omni.kit.pipapi-0.0.0] registered (path: /isaac-sim/extscache/omni.kit.pipapi-0.0.0+69cbf6ad)
2026-06-20T14:08:32Z [14ms] [Info] [omni.ext.plugin] [ext: omni.kit.pip_archive-0.0.0] registered (path: /isaac-sim/extscache/omni.kit.pip_archive-0.0.0+69cbf6ad.lx64.cp311)
2026-06-20T14:08:32Z [14ms] [Info] [omni.ext.plugin] [ext: omni.kit.playlist.core-1.3.5] registered (path: /isaac-sim/extscache/omni.kit.playlist.core-1.3.5)
2026-06-20T14:08:32Z [14ms] [Info] [omni.ext.plugin] [ext: omni.kit.preferences.animation-1.2.0] registered (path: /isaac-sim/extscache/omni.kit.preferences.animation-1.2.0+107.3.2.u353)
2026-06-20T14:08:32Z [14ms] [Info] [omni.ext.plugin] [ext: omni.kit.primitive.mesh-1.0.17] registered (path: /isaac-sim/extscache/omni.kit.primitive.mesh-1.0.17+69cbf6ad)
2026-06-20T14:08:32Z [14ms] [Info] [omni.ext.plugin] [ext: omni.kit.profiler.tracy-1.2.0] registered (path: /isaac-sim/extscache/omni.kit.profiler.tracy-1.2.0+lx64)
2026-06-20T14:08:32Z [14ms] [Info] [omni.ext.plugin] [ext: omni.kit.property.adapter.core-1.0.2] registered (path: /isaac-sim/extscache/omni.kit.property.adapter.core-1.0.2+69cbf6ad)
2026-06-20T14:08:32Z [14ms] [Info] [omni.ext.plugin] [ext: omni.kit.prim.icon-1.0.15] registered (path: /isaac-sim/extscache/omni.kit.prim.icon-1.0.15)
2026-06-20T14:08:32Z [14ms] [Info] [omni.ext.plugin] [ext: omni.kit.pointclouds-1.5.14] registered (path: /isaac-sim/extscache/omni.kit.pointclouds-1.5.14+cp311)
2026-06-20T14:08:32Z [14ms] [Info] [omni.ext.plugin] [ext: omni.kit.profiler.window-2.3.5] registered (path: /isaac-sim/extscache/omni.kit.profiler.window-2.3.5)
2026-06-20T14:08:32Z [14ms] [Info] [omni.ext.plugin] [ext: omni.kit.property.audio-1.0.16] registered (path: /isaac-sim/extscache/omni.kit.property.audio-1.0.16+69cbf6ad)
2026-06-20T14:08:32Z [14ms] [Info] [omni.ext.plugin] [ext: omni.kit.property.adapter.fabric-1.0.3] registered (path: /isaac-sim/extscache/omni.kit.property.adapter.fabric-1.0.3+69cbf6ad)
2026-06-20T14:08:32Z [14ms] [Info] [omni.ext.plugin] [ext: omni.kit.property.adapter.usd-1.0.2] registered (path: /isaac-sim/extscache/omni.kit.property.adapter.usd-1.0.2+69cbf6ad)
2026-06-20T14:08:32Z [14ms] [Info] [omni.ext.plugin] [ext: omni.kit.menu.utils-2.0.5] registered (path: /isaac-sim/extscache/omni.kit.menu.utils-2.0.5+69cbf6ad)
2026-06-20T14:08:32Z [14ms] [Info] [omni.ext.plugin] [ext: omni.kit.property.bundle-1.4.1] registered (path: /isaac-sim/extscache/omni.kit.property.bundle-1.4.1+69cbf6ad)
2026-06-20T14:08:32Z [14ms] [Info] [omni.ext.plugin] [ext: omni.kit.property.camera-1.0.10] registered (path: /isaac-sim/extscache/omni.kit.property.camera-1.0.10+69cbf6ad)
2026-06-20T14:08:32Z [14ms] [Info] [omni.ext.plugin] [ext: omni.kit.property.environment-1.2.2] registered (path: /isaac-sim/extscache/omni.kit.property.environment-1.2.2)
2026-06-20T14:08:32Z [14ms] [Info] [omni.ext.plugin] [ext: omni.kit.property.collection-0.2.3] registered (path: /isaac-sim/extscache/omni.kit.property.collection-0.2.3)
2026-06-20T14:08:32Z [14ms] [Info] [omni.ext.plugin] [ext: omni.kit.property.geometry-2.0.4] registered (path: /isaac-sim/extscache/omni.kit.property.geometry-2.0.4+69cbf6ad)
2026-06-20T14:08:32Z [14ms] [Info] [omni.ext.plugin] [ext: omni.kit.property.light-1.0.12] registered (path: /isaac-sim/extscache/omni.kit.property.light-1.0.12+69cbf6ad)
2026-06-20T14:08:32Z [14ms] [Info] [omni.ext.plugin] [ext: omni.app.dev-1.0.0] registered (path: /isaac-sim/kit/apps/omni.app.dev.kit)
2026-06-20T14:08:32Z [14ms] [Info] [omni.ext.plugin] [ext: omni.kit.property.layer-1.1.9] registered (path: /isaac-sim/extscache/omni.kit.property.layer-1.1.9+69cbf6ad)
2026-06-20T14:08:32Z [14ms] [Info] [omni.ext.plugin] [ext: omni.kit.property.render-1.2.1] registered (path: /isaac-sim/extscache/omni.kit.property.render-1.2.1+69cbf6ad)
2026-06-20T14:08:32Z [14ms] [Info] [omni.ext.plugin] [ext: omni.kit.property.transform-1.5.13] registered (path: /isaac-sim/extscache/omni.kit.property.transform-1.5.13+69cbf6ad)
2026-06-20T14:08:32Z [14ms] [Info] [omni.ext.plugin] [ext: omni.kit.property.material-1.11.9] registered (path: /isaac-sim/extscache/omni.kit.property.material-1.11.9+69cbf6ad)
2026-06-20T14:08:32Z [14ms] [Info] [omni.ext.plugin] [ext: omni.kit.property.physx-107.3.26] registered (path: /isaac-sim/extscache/omni.kit.property.physx-107.3.26+107.3.3.cp311.u353)
2026-06-20T14:08:32Z [15ms] [Info] [omni.ext.plugin] [ext: omni.kit.quicklayout-1.0.8] registered (path: /isaac-sim/extscache/omni.kit.quicklayout-1.0.8+69cbf6ad)
2026-06-20T14:08:32Z [15ms] [Info] [omni.ext.plugin] [ext: omni.kit.raycast.query-1.1.0] registered (path: /isaac-sim/extscache/omni.kit.raycast.query-1.1.0+69cbf6ad.lx64.r.cp311)
2026-06-20T14:08:32Z [15ms] [Info] [omni.ext.plugin] [ext: omni.kit.renderer.capture-0.0.0] registered (path: /isaac-sim/extscache/omni.kit.renderer.capture-0.0.0+69cbf6ad.lx64.r.cp311)
2026-06-20T14:08:32Z [15ms] [Info] [omni.ext.plugin] [ext: omni.kit.search.files-1.0.4] registered (path: /isaac-sim/extscache/omni.kit.search.files-1.0.4)
2026-06-20T14:08:32Z [15ms] [Info] [omni.ext.plugin] [ext: omni.kit.renderer.core-1.1.0] registered (path: /isaac-sim/extscache/omni.kit.renderer.core-1.1.0+69cbf6ad.lx64.r.cp311)
2026-06-20T14:08:32Z [15ms] [Info] [omni.ext.plugin] [ext: omni.kit.renderer.init-0.0.0] registered (path: /isaac-sim/extscache/omni.kit.renderer.init-0.0.0+69cbf6ad.lx64.r)
2026-06-20T14:08:32Z [15ms] [Info] [omni.ext.plugin] [ext: omni.kit.selection-0.1.6] registered (path: /isaac-sim/extscache/omni.kit.selection-0.1.6+69cbf6ad)
2026-06-20T14:08:32Z [15ms] [Info] [omni.ext.plugin] [ext: omni.kit.search_core-1.0.8] registered (path: /isaac-sim/extscache/omni.kit.search_core-1.0.8+69cbf6ad)
2026-06-20T14:08:32Z [15ms] [Info] [omni.ext.plugin] [ext: omni.kit.search.service-0.1.12] registered (path: /isaac-sim/extscache/omni.kit.search.service-0.1.12)
2026-06-20T14:08:32Z [15ms] [Info] [omni.ext.plugin] [ext: omni.kit.scripting-107.3.2] registered (path: /isaac-sim/extscache/omni.kit.scripting-107.3.2+107.3.2)
2026-06-20T14:08:32Z [15ms] [Info] [omni.ext.plugin] [ext: omni.kit.registry.nucleus-0.0.0] registered (path: /isaac-sim/kit/extscore/omni.kit.registry.nucleus)
2026-06-20T14:08:32Z [15ms] [Info] [omni.ext.plugin] [ext: omni.kit.sequencer.core-108.0.2] registered (path: /isaac-sim/extscache/omni.kit.sequencer.core-108.0.2+107.2.0.u353)
2026-06-20T14:08:32Z [15ms] [Info] [omni.ext.plugin] [ext: omni.kit.sequencer.usd-108.0.2] registered (path: /isaac-sim/extscache/omni.kit.sequencer.usd-108.0.2+107.2.0.u353)
2026-06-20T14:08:32Z [15ms] [Info] [omni.ext.plugin] [ext: omni.kit.property.usd-4.5.12] registered (path: /isaac-sim/extscache/omni.kit.property.usd-4.5.12+69cbf6ad)
2026-06-20T14:08:32Z [15ms] [Info] [omni.ext.plugin] [ext: omni.kit.stage.mdl_converter-1.0.8] registered (path: /isaac-sim/extscache/omni.kit.stage.mdl_converter-1.0.8+69cbf6ad)
2026-06-20T14:08:32Z [15ms] [Info] [omni.ext.plugin] [ext: omni.kit.stage.copypaste-1.2.4] registered (path: /isaac-sim/extscache/omni.kit.stage.copypaste-1.2.4+69cbf6ad)
2026-06-20T14:08:32Z [15ms] [Info] [omni.ext.plugin] [ext: omni.kit.stage_column.payload-2.0.3] registered (path: /isaac-sim/extscache/omni.kit.stage_column.payload-2.0.3+107.3.0)
2026-06-20T14:08:32Z [15ms] [Info] [omni.ext.plugin] [ext: omni.kit.stage_column.variant-1.0.17] registered (path: /isaac-sim/extscache/omni.kit.stage_column.variant-1.0.17+107.3.0)
2026-06-20T14:08:32Z [15ms] [Info] [omni.ext.plugin] [ext: omni.kit.stage_template.core-1.1.22] registered (path: /isaac-sim/extscache/omni.kit.stage_template.core-1.1.22+69cbf6ad)
2026-06-20T14:08:32Z [15ms] [Info] [omni.ext.plugin] [ext: omni.kit.stagerecorder.bundle-105.0.2] registered (path: /isaac-sim/extscache/omni.kit.stagerecorder.bundle-105.0.2+107.0.3)
2026-06-20T14:08:32Z [15ms] [Info] [omni.ext.plugin] [ext: omni.kit.renderer.imgui-2.0.5] registered (path: /isaac-sim/extscache/omni.kit.renderer.imgui-2.0.5+69cbf6ad.lx64.r.cp311)
2026-06-20T14:08:32Z [15ms] [Info] [omni.ext.plugin] [ext: omni.kit.async_engine-0.0.3] registered (path: /isaac-sim/kit/extscore/omni.kit.async_engine)
2026-06-20T14:08:32Z [15ms] [Info] [omni.ext.plugin] [ext: omni.kit.streamsdk.plugins-7.6.3] registered (path: /isaac-sim/extscache/omni.kit.streamsdk.plugins-7.6.3+107.0.3.lx64.r)
2026-06-20T14:08:32Z [15ms] [Info] [omni.ext.plugin] [ext: omni.kit.stage_templates-2.0.0] registered (path: /isaac-sim/extscache/omni.kit.stage_templates-2.0.0+69cbf6ad)
2026-06-20T14:08:32Z [15ms] [Info] [omni.ext.plugin] [ext: omni.kit.stagerecorder.ui-107.0.1] registered (path: /isaac-sim/extscache/omni.kit.stagerecorder.ui-107.0.1+107.0.3)
2026-06-20T14:08:32Z [15ms] [Info] [omni.ext.plugin] [ext: omni.kit.stagerecorder.core-107.0.3] registered (path: /isaac-sim/extscache/omni.kit.stagerecorder.core-107.0.3+107.0.3.lx64.r.cp311.u353)
2026-06-20T14:08:32Z [15ms] [Info] [omni.ext.plugin] [ext: omni.kit.test_suite.helpers-1.1.1] registered (path: /isaac-sim/extscache/omni.kit.test_suite.helpers-1.1.1+69cbf6ad)
2026-06-20T14:08:32Z [15ms] [Info] [omni.ext.plugin] [ext: omni.kit.telemetry-0.5.2] registered (path: /isaac-sim/extscache/omni.kit.telemetry-0.5.2+69cbf6ad.lx64.r.cp311)
2026-06-20T14:08:32Z [15ms] [Info] [omni.ext.plugin] [ext: omni.kit.thumbnails.mdl-1.0.27] registered (path: /isaac-sim/extscache/omni.kit.thumbnails.mdl-1.0.27+107.3.0)
2026-06-20T14:08:32Z [15ms] [Info] [omni.ext.plugin] [ext: omni.kit.timeline.minibar-1.2.11] registered (path: /isaac-sim/extscache/omni.kit.timeline.minibar-1.2.11)
2026-06-20T14:08:32Z [15ms] [Info] [omni.ext.plugin] [ext: omni.client.lib-1.1.0] registered (path: /isaac-sim/kit/extscore/omni.client.lib)
2026-06-20T14:08:32Z [15ms] [Info] [omni.ext.plugin] [ext: omni.kit.tool.remove_unused.controller-0.1.4] registered (path: /isaac-sim/extscache/omni.kit.tool.remove_unused.controller-0.1.4)
2026-06-20T14:08:32Z [15ms] [Info] [omni.ext.plugin] [ext: omni.kit.tool.remove_unused.core-0.1.3] registered (path: /isaac-sim/extscache/omni.kit.tool.remove_unused.core-0.1.3)
2026-06-20T14:08:32Z [15ms] [Info] [omni.ext.plugin] [ext: omni.kit.tool.collect-2.2.18] registered (path: /isaac-sim/extscache/omni.kit.tool.collect-2.2.18+69cbf6ad)
2026-06-20T14:08:32Z [15ms] [Info] [omni.ext.plugin] [ext: omni.kit.uiapp-0.0.0] registered (path: /isaac-sim/extscache/omni.kit.uiapp-0.0.0+69cbf6ad)
2026-06-20T14:08:32Z [15ms] [Info] [omni.ext.plugin] [ext: omni.kit.ui.actions-1.0.5] registered (path: /isaac-sim/extscache/omni.kit.ui.actions-1.0.5+69cbf6ad)
2026-06-20T14:08:32Z [15ms] [Info] [omni.ext.plugin] [ext: omni.kit.tool.asset_exporter-4.0.5] registered (path: /isaac-sim/extscache/omni.kit.tool.asset_exporter-4.0.5+107.3.1)
2026-06-20T14:08:32Z [15ms] [Info] [omni.ext.plugin] [ext: omni.kit.ui_test-1.3.7] registered (path: /isaac-sim/extscache/omni.kit.ui_test-1.3.7+69cbf6ad)
2026-06-20T14:08:32Z [15ms] [Info] [omni.ext.plugin] [ext: omni.kit.usd.collect-2.4.5] registered (path: /isaac-sim/extscache/omni.kit.usd.collect-2.4.5+69cbf6ad)
2026-06-20T14:08:32Z [15ms] [Info] [omni.ext.plugin] [ext: omni.kit.tool.asset_importer-4.3.2] registered (path: /isaac-sim/extscache/omni.kit.tool.asset_importer-4.3.2+107.0.3)
2026-06-20T14:08:32Z [15ms] [Info] [omni.ext.plugin] [ext: omni.kit.tool.measure-107.0.2] registered (path: /isaac-sim/extscache/omni.kit.tool.measure-107.0.2+107.0.3)
2026-06-20T14:08:32Z [15ms] [Info] [omni.ext.plugin] [ext: omni.usd.schema.isaac-3.0.5] registered (path: /isaac-sim/extsDeprecated/omni.usd.schema.isaac)
2026-06-20T14:08:32Z [15ms] [Info] [omni.ext.plugin] [ext: omni.kit.test-2.0.1] registered (path: /isaac-sim/extscache/omni.kit.test-2.0.1+69cbf6ad.lx64.r.cp311)
2026-06-20T14:08:32Z [15ms] [Info] [omni.ext.plugin] [ext: omni.kit.usd.layers-2.2.11] registered (path: /isaac-sim/extscache/omni.kit.usd.layers-2.2.11+69cbf6ad.lx64.r.cp311)
2026-06-20T14:08:32Z [15ms] [Info] [omni.ext.plugin] [ext: omni.kit.usd_undo-0.1.8] registered (path: /isaac-sim/extscache/omni.kit.usd_undo-0.1.8+69cbf6ad)
2026-06-20T14:08:32Z [15ms] [Info] [omni.ext.plugin] [ext: omni.kit.usda_edit-1.1.18] registered (path: /isaac-sim/extscache/omni.kit.usda_edit-1.1.18+69cbf6ad)
2026-06-20T14:08:32Z [15ms] [Info] [omni.ext.plugin] [ext: omni.kit.usdz_export-1.0.9] registered (path: /isaac-sim/extscache/omni.kit.usdz_export-1.0.9+69cbf6ad)
2026-06-20T14:08:32Z [16ms] [Info] [omni.ext.plugin] [ext: omni.kit.usd.mdl-1.1.5] registered (path: /isaac-sim/extscache/omni.kit.usd.mdl-1.1.5+69cbf6ad.lx64.r.cp311)
2026-06-20T14:08:32Z [16ms] [Info] [omni.ext.plugin] [ext: omni.kit.variant.presenter-107.0.0] registered (path: /isaac-sim/extscache/omni.kit.variant.presenter-107.0.0)
2026-06-20T14:08:32Z [16ms] [Info] [omni.ext.plugin] [ext: omni.replicator.isaac-2.0.8] registered (path: /isaac-sim/extsDeprecated/omni.replicator.isaac)
2026-06-20T14:08:32Z [16ms] [Info] [omni.ext.plugin] [ext: omni.kit.viewport.bundle-104.0.1] registered (path: /isaac-sim/extscache/omni.kit.viewport.bundle-104.0.1+69cbf6ad)
2026-06-20T14:08:32Z [16ms] [Info] [omni.ext.plugin] [ext: omni.kit.variant.editor-107.5.3] registered (path: /isaac-sim/extscache/omni.kit.variant.editor-107.5.3+107.3)
2026-06-20T14:08:32Z [16ms] [Info] [omni.ext.plugin] [ext: omni.kit.viewport.legacy_gizmos-1.0.19] registered (path: /isaac-sim/extscache/omni.kit.viewport.legacy_gizmos-1.0.19+69cbf6ad.lx64.r.cp311)
2026-06-20T14:08:32Z [16ms] [Info] [omni.ext.plugin] [ext: omni.kit.viewport.actions-107.0.2] registered (path: /isaac-sim/extscache/omni.kit.viewport.actions-107.0.2+69cbf6ad)
2026-06-20T14:08:32Z [16ms] [Info] [omni.ext.plugin] [ext: omni.kit.viewport.manipulator.transform-107.0.4] registered (path: /isaac-sim/extscache/omni.kit.viewport.manipulator.transform-107.0.4+69cbf6ad)
2026-06-20T14:08:32Z [16ms] [Info] [omni.ext.plugin] [ext: omni.kit.viewport.menubar.core-107.2.1] registered (path: /isaac-sim/extscache/omni.kit.viewport.menubar.core-107.2.1+69cbf6ad)
2026-06-20T14:08:32Z [16ms] [Info] [omni.ext.plugin] [ext: omni.kit.viewport.menubar.camera-107.0.6] registered (path: /isaac-sim/extscache/omni.kit.viewport.menubar.camera-107.0.6+69cbf6ad)
2026-06-20T14:08:32Z [16ms] [Info] [omni.ext.plugin] [ext: omni.kit.viewport.menubar.display-107.0.3] registered (path: /isaac-sim/extscache/omni.kit.viewport.menubar.display-107.0.3+69cbf6ad)
2026-06-20T14:08:32Z [16ms] [Info] [omni.ext.plugin] [ext: omni.kit.viewport.menubar.settings-107.0.3] registered (path: /isaac-sim/extscache/omni.kit.viewport.menubar.settings-107.0.3+69cbf6ad)
2026-06-20T14:08:32Z [16ms] [Info] [omni.ext.plugin] [ext: omni.kit.viewport.registry-104.0.6] registered (path: /isaac-sim/extscache/omni.kit.viewport.registry-104.0.6+69cbf6ad)
2026-06-20T14:08:32Z [16ms] [Info] [omni.ext.plugin] [ext: omni.kit.viewport.menubar.waypoint-104.2.16] registered (path: /isaac-sim/extscache/omni.kit.viewport.menubar.waypoint-104.2.16)
2026-06-20T14:08:32Z [16ms] [Info] [omni.ext.plugin] [ext: omni.kit.viewport.menubar.render-107.0.10] registered (path: /isaac-sim/extscache/omni.kit.viewport.menubar.render-107.0.10+69cbf6ad)
2026-06-20T14:08:32Z [16ms] [Info] [omni.ext.plugin] [ext: omni.kit.viewport.rtx-104.0.1] registered (path: /isaac-sim/extscache/omni.kit.viewport.rtx-104.0.1+69cbf6ad)
2026-06-20T14:08:32Z [16ms] [Info] [omni.ext.plugin] [ext: omni.kit.property.isaac-1.0.6] registered (path: /isaac-sim/extsDeprecated/omni.kit.property.isaac)
2026-06-20T14:08:32Z [16ms] [Info] [omni.ext.plugin] [ext: omni.kit.viewport.menubar.lighting-107.3.1] registered (path: /isaac-sim/extscache/omni.kit.viewport.menubar.lighting-107.3.1+107.3.0)
2026-06-20T14:08:32Z [16ms] [Info] [omni.ext.plugin] [ext: omni.kit.viewport.scene_camera_model-1.0.6] registered (path: /isaac-sim/extscache/omni.kit.viewport.scene_camera_model-1.0.6+69cbf6ad.lx64.r.cp311)
2026-06-20T14:08:32Z [16ms] [Info] [omni.ext.plugin] [ext: omni.kit.viewport_widgets_manager-1.0.9] registered (path: /isaac-sim/extscache/omni.kit.viewport_widgets_manager-1.0.9+69cbf6ad)
2026-06-20T14:08:32Z [16ms] [Info] [omni.ext.plugin] [ext: omni.kit.viewport.utility-1.1.2] registered (path: /isaac-sim/extscache/omni.kit.viewport.utility-1.1.2+69cbf6ad)
2026-06-20T14:08:32Z [16ms] [Info] [omni.ext.plugin] [ext: omni.kit.widget.browser_bar-2.0.10] registered (path: /isaac-sim/extscache/omni.kit.widget.browser_bar-2.0.10+69cbf6ad)
2026-06-20T14:08:32Z [16ms] [Info] [omni.ext.plugin] [ext: omni.kit.waypoint.playlist-1.0.9] registered (path: /isaac-sim/extscache/omni.kit.waypoint.playlist-1.0.9)
2026-06-20T14:08:32Z [16ms] [Info] [omni.ext.plugin] [ext: omni.kit.widget.calendar-1.0.9] registered (path: /isaac-sim/extscache/omni.kit.widget.calendar-1.0.9)
2026-06-20T14:08:32Z [16ms] [Info] [omni.ext.plugin] [ext: omni.isaac.window.about-2.0.7] registered (path: /isaac-sim/extsDeprecated/omni.isaac.window.about)
2026-06-20T14:08:32Z [16ms] [Info] [omni.ext.plugin] [ext: omni.kit.waypoint.core-1.4.62] registered (path: /isaac-sim/extscache/omni.kit.waypoint.core-1.4.62+107.0)
2026-06-20T14:08:32Z [16ms] [Info] [omni.ext.plugin] [ext: omni.kit.widget.filebrowser-2.12.3] registered (path: /isaac-sim/extscache/omni.kit.widget.filebrowser-2.12.3+69cbf6ad)
2026-06-20T14:08:32Z [16ms] [Info] [omni.ext.plugin] [ext: omni.kit.widget.collection-0.3.1] registered (path: /isaac-sim/extscache/omni.kit.widget.collection-0.3.1+106.5.0)
2026-06-20T14:08:32Z [16ms] [Info] [omni.ext.plugin] [ext: omni.kit.widget.cache_indicator-3.0.7] registered (path: /isaac-sim/extscache/omni.kit.widget.cache_indicator-3.0.7+69cbf6ad)
2026-06-20T14:08:32Z [16ms] [Info] [omni.ext.plugin] [ext: omni.kit.widget.filter-1.1.4] registered (path: /isaac-sim/extscache/omni.kit.widget.filter-1.1.4+69cbf6ad)
2026-06-20T14:08:32Z [16ms] [Info] [omni.ext.plugin] [ext: omni.kit.widget.extended_searchfield-1.0.31] registered (path: /isaac-sim/extscache/omni.kit.widget.extended_searchfield-1.0.31)
2026-06-20T14:08:32Z [16ms] [Info] [omni.ext.plugin] [ext: omni.kit.widget.context_menu-1.2.5] registered (path: /isaac-sim/extscache/omni.kit.widget.context_menu-1.2.5+69cbf6ad)
2026-06-20T14:08:32Z [16ms] [Info] [omni.ext.plugin] [ext: omni.kit.widget.graph-2.0.0] registered (path: /isaac-sim/extscache/omni.kit.widget.graph-2.0.0+69cbf6ad)
2026-06-20T14:08:32Z [16ms] [Info] [omni.ext.plugin] [ext: omni.kit.widget.imageview-1.0.4] registered (path: /isaac-sim/extscache/omni.kit.widget.imageview-1.0.4+69cbf6ad)
2026-06-20T14:08:32Z [16ms] [Info] [omni.ext.plugin] [ext: omni.kit.widget.highlight_label-1.0.3] registered (path: /isaac-sim/extscache/omni.kit.widget.highlight_label-1.0.3+69cbf6ad)
2026-06-20T14:08:32Z [16ms] [Info] [omni.ext.plugin] [ext: omni.isaac.wheeled_robots.ui-2.0.5] registered (path: /isaac-sim/extsDeprecated/omni.isaac.wheeled_robots.ui)
2026-06-20T14:08:32Z [16ms] [Info] [omni.ext.plugin] [ext: omni.kit.widget.live-2.1.11] registered (path: /isaac-sim/extscache/omni.kit.widget.live-2.1.11+69cbf6ad)
2026-06-20T14:08:32Z [16ms] [Info] [omni.ext.plugin] [ext: omni.kit.viewport.window-107.2.0] registered (path: /isaac-sim/extscache/omni.kit.viewport.window-107.2.0+69cbf6ad)
2026-06-20T14:08:32Z [16ms] [Info] [omni.ext.plugin] [ext: omni.kit.widget.live_session_management.ui-1.0.3] registered (path: /isaac-sim/extscache/omni.kit.widget.live_session_management.ui-1.0.3+69cbf6ad)
2026-06-20T14:08:32Z [16ms] [Info] [omni.ext.plugin] [ext: omni.kit.widget.material_preview-1.0.16] registered (path: /isaac-sim/extscache/omni.kit.widget.material_preview-1.0.16)
2026-06-20T14:08:32Z [16ms] [Info] [omni.ext.plugin] [ext: omni.kit.widget.layers-1.8.6] registered (path: /isaac-sim/extscache/omni.kit.widget.layers-1.8.6+69cbf6ad)
2026-06-20T14:08:32Z [16ms] [Info] [omni.ext.plugin] [ext: omni.kit.widget.live_session_management-1.2.23] registered (path: /isaac-sim/extscache/omni.kit.widget.live_session_management-1.2.23+69cbf6ad)
2026-06-20T14:08:32Z [16ms] [Info] [omni.ext.plugin] [ext: omni.kit.widget.nucleus_info-2.0.2] registered (path: /isaac-sim/extscache/omni.kit.widget.nucleus_info-2.0.2+69cbf6ad)
2026-06-20T14:08:32Z [16ms] [Info] [omni.ext.plugin] [ext: omni.kit.widget.nucleus_connector-2.0.1] registered (path: /isaac-sim/extscache/omni.kit.widget.nucleus_connector-2.0.1+69cbf6ad)
2026-06-20T14:08:32Z [16ms] [Info] [omni.ext.plugin] [ext: omni.kit.widget.options_menu-1.1.6] registered (path: /isaac-sim/extscache/omni.kit.widget.options_menu-1.1.6+69cbf6ad)
2026-06-20T14:08:32Z [16ms] [Info] [omni.ext.plugin] [ext: omni.kit.widget.path_field-2.0.11] registered (path: /isaac-sim/extscache/omni.kit.widget.path_field-2.0.11+69cbf6ad)
2026-06-20T14:08:32Z [16ms] [Info] [omni.ext.plugin] [ext: omni.kit.widget.options_button-1.0.3] registered (path: /isaac-sim/extscache/omni.kit.widget.options_button-1.0.3+69cbf6ad)
2026-06-20T14:08:32Z [16ms] [Info] [omni.ext.plugin] [ext: omni.kit.widget.prompt-1.0.7] registered (path: /isaac-sim/extscache/omni.kit.widget.prompt-1.0.7+69cbf6ad)
2026-06-20T14:08:32Z [16ms] [Info] [omni.ext.plugin] [ext: omni.kit.widget.schema_api-1.0.3] registered (path: /isaac-sim/extscache/omni.kit.widget.schema_api-1.0.3)
2026-06-20T14:08:32Z [16ms] [Info] [omni.ext.plugin] [ext: omni.kit.widget.searchable_combobox-1.0.6] registered (path: /isaac-sim/extscache/omni.kit.widget.searchable_combobox-1.0.6+69cbf6ad)
2026-06-20T14:08:32Z [16ms] [Info] [omni.ext.plugin] [ext: omni.kit.widget.search_delegate-1.0.7] registered (path: /isaac-sim/extscache/omni.kit.widget.search_delegate-1.0.7+69cbf6ad)
2026-06-20T14:08:32Z [16ms] [Info] [omni.ext.plugin] [ext: omni.isaac.wheeled_robots-3.0.7] registered (path: /isaac-sim/extsDeprecated/omni.isaac.wheeled_robots)
2026-06-20T14:08:32Z [17ms] [Info] [omni.ext.plugin] [ext: omni.kit.widget.sliderbar-1.0.13] registered (path: /isaac-sim/extscache/omni.kit.widget.sliderbar-1.0.13)
2026-06-20T14:08:32Z [17ms] [Info] [omni.ext.plugin] [ext: omni.kit.widget.searchfield-1.1.8] registered (path: /isaac-sim/extscache/omni.kit.widget.searchfield-1.1.8+69cbf6ad)
2026-06-20T14:08:32Z [17ms] [Info] [omni.ext.plugin] [ext: omni.kit.widget.stage_icons-1.0.8] registered (path: /isaac-sim/extscache/omni.kit.widget.stage_icons-1.0.8+69cbf6ad)
2026-06-20T14:08:32Z [17ms] [Info] [omni.ext.plugin] [ext: omni.kit.widget.settings-1.2.6] registered (path: /isaac-sim/extscache/omni.kit.widget.settings-1.2.6+69cbf6ad)
2026-06-20T14:08:32Z [17ms] [Info] [omni.ext.plugin] [ext: omni.kit.widget.text_editor-1.1.1] registered (path: /isaac-sim/extscache/omni.kit.widget.text_editor-1.1.1+69cbf6ad.lx64.r.cp311)
2026-06-20T14:08:32Z [17ms] [Info] [omni.ext.plugin] [ext: omni.kit.widget.zoombar-1.0.6] registered (path: /isaac-sim/extscache/omni.kit.widget.zoombar-1.0.6)
2026-06-20T14:08:32Z [17ms] [Info] [omni.ext.plugin] [ext: omni.kit.widget.versioning-1.4.10] registered (path: /isaac-sim/extscache/omni.kit.widget.versioning-1.4.10+69cbf6ad)
2026-06-20T14:08:32Z [17ms] [Info] [omni.ext.plugin] [ext: omni.kit.widget.stage-3.1.4] registered (path: /isaac-sim/extscache/omni.kit.widget.stage-3.1.4+69cbf6ad)
2026-06-20T14:08:32Z [17ms] [Info] [omni.ext.plugin] [ext: omni.kit.widget.timeline-107.0.1] registered (path: /isaac-sim/extscache/omni.kit.widget.timeline-107.0.1+107.0.3)
2026-06-20T14:08:32Z [17ms] [Info] [omni.ext.plugin] [ext: omni.kit.widget.toolbar-2.0.1] registered (path: /isaac-sim/extscache/omni.kit.widget.toolbar-2.0.1+69cbf6ad)
2026-06-20T14:08:32Z [17ms] [Info] [omni.ext.plugin] [ext: omni.kit.widgets.custom-1.0.13] registered (path: /isaac-sim/extscache/omni.kit.widgets.custom-1.0.13)
2026-06-20T14:08:32Z [17ms] [Info] [omni.ext.plugin] [ext: omni.kit.window.collection-0.3.1] registered (path: /isaac-sim/extscache/omni.kit.window.collection-0.3.1+106.5.0)
2026-06-20T14:08:32Z [17ms] [Info] [omni.ext.plugin] [ext: omni.isaac.vscode-1.0.5] registered (path: /isaac-sim/extsDeprecated/omni.isaac.vscode)
2026-06-20T14:08:32Z [17ms] [Info] [omni.ext.plugin] [ext: omni.kit.window.commands-0.2.9] registered (path: /isaac-sim/extscache/omni.kit.window.commands-0.2.9+69cbf6ad)
2026-06-20T14:08:32Z [17ms] [Info] [omni.ext.plugin] [ext: omni.kit.window.content_browser_registry-0.0.6] registered (path: /isaac-sim/extscache/omni.kit.window.content_browser_registry-0.0.6+69cbf6ad)
2026-06-20T14:08:32Z [17ms] [Info] [omni.ext.plugin] [ext: omni.kit.window.console-1.1.4] registered (path: /isaac-sim/extscache/omni.kit.window.console-1.1.4+69cbf6ad.lx64.r.cp311)
2026-06-20T14:08:32Z [17ms] [Info] [omni.ext.plugin] [ext: omni.kit.window.drop_support-1.0.5] registered (path: /isaac-sim/extscache/omni.kit.window.drop_support-1.0.5+69cbf6ad)
2026-06-20T14:08:32Z [17ms] [Info] [omni.ext.plugin] [ext: omni.kit.window.cursor-1.1.4] registered (path: /isaac-sim/extscache/omni.kit.window.cursor-1.1.4+69cbf6ad)
2026-06-20T14:08:32Z [17ms] [Info] [omni.ext.plugin] [ext: omni.kit.window.content_browser-3.1.3] registered (path: /isaac-sim/extscache/omni.kit.window.content_browser-3.1.3+69cbf6ad)
2026-06-20T14:08:32Z [17ms] [Info] [omni.ext.plugin] [ext: omni.isaac.version-2.0.7] registered (path: /isaac-sim/extsDeprecated/omni.isaac.version)
2026-06-20T14:08:32Z [17ms] [Info] [omni.ext.plugin] [ext: omni.kit.widget.viewport-107.1.3] registered (path: /isaac-sim/extscache/omni.kit.widget.viewport-107.1.3+69cbf6ad)
2026-06-20T14:08:32Z [17ms] [Info] [omni.ext.plugin] [ext: omni.kit.window.file-2.0.5] registered (path: /isaac-sim/extscache/omni.kit.window.file-2.0.5+69cbf6ad)
2026-06-20T14:08:32Z [17ms] [Info] [omni.ext.plugin] [ext: omni.kit.window.file_exporter-1.0.33] registered (path: /isaac-sim/extscache/omni.kit.window.file_exporter-1.0.33+69cbf6ad)
2026-06-20T14:08:32Z [17ms] [Info] [omni.ext.plugin] [ext: omni.kit.window.file_importer-1.1.18] registered (path: /isaac-sim/extscache/omni.kit.window.file_importer-1.1.18+69cbf6ad)
2026-06-20T14:08:32Z [17ms] [Info] [omni.ext.plugin] [ext: omni.kit.window.material_graph-1.9.1] registered (path: /isaac-sim/extscache/omni.kit.window.material_graph-1.9.1)
2026-06-20T14:08:32Z [17ms] [Info] [omni.ext.plugin] [ext: omni.kit.window.filepicker-2.13.4] registered (path: /isaac-sim/extscache/omni.kit.window.filepicker-2.13.4+69cbf6ad)
2026-06-20T14:08:32Z [17ms] [Info] [omni.ext.plugin] [ext: omni.kit.window.popup_dialog-2.0.24] registered (path: /isaac-sim/extscache/omni.kit.window.popup_dialog-2.0.24+69cbf6ad)
2026-06-20T14:08:32Z [17ms] [Info] [omni.ext.plugin] [ext: omni.kit.window.property-1.12.1] registered (path: /isaac-sim/extscache/omni.kit.window.property-1.12.1+69cbf6ad)
2026-06-20T14:08:32Z [17ms] [Info] [omni.ext.plugin] [ext: omni.kit.window.quicksearch-2.4.4] registered (path: /isaac-sim/extscache/omni.kit.window.quicksearch-2.4.4)
2026-06-20T14:08:32Z [17ms] [Info] [omni.ext.plugin] [ext: omni.isaac.utils-2.0.6] registered (path: /isaac-sim/extsDeprecated/omni.isaac.utils)
2026-06-20T14:08:32Z [17ms] [Info] [omni.ext.plugin] [ext: omni.kit.window.preferences-1.8.0] registered (path: /isaac-sim/extscache/omni.kit.window.preferences-1.8.0+69cbf6ad)
2026-06-20T14:08:32Z [17ms] [Info] [omni.ext.plugin] [ext: omni.kit.window.script_editor-2.0.1] registered (path: /isaac-sim/extscache/omni.kit.window.script_editor-2.0.1+69cbf6ad)
2026-06-20T14:08:32Z [17ms] [Info] [omni.ext.plugin] [ext: omni.kit.window.material-1.7.2] registered (path: /isaac-sim/extscache/omni.kit.window.material-1.7.2+107.3)
2026-06-20T14:08:32Z [17ms] [Info] [omni.ext.plugin] [ext: omni.kit.window.stats-0.1.7] registered (path: /isaac-sim/extscache/omni.kit.window.stats-0.1.7+69cbf6ad)
2026-06-20T14:08:32Z [17ms] [Info] [omni.ext.plugin] [ext: omni.kit.window.movie_capture-2.5.6] registered (path: /isaac-sim/extscache/omni.kit.window.movie_capture-2.5.6+107.3)
2026-06-20T14:08:32Z [17ms] [Info] [omni.ext.plugin] [ext: omni.kit.window.section-107.0.3] registered (path: /isaac-sim/extscache/omni.kit.window.section-107.0.3)
2026-06-20T14:08:32Z [17ms] [Info] [omni.ext.plugin] [ext: omni.kit.window.stage-2.6.1] registered (path: /isaac-sim/extscache/omni.kit.window.stage-2.6.1+69cbf6ad)
2026-06-20T14:08:32Z [17ms] [Info] [omni.ext.plugin] [ext: omni.kit.window.extensions-1.4.27] registered (path: /isaac-sim/extscache/omni.kit.window.extensions-1.4.27+69cbf6ad)
2026-06-20T14:08:32Z [17ms] [Info] [omni.ext.plugin] [ext: omni.kit.window.title-1.1.7] registered (path: /isaac-sim/extscache/omni.kit.window.title-1.1.7+69cbf6ad)
2026-06-20T14:08:32Z [17ms] [Info] [omni.ext.plugin] [ext: omni.kit.window.status_bar-0.1.9] registered (path: /isaac-sim/extscache/omni.kit.window.status_bar-0.1.9+69cbf6ad.lx64.r.cp311)
2026-06-20T14:08:32Z [17ms] [Info] [omni.ext.plugin] [ext: omni.kit.window.toolbar-2.0.0] registered (path: /isaac-sim/extscache/omni.kit.window.toolbar-2.0.0+69cbf6ad)
2026-06-20T14:08:32Z [17ms] [Info] [omni.ext.plugin] [ext: omni.kit.window.usddebug-1.1.2] registered (path: /isaac-sim/extscache/omni.kit.window.usddebug-1.1.2)
2026-06-20T14:08:32Z [17ms] [Info] [omni.ext.plugin] [ext: omni.isaac.universal_robots-1.0.6] registered (path: /isaac-sim/extsDeprecated/omni.isaac.universal_robots)
2026-06-20T14:08:32Z [17ms] [Info] [omni.ext.plugin] [ext: omni.kit.window.usd_paths-1.0.8] registered (path: /isaac-sim/extscache/omni.kit.window.usd_paths-1.0.8+69cbf6ad)
2026-06-20T14:08:32Z [17ms] [Info] [omni.ext.plugin] [ext: omni.kit.xr.advertise-107.3.109] registered (path: /isaac-sim/extscache/omni.kit.xr.advertise-107.3.109+107.3.3.cp311.u353)
2026-06-20T14:08:32Z [18ms] [Info] [omni.ext.plugin] [ext: omni.isaac.unit_converter-0.1.16] registered (path: /isaac-sim/extsDeprecated/omni.isaac.unit_converter)
2026-06-20T14:08:32Z [18ms] [Info] [omni.ext.plugin] [ext: omni.kit.xr.profile.tabletar-107.3.109] registered (path: /isaac-sim/extscache/omni.kit.xr.profile.tabletar-107.3.109+107.3.3.cp311.u353)
2026-06-20T14:08:32Z [18ms] [Info] [omni.ext.plugin] [ext: omni.kit.xr.profile.vr-107.3.109] registered (path: /isaac-sim/extscache/omni.kit.xr.profile.vr-107.3.109+107.3.3.cp311.u353)
2026-06-20T14:08:32Z [18ms] [Info] [omni.ext.plugin] [ext: omni.kit.xr.profile.ar-107.3.109] registered (path: /isaac-sim/extscache/omni.kit.xr.profile.ar-107.3.109+107.3.3.cp311.u353)
2026-06-20T14:08:32Z [18ms] [Info] [omni.ext.plugin] [ext: omni.kit.xr.core-107.3.109] registered (path: /isaac-sim/extscache/omni.kit.xr.core-107.3.109+107.3.3.lx64.r.cp311.u353)
2026-06-20T14:08:32Z [18ms] [Info] [omni.ext.plugin] [ext: omni.kit.xr.scene_view.core-107.3.109] registered (path: /isaac-sim/extscache/omni.kit.xr.scene_view.core-107.3.109+107.3.3.lx64.r.cp311.u353)
2026-06-20T14:08:32Z [18ms] [Info] [omni.ext.plugin] [ext: omni.localcache-107.3.26] registered (path: /isaac-sim/extscache/omni.localcache-107.3.26+107.3.3.lx64.r.cp311.u353)
2026-06-20T14:08:32Z [18ms] [Info] [omni.ext.plugin] [ext: omni.kit.xr.scene_view.utils-107.3.109] registered (path: /isaac-sim/extscache/omni.kit.xr.scene_view.utils-107.3.109+107.3.3.cp311.u353)
2026-06-20T14:08:32Z [18ms] [Info] [omni.ext.plugin] [ext: omni.kit.xr.system.openxr-107.3.109] registered (path: /isaac-sim/extscache/omni.kit.xr.system.openxr-107.3.109+107.3.3.lx64.r.cp311.u353)
2026-06-20T14:08:32Z [18ms] [Info] [omni.ext.plugin] [ext: omni.kvdb-107.3.26] registered (path: /isaac-sim/extscache/omni.kvdb-107.3.26+107.3.3.lx64.r.cp311.u353)
2026-06-20T14:08:32Z [18ms] [Info] [omni.ext.plugin] [ext: omni.kit.xr.system.simulatedxr-107.3.109] registered (path: /isaac-sim/extscache/omni.kit.xr.system.simulatedxr-107.3.109+107.3.3.lx64.r.cp311.u353)
2026-06-20T14:08:32Z [18ms] [Info] [omni.ext.plugin] [ext: omni.kit.xr.ui.stage-107.3.109] registered (path: /isaac-sim/extscache/omni.kit.xr.ui.stage-107.3.109+107.3.3.cp311.u353)
2026-06-20T14:08:32Z [18ms] [Info] [omni.ext.plugin] [ext: omni.kit.xr.ui.window.profile-107.3.109] registered (path: /isaac-sim/extscache/omni.kit.xr.ui.window.profile-107.3.109+107.3.3.cp311.u353)
2026-06-20T14:08:32Z [18ms] [Info] [omni.ext.plugin] [ext: omni.kit.xr.ui.window.viewport-107.3.109] registered (path: /isaac-sim/extscache/omni.kit.xr.ui.window.viewport-107.3.109+107.3.3.cp311.u353)
2026-06-20T14:08:32Z [18ms] [Info] [omni.ext.plugin] [ext: omni.isaac.ui_template-1.0.6] registered (path: /isaac-sim/extsDeprecated/omni.isaac.ui_template)
2026-06-20T14:08:32Z [18ms] [Info] [omni.ext.plugin] [ext: omni.kit.xr.profile.common-107.3.109] registered (path: /isaac-sim/extscache/omni.kit.xr.profile.common-107.3.109+107.3.3.cp311.u353)
2026-06-20T14:08:32Z [18ms] [Info] [omni.ext.plugin] [ext: omni.metrics.core-0.0.3] registered (path: /isaac-sim/extscache/omni.metrics.core-0.0.3+69cbf6ad.lx64.r)
2026-06-20T14:08:32Z [18ms] [Info] [omni.ext.plugin] [ext: omni.mdl-56.0.3] registered (path: /isaac-sim/extscache/omni.mdl-56.0.3+69cbf6ad.lx64.r.cp311)
2026-06-20T14:08:32Z [18ms] [Info] [omni.ext.plugin] [ext: omni.materialx.libs-1.0.7] registered (path: /isaac-sim/extscache/omni.materialx.libs-1.0.7+69cbf6ad.lx64.r.cp311)
2026-06-20T14:08:32Z [18ms] [Info] [omni.ext.plugin] [ext: omni.no_code_ui.bundle-1.1.2] registered (path: /isaac-sim/extscache/omni.no_code_ui.bundle-1.1.2+107.0)
2026-06-20T14:08:32Z [18ms] [Info] [omni.ext.plugin] [ext: omni.physics-107.3.26] registered (path: /isaac-sim/extscache/omni.physics-107.3.26+107.3.3.lx64.r.cp311.u353)
2026-06-20T14:08:32Z [18ms] [Info] [omni.ext.plugin] [ext: omni.ocio-0.1.1] registered (path: /isaac-sim/extscache/omni.ocio-0.1.1+69cbf6ad.lx64.r.cp311)
2026-06-20T14:08:32Z [18ms] [Info] [omni.ext.plugin] [ext: omni.metropolis.utils-0.1.20] registered (path: /isaac-sim/extscache/omni.metropolis.utils-0.1.20+107.3.3.lx64.cp311)
2026-06-20T14:08:32Z [18ms] [Info] [omni.ext.plugin] [ext: omni.physics.stageupdate-107.3.26] registered (path: /isaac-sim/extscache/omni.physics.stageupdate-107.3.26+107.3.3.lx64.r.cp311.u353)
2026-06-20T14:08:32Z [18ms] [Info] [omni.ext.plugin] [ext: omni.physics.physx-107.3.26] registered (path: /isaac-sim/extscache/omni.physics.physx-107.3.26+107.3.3.lx64.r.cp311.u353)
2026-06-20T14:08:32Z [18ms] [Info] [omni.ext.plugin] [ext: omni.physics.tensors-107.3.26] registered (path: /isaac-sim/extscache/omni.physics.tensors-107.3.26+107.3.3.lx64.r.cp311.u353)
2026-06-20T14:08:32Z [18ms] [Info] [omni.ext.plugin] [ext: omni.mdl.usd_converter-1.0.30] registered (path: /isaac-sim/extscache/omni.mdl.usd_converter-1.0.30+69cbf6ad)
2026-06-20T14:08:32Z [18ms] [Info] [omni.ext.plugin] [ext: omni.isaac.ui-1.0.7] registered (path: /isaac-sim/extsDeprecated/omni.isaac.ui)
2026-06-20T14:08:32Z [18ms] [Info] [omni.ext.plugin] [ext: omni.mdl.neuraylib-0.2.12] registered (path: /isaac-sim/extscache/omni.mdl.neuraylib-0.2.12+69cbf6ad.lx64.r.cp311)
2026-06-20T14:08:32Z [18ms] [Info] [omni.ext.plugin] [ext: omni.physx.asset_validator-107.3.26] registered (path: /isaac-sim/extscache/omni.physx.asset_validator-107.3.26+107.3.3.lx64.r.cp311.u353)
2026-06-20T14:08:32Z [18ms] [Info] [omni.ext.plugin] [ext: omni.physx-107.3.26] registered (path: /isaac-sim/extscache/omni.physx-107.3.26+107.3.3.lx64.r.cp311.u353)
2026-06-20T14:08:32Z [18ms] [Info] [omni.ext.plugin] [ext: omni.physx.commands-107.3.26] registered (path: /isaac-sim/extscache/omni.physx.commands-107.3.26+107.3.3.cp311.u353)
2026-06-20T14:08:32Z [18ms] [Info] [omni.ext.plugin] [ext: omni.physx.camera-107.3.26] registered (path: /isaac-sim/extscache/omni.physx.camera-107.3.26+107.3.3.lx64.r.cp311.u353)
2026-06-20T14:08:32Z [18ms] [Info] [omni.ext.plugin] [ext: omni.physx.foundation-107.3.26] registered (path: /isaac-sim/extscache/omni.physx.foundation-107.3.26+107.3.3.lx64.r.cp311.u353)
2026-06-20T14:08:32Z [18ms] [Info] [omni.ext.plugin] [ext: omni.physx.cct-107.3.26] registered (path: /isaac-sim/extscache/omni.physx.cct-107.3.26+107.3.3.lx64.r.cp311.u353)
2026-06-20T14:08:32Z [18ms] [Info] [omni.ext.plugin] [ext: omni.physx.fabric-107.3.26] registered (path: /isaac-sim/extscache/omni.physx.fabric-107.3.26+107.3.3.lx64.r.cp311.u353)
2026-06-20T14:08:32Z [18ms] [Info] [omni.ext.plugin] [ext: omni.physx.bundle-107.3.26] registered (path: /isaac-sim/extscache/omni.physx.bundle-107.3.26+107.3.3.cp311.u353)
2026-06-20T14:08:32Z [18ms] [Info] [omni.ext.plugin] [ext: omni.isaac.throttling-2.0.7] registered (path: /isaac-sim/extsDeprecated/omni.isaac.throttling)
2026-06-20T14:08:32Z [18ms] [Info] [omni.ext.plugin] [ext: omni.physx.cooking-107.3.26] registered (path: /isaac-sim/extscache/omni.physx.cooking-107.3.26+107.3.3.lx64.r.cp311.u353)
2026-06-20T14:08:32Z [18ms] [Info] [omni.ext.plugin] [ext: omni.physx.demos-107.3.26] registered (path: /isaac-sim/extscache/omni.physx.demos-107.3.26+107.3.3.cp311.u353)
2026-06-20T14:08:32Z [18ms] [Info] [omni.ext.plugin] [ext: omni.physx.telemetry-107.3.26] registered (path: /isaac-sim/extscache/omni.physx.telemetry-107.3.26+107.3.3.cp311.u353)
2026-06-20T14:08:32Z [18ms] [Info] [omni.ext.plugin] [ext: omni.physx.graph-107.3.26] registered (path: /isaac-sim/extscache/omni.physx.graph-107.3.26+107.3.3.lx64.r.cp311.u353)
2026-06-20T14:08:32Z [18ms] [Info] [omni.ext.plugin] [ext: omni.physx.tensors-107.3.26] registered (path: /isaac-sim/extscache/omni.physx.tensors-107.3.26+107.3.3.lx64.r.cp311.u353)
2026-06-20T14:08:32Z [18ms] [Info] [omni.ext.plugin] [ext: omni.physx.pvd-107.3.26] registered (path: /isaac-sim/extscache/omni.physx.pvd-107.3.26+107.3.3.lx64.r.cp311.u353)
2026-06-20T14:08:32Z [19ms] [Info] [omni.ext.plugin] [ext: omni.physx.tests.visual-107.3.26] registered (path: /isaac-sim/extscache/omni.physx.tests.visual-107.3.26+107.3.3.cp311.u353)
2026-06-20T14:08:32Z [19ms] [Info] [omni.ext.plugin] [ext: omni.physx.supportui-107.3.26] registered (path: /isaac-sim/extscache/omni.physx.supportui-107.3.26+107.3.3.lx64.r.cp311.u353)
2026-06-20T14:08:32Z [19ms] [Info] [omni.ext.plugin] [ext: omni.isaac.tf_viewer-1.0.7] registered (path: /isaac-sim/extsDeprecated/omni.isaac.tf_viewer)
2026-06-20T14:08:32Z [19ms] [Info] [omni.ext.plugin] [ext: omni.physx.vehicle-107.3.26] registered (path: /isaac-sim/extscache/omni.physx.vehicle-107.3.26+107.3.3.lx64.r.cp311.u353)
2026-06-20T14:08:32Z [19ms] [Info] [omni.ext.plugin] [ext: omni.ramp-107.0.1] registered (path: /isaac-sim/extscache/omni.ramp-107.0.1+107.0.3.lx64.r.cp311.u353)
2026-06-20T14:08:32Z [19ms] [Info] [omni.ext.plugin] [ext: omni.rtx.shadercache.vulkan-1.0.0] registered (path: /isaac-sim/extscache/omni.rtx.shadercache.vulkan-1.0.0+69cbf6ad.lx64.r)
2026-06-20T14:08:32Z [19ms] [Info] [omni.ext.plugin] [ext: omni.replicator.replicator_yaml-2.0.11] registered (path: /isaac-sim/extscache/omni.replicator.replicator_yaml-2.0.11+107.3.3.lx64)
2026-06-20T14:08:32Z [19ms] [Info] [omni.ext.plugin] [ext: omni.physx.ui-107.3.26] registered (path: /isaac-sim/extscache/omni.physx.ui-107.3.26+107.3.3.lx64.r.cp311.u353)
2026-06-20T14:08:32Z [19ms] [Info] [omni.ext.plugin] [ext: omni.scene.optimizer.bundle-107.3.12] registered (path: /isaac-sim/extscache/omni.scene.optimizer.bundle-107.3.12+107.3.0)
2026-06-20T14:08:32Z [19ms] [Info] [omni.ext.plugin] [ext: omni.resourcemonitor-107.0.1] registered (path: /isaac-sim/extscache/omni.resourcemonitor-107.0.1+69cbf6ad.lx64.r.cp311)
2026-06-20T14:08:32Z [19ms] [Info] [omni.ext.plugin] [ext: omni.rtx.settings.core-0.6.5] registered (path: /isaac-sim/extscache/omni.rtx.settings.core-0.6.5+69cbf6ad)
2026-06-20T14:08:32Z [19ms] [Info] [omni.ext.plugin] [ext: omni.scene.visualization.bundle-105.1.0] registered (path: /isaac-sim/extscache/omni.scene.visualization.bundle-105.1.0+107.0.3)
2026-06-20T14:08:32Z [19ms] [Info] [omni.ext.plugin] [ext: omni.scene.optimizer.core-107.3.12] registered (path: /isaac-sim/extscache/omni.scene.optimizer.core-107.3.12+107.3.0.lx64.r.cp311.u353)
2026-06-20T14:08:32Z [19ms] [Info] [omni.ext.plugin] [ext: omni.physx.tests-107.3.26] registered (path: /isaac-sim/extscache/omni.physx.tests-107.3.26+107.3.3.cp311.u353)
2026-06-20T14:08:32Z [19ms] [Info] [omni.ext.plugin] [ext: omni.isaac.tests-2.0.7] registered (path: /isaac-sim/extsDeprecated/omni.isaac.tests)
2026-06-20T14:08:32Z [19ms] [Info] [omni.ext.plugin] [ext: omni.scene.optimizer.ui-107.3.12] registered (path: /isaac-sim/extscache/omni.scene.optimizer.ui-107.3.12+107.3.0)
2026-06-20T14:08:32Z [19ms] [Info] [omni.ext.plugin] [ext: omni.rtx.window.settings-0.6.19] registered (path: /isaac-sim/extscache/omni.rtx.window.settings-0.6.19+69cbf6ad.lx64.r.cp311)
2026-06-20T14:08:32Z [19ms] [Info] [omni.ext.plugin] [ext: omni.scene.visualization.core-107.0.2] registered (path: /isaac-sim/extscache/omni.scene.visualization.core-107.0.2+107.0.3.lx64.r.cp311.u353)
2026-06-20T14:08:32Z [19ms] [Info] [omni.ext.plugin] [ext: omni.replicator.core-1.12.27] registered (path: /isaac-sim/extscache/omni.replicator.core-1.12.27+107.3.3.lx64.r.cp311)
2026-06-20T14:08:32Z [19ms] [Info] [omni.ext.plugin] [ext: omni.sensors.net-1.0.0] registered (path: /isaac-sim/extscache/omni.sensors.net-1.0.0+69cbf6ad.lx64.r.cp311)
2026-06-20T14:08:32Z [19ms] [Info] [omni.ext.plugin] [ext: omni.scene.visualization.ui-107.0.1] registered (path: /isaac-sim/extscache/omni.scene.visualization.ui-107.0.1+107.0.3)
2026-06-20T14:08:32Z [19ms] [Info] [omni.ext.plugin] [ext: omni.sensors.nv.lidar-3.0.0] registered (path: /isaac-sim/extscache/omni.sensors.nv.lidar-3.0.0+69cbf6ad.lx64.r.cp311)
2026-06-20T14:08:32Z [19ms] [Info] [omni.ext.plugin] [ext: omni.services.client-0.5.3] registered (path: /isaac-sim/extscache/omni.services.client-0.5.3)
2026-06-20T14:08:32Z [19ms] [Info] [omni.ext.plugin] [ext: omni.sensors.nv.wpm-3.0.0] registered (path: /isaac-sim/extscache/omni.sensors.nv.wpm-3.0.0+69cbf6ad.lx64.r)
2026-06-20T14:08:32Z [19ms] [Info] [omni.ext.plugin] [ext: omni.sensors.nv.ultrasonic-3.0.0] registered (path: /isaac-sim/extscache/omni.sensors.nv.ultrasonic-3.0.0+69cbf6ad.lx64.r.cp311)
2026-06-20T14:08:32Z [19ms] [Info] [omni.ext.plugin] [ext: omni.sensors.nv.camera-1.0.0] registered (path: /isaac-sim/extscache/omni.sensors.nv.camera-1.0.0+69cbf6ad.lx64.r)
2026-06-20T14:08:32Z [19ms] [Info] [omni.ext.plugin] [ext: omni.sensors.nv.ids-2.0.0] registered (path: /isaac-sim/extscache/omni.sensors.nv.ids-2.0.0+69cbf6ad.lx64.r.cp311)
2026-06-20T14:08:32Z [19ms] [Info] [omni.ext.plugin] [ext: omni.sensors.nv.radar-3.0.0] registered (path: /isaac-sim/extscache/omni.sensors.nv.radar-3.0.0+69cbf6ad.lx64.r.cp311)
2026-06-20T14:08:32Z [19ms] [Info] [omni.ext.plugin] [ext: omni.sensors.nv.materials-2.0.0] registered (path: /isaac-sim/extscache/omni.sensors.nv.materials-2.0.0+69cbf6ad.lx64.r.cp311)
2026-06-20T14:08:32Z [19ms] [Info] [omni.ext.plugin] [ext: omni.sensors.nv.common-3.0.0] registered (path: /isaac-sim/extscache/omni.sensors.nv.common-3.0.0+69cbf6ad.lx64.r.cp311)
2026-06-20T14:08:32Z [19ms] [Info] [omni.ext.plugin] [ext: omni.services.facilities.base-1.0.4] registered (path: /isaac-sim/extscache/omni.services.facilities.base-1.0.4)
2026-06-20T14:08:32Z [19ms] [Info] [omni.ext.plugin] [ext: omni.isaac.synthetic_recorder-2.0.6] registered (path: /isaac-sim/extsDeprecated/omni.isaac.synthetic_recorder)
2026-06-20T14:08:32Z [19ms] [Info] [omni.ext.plugin] [ext: omni.services.facilities.monitoring.progress-0.2.4] registered (path: /isaac-sim/extscache/omni.services.facilities.monitoring.progress-0.2.4)
2026-06-20T14:08:32Z [19ms] [Info] [omni.ext.plugin] [ext: omni.services.facilities.monitoring.metrics-0.3.0] registered (path: /isaac-sim/extscache/omni.services.facilities.monitoring.metrics-0.3.0)
2026-06-20T14:08:32Z [19ms] [Info] [omni.ext.plugin] [ext: omni.services.convert.cad-507.0.2] registered (path: /isaac-sim/extscache/omni.services.convert.cad-507.0.2+107.3.1.u353)
2026-06-20T14:08:32Z [19ms] [Info] [omni.ext.plugin] [ext: omni.services.convert.asset-508.0.2] registered (path: /isaac-sim/extscache/omni.services.convert.asset-508.0.2+107.3.1.u353)
2026-06-20T14:08:32Z [19ms] [Info] [omni.ext.plugin] [ext: omni.services.core-1.9.0] registered (path: /isaac-sim/extscache/omni.services.core-1.9.0)
2026-06-20T14:08:32Z [19ms] [Info] [omni.ext.plugin] [ext: omni.services.transport.client.base-1.2.4] registered (path: /isaac-sim/extscache/omni.services.transport.client.base-1.2.4)
2026-06-20T14:08:32Z [19ms] [Info] [omni.ext.plugin] [ext: omni.services.transport.server.base-1.1.1] registered (path: /isaac-sim/extscache/omni.services.transport.server.base-1.1.1)
2026-06-20T14:08:32Z [19ms] [Info] [omni.ext.plugin] [ext: omni.services.starfleet.auth-0.1.5] registered (path: /isaac-sim/extscache/omni.services.starfleet.auth-0.1.5)
2026-06-20T14:08:32Z [19ms] [Info] [omni.ext.plugin] [ext: omni.services.livestream.nvcf-7.2.0] registered (path: /isaac-sim/extscache/omni.services.livestream.nvcf-7.2.0+107.0.3)
2026-06-20T14:08:32Z [19ms] [Info] [omni.ext.plugin] [ext: omni.services.pip_archive-0.16.0] registered (path: /isaac-sim/extscache/omni.services.pip_archive-0.16.0+107.0.3.lx64.cp311)
2026-06-20T14:08:32Z [19ms] [Info] [omni.ext.plugin] [ext: omni.services.transport.client.http_async-1.4.0] registered (path: /isaac-sim/extscache/omni.services.transport.client.http_async-1.4.0)
2026-06-20T14:08:32Z [19ms] [Info] [omni.ext.plugin] [ext: omni.isaac.surface_gripper.ui-2.0.5] registered (path: /isaac-sim/extsDeprecated/omni.isaac.surface_gripper.ui)
2026-06-20T14:08:32Z [19ms] [Info] [omni.ext.plugin] [ext: omni.services.usd-1.1.0] registered (path: /isaac-sim/extscache/omni.services.usd-1.1.0)
2026-06-20T14:08:32Z [19ms] [Info] [omni.ext.plugin] [ext: omni.services.transport.server.zeroconf-1.0.9] registered (path: /isaac-sim/extscache/omni.services.transport.server.zeroconf-1.0.9)
2026-06-20T14:08:32Z [19ms] [Info] [omni.ext.plugin] [ext: omni.services.transport.server.http-1.3.1] registered (path: /isaac-sim/extscache/omni.services.transport.server.http-1.3.1)
2026-06-20T14:08:32Z [19ms] [Info] [omni.ext.plugin] [ext: omni.simready.explorer-1.1.3] registered (path: /isaac-sim/extscache/omni.simready.explorer-1.1.3)
2026-06-20T14:08:32Z [19ms] [Info] [omni.ext.plugin] [ext: omni.stats-1.0.1] registered (path: /isaac-sim/extscache/omni.stats-1.0.1+69cbf6ad.lx64.r.cp311)
2026-06-20T14:08:32Z [20ms] [Info] [omni.ext.plugin] [ext: omni.timeline-1.0.14] registered (path: /isaac-sim/extscache/omni.timeline-1.0.14+69cbf6ad.lx64.r.cp311)
2026-06-20T14:08:32Z [20ms] [Info] [omni.ext.plugin] [ext: omni.timeline.live_session-1.1.0] registered (path: /isaac-sim/extscache/omni.timeline.live_session-1.1.0+69cbf6ad)
2026-06-20T14:08:32Z [20ms] [Info] [omni.ext.plugin] [ext: omni.isaac.surface_gripper-2.0.6] registered (path: /isaac-sim/extsDeprecated/omni.isaac.surface_gripper)
2026-06-20T14:08:32Z [20ms] [Info] [omni.ext.plugin] [ext: omni.ujitso.client-0.0.0] registered (path: /isaac-sim/extscache/omni.ujitso.client-0.0.0+69cbf6ad.lx64.r)
2026-06-20T14:08:32Z [20ms] [Info] [omni.ext.plugin] [ext: omni.uiaudio-1.0.0] registered (path: /isaac-sim/extscache/omni.uiaudio-1.0.0+69cbf6ad.lx64.r.cp311)
2026-06-20T14:08:32Z [20ms] [Info] [omni.ext.plugin] [ext: omni.ui_query-1.1.8] registered (path: /isaac-sim/extscache/omni.ui_query-1.1.8+69cbf6ad)
2026-06-20T14:08:32Z [20ms] [Info] [omni.ext.plugin] [ext: omni.tools.array-107.0.0] registered (path: /isaac-sim/extscache/omni.tools.array-107.0.0)
2026-06-20T14:08:32Z [20ms] [Info] [omni.ext.plugin] [ext: omni.ui.scene-1.11.5] registered (path: /isaac-sim/extscache/omni.ui.scene-1.11.5+69cbf6ad.lx64.r.cp311)
2026-06-20T14:08:32Z [20ms] [Info] [omni.ext.plugin] [ext: omni.usd.config-1.0.6] registered (path: /isaac-sim/extscache/omni.usd.config-1.0.6+69cbf6ad)
2026-06-20T14:08:32Z [20ms] [Info] [omni.ext.plugin] [ext: omni.ujitso.default-1.0.0] registered (path: /isaac-sim/extscache/omni.ujitso.default-1.0.0+69cbf6ad.lx64.r.cp311)
2026-06-20T14:08:32Z [20ms] [Info] [omni.ext.plugin] [ext: omni.usd.core-1.5.3] registered (path: /isaac-sim/extscache/omni.usd.core-1.5.3+69cbf6ad.lx64.r)
2026-06-20T14:08:32Z [20ms] [Info] [omni.ext.plugin] [ext: omni.usd.fileformat.pts-107.1.1] registered (path: /isaac-sim/extscache/omni.usd.fileformat.pts-107.1.1+107.3.0.lx64.r.cp311.u353)
2026-06-20T14:08:32Z [20ms] [Info] [omni.ext.plugin] [ext: omni.usd.fileformat.e57-1.4.3] registered (path: /isaac-sim/extscache/omni.usd.fileformat.e57-1.4.3+107.3.0.lx64.r.cp311.u353)
2026-06-20T14:08:32Z [20ms] [Info] [omni.ext.plugin] [ext: omni.isaac.sensor-13.0.7] registered (path: /isaac-sim/extsDeprecated/omni.isaac.sensor)
2026-06-20T14:08:32Z [20ms] [Info] [omni.ext.plugin] [ext: omni.usd.metrics.assembler-107.3.1] registered (path: /isaac-sim/extscache/omni.usd.metrics.assembler-107.3.1+107.3.0.lx64.r.cp311.u353)
2026-06-20T14:08:32Z [20ms] [Info] [omni.ext.plugin] [ext: omni.usd.metrics.assembler.physics-107.3.26] registered (path: /isaac-sim/extscache/omni.usd.metrics.assembler.physics-107.3.26+107.3.3.cp311.u353)
2026-06-20T14:08:32Z [20ms] [Info] [omni.ext.plugin] [ext: omni.ui-2.27.1] registered (path: /isaac-sim/extscache/omni.ui-2.27.1+69cbf6ad.lx64.r.cp311)
2026-06-20T14:08:32Z [20ms] [Info] [omni.ext.plugin] [ext: omni.usd.schema.flow-107.1.1] registered (path: /isaac-sim/extscache/omni.usd.schema.flow-107.1.1+107.1.0.u353)
2026-06-20T14:08:32Z [20ms] [Info] [omni.ext.plugin] [ext: omni.usd-1.13.10] registered (path: /isaac-sim/extscache/omni.usd-1.13.10+69cbf6ad.lx64.r.cp311)
2026-06-20T14:08:32Z [20ms] [Info] [omni.ext.plugin] [ext: omni.syntheticdata-0.6.13] registered (path: /isaac-sim/extscache/omni.syntheticdata-0.6.13+69cbf6ad.lx64.r.cp311)
2026-06-20T14:08:32Z [20ms] [Info] [omni.ext.plugin] [ext: omni.usd.schema.audio-0.0.0] registered (path: /isaac-sim/extscache/omni.usd.schema.audio-0.0.0+69cbf6ad.lx64.r.cp311)
2026-06-20T14:08:32Z [20ms] [Info] [omni.ext.plugin] [ext: omni.usd.metrics.assembler.ui-107.3.1] registered (path: /isaac-sim/extscache/omni.usd.metrics.assembler.ui-107.3.1+107.3.0.cp311.u353)
2026-06-20T14:08:32Z [20ms] [Info] [omni.ext.plugin] [ext: omni.usd.schema.geospatial-0.0.0] registered (path: /isaac-sim/extscache/omni.usd.schema.geospatial-0.0.0+69cbf6ad.lx64.r.cp311)
2026-06-20T14:08:32Z [20ms] [Info] [omni.ext.plugin] [ext: omni.usd.schema.anim-0.0.0] registered (path: /isaac-sim/extscache/omni.usd.schema.anim-0.0.0+69cbf6ad.lx64.r.cp311)
2026-06-20T14:08:32Z [20ms] [Info] [omni.ext.plugin] [ext: omni.usd.schema.omni_lens_distortion-0.0.0] registered (path: /isaac-sim/extscache/omni.usd.schema.omni_lens_distortion-0.0.0+69cbf6ad)
2026-06-20T14:08:32Z [20ms] [Info] [omni.ext.plugin] [ext: omni.usd.schema.metrics.assembler-107.3.1] registered (path: /isaac-sim/extscache/omni.usd.schema.metrics.assembler-107.3.1+107.3.0.lx64.r.cp311.u353)
2026-06-20T14:08:32Z [20ms] [Info] [omni.ext.plugin] [ext: omni.usd.schema.omni_sensors-0.0.0] registered (path: /isaac-sim/extscache/omni.usd.schema.omni_sensors-0.0.0+69cbf6ad)
2026-06-20T14:08:32Z [20ms] [Info] [omni.ext.plugin] [ext: omni.isaac.scene_blox-1.0.6] registered (path: /isaac-sim/extsDeprecated/omni.isaac.scene_blox)
2026-06-20T14:08:32Z [20ms] [Info] [omni.ext.plugin] [ext: omni.usd.schema.omnigraph-1.0.0] registered (path: /isaac-sim/extscache/omni.usd.schema.omnigraph-1.0.0+69cbf6ad.lx64.r.cp311)
2026-06-20T14:08:32Z [20ms] [Info] [omni.ext.plugin] [ext: omni.usd.schema.omniscripting-1.0.0] registered (path: /isaac-sim/extscache/omni.usd.schema.omniscripting-1.0.0+69cbf6ad.lx64.r.cp311)
2026-06-20T14:08:32Z [20ms] [Info] [omni.ext.plugin] [ext: omni.usd.schema.physx-107.3.26] registered (path: /isaac-sim/extscache/omni.usd.schema.physx-107.3.26+107.3.3.lx64.r.cp311.u353)
2026-06-20T14:08:32Z [20ms] [Info] [omni.ext.plugin] [ext: omni.usd.schema.semantics-0.0.0] registered (path: /isaac-sim/extscache/omni.usd.schema.semantics-0.0.0+69cbf6ad.lx64.r.cp311)
2026-06-20T14:08:32Z [20ms] [Info] [omni.ext.plugin] [ext: omni.usd.schema.scene.visualization-2.0.2] registered (path: /isaac-sim/extscache/omni.usd.schema.scene.visualization-2.0.2+107.0.3)
2026-06-20T14:08:32Z [20ms] [Info] [omni.ext.plugin] [ext: omni.usd_resolver-1.0.0] registered (path: /isaac-sim/extscache/omni.usd_resolver-1.0.0+69cbf6ad.lx64.r.cp311)
2026-06-20T14:08:32Z [20ms] [Info] [omni.ext.plugin] [ext: omni.isaac.ros2_bridge.robot_description-1.1.5] registered (path: /isaac-sim/extsDeprecated/omni.isaac.ros2_bridge.robot_description)
2026-06-20T14:08:32Z [20ms] [Info] [omni.ext.plugin] [ext: omni.usd.schema.render_settings.rtx-0.0.0] registered (path: /isaac-sim/extscache/omni.usd.schema.render_settings.rtx-0.0.0+69cbf6ad)
2026-06-20T14:08:32Z [20ms] [Info] [omni.ext.plugin] [ext: omni.usdphysics-107.3.26] registered (path: /isaac-sim/extscache/omni.usdphysics-107.3.26+107.3.3.lx64.r.cp311.u353)
2026-06-20T14:08:32Z [20ms] [Info] [omni.ext.plugin] [ext: omni.usd.schema.sequence-3.0.1] registered (path: /isaac-sim/extscache/omni.usd.schema.sequence-3.0.1+107.2.0.lx64.r.cp311.u353)
2026-06-20T14:08:32Z [20ms] [Info] [omni.ext.plugin] [ext: omni.vdb_timesample_editor-0.2.0] registered (path: /isaac-sim/extscache/omni.vdb_timesample_editor-0.2.0)
2026-06-20T14:08:32Z [20ms] [Info] [omni.ext.plugin] [ext: omni.usdex.libs-1.2.2] registered (path: /isaac-sim/extscache/omni.usdex.libs-1.2.2+107.3.1.lx64.r.cp311.u353)
2026-06-20T14:08:32Z [20ms] [Info] [omni.ext.plugin] [ext: omni.warehouse_creator-0.4.4] registered (path: /isaac-sim/extscache/omni.warehouse_creator-0.4.4)
2026-06-20T14:08:32Z [20ms] [Info] [omni.ext.plugin] [ext: omni.usdphysics.ui-107.3.26] registered (path: /isaac-sim/extscache/omni.usdphysics.ui-107.3.26+107.3.3.lx64.r.cp311.u353)
2026-06-20T14:08:32Z [20ms] [Info] [omni.ext.plugin] [ext: omni.videoencoding-0.1.2] registered (path: /isaac-sim/extscache/omni.videoencoding-0.1.2+69cbf6ad.lx64.r.cp311)
2026-06-20T14:08:32Z [20ms] [Info] [omni.ext.plugin] [ext: omni.volume-0.5.2] registered (path: /isaac-sim/extscache/omni.volume-0.5.2+69cbf6ad.lx64.r.cp311)
2026-06-20T14:08:32Z [20ms] [Info] [omni.ext.plugin] [ext: omni.usd.libs-1.0.1] registered (path: /isaac-sim/extscache/omni.usd.libs-1.0.1+69cbf6ad.lx64.r.cp311)
2026-06-20T14:08:32Z [20ms] [Info] [omni.ext.plugin] [ext: omni.warp.core-1.8.2] registered (path: /isaac-sim/extscache/omni.warp.core-1.8.2+lx64)
2026-06-20T14:08:32Z [20ms] [Info] [omni.ext.plugin] [ext: semantics.schema.editor-2.0.2] registered (path: /isaac-sim/extscache/semantics.schema.editor-2.0.2)
2026-06-20T14:08:32Z [21ms] [Info] [omni.ext.plugin] [ext: omni.isaac.app.selector-3.0.7] registered (path: /isaac-sim/extsDeprecated/omni.isaac.app.selector)
2026-06-20T14:08:32Z [21ms] [Info] [omni.ext.plugin] [ext: omni.isaac.ros2_bridge-3.0.8] registered (path: /isaac-sim/extsDeprecated/omni.isaac.ros2_bridge)
2026-06-20T14:08:32Z [21ms] [Info] [omni.ext.plugin] [ext: omni.isaac.app.setup-1.0.6] registered (path: /isaac-sim/extsDeprecated/omni.isaac.app.setup)
2026-06-20T14:08:32Z [21ms] [Info] [omni.ext.plugin] [ext: semantics.schema.property-2.0.1] registered (path: /isaac-sim/extscache/semantics.schema.property-2.0.1)
2026-06-20T14:08:32Z [21ms] [Info] [omni.ext.plugin] [ext: omni.isaac.asset_browser-1.0.6] registered (path: /isaac-sim/extsDeprecated/omni.isaac.asset_browser)
2026-06-20T14:08:32Z [21ms] [Info] [omni.ext.plugin] [ext: omni.isaac.assets_check-0.3.13] registered (path: /isaac-sim/extsDeprecated/omni.isaac.assets_check)
2026-06-20T14:08:32Z [21ms] [Info] [omni.ext.plugin] [ext: omni.isaac.articulation_inspector-0.1.16] registered (path: /isaac-sim/extsDeprecated/omni.isaac.articulation_inspector)
2026-06-20T14:08:32Z [20ms] [Info] [omni.ext.plugin] [ext: isaacsim.replicator.scene_blox-1.0.8] registered (path: /isaac-sim/extsDeprecated/isaacsim.replicator.scene_blox)
2026-06-20T14:08:32Z [21ms] [Info] [omni.ext.plugin] [ext: omni.warp-1.8.2] registered (path: /isaac-sim/extscache/omni.warp-1.8.2)
2026-06-20T14:08:32Z [21ms] [Info] [omni.ext.plugin] [ext: omni.isaac.benchmarks-1.0.6] registered (path: /isaac-sim/extsDeprecated/omni.isaac.benchmarks)
2026-06-20T14:08:32Z [21ms] [Info] [omni.ext.plugin] [ext: omni.isaac.benchmark.services-2.0.7] registered (path: /isaac-sim/extsDeprecated/omni.isaac.benchmark.services)
2026-06-20T14:08:32Z [21ms] [Info] [omni.ext.plugin] [ext: omni.exporter.urdf-1.0.9] registered (path: /isaac-sim/extsDeprecated/omni.exporter.urdf)
2026-06-20T14:08:32Z [21ms] [Info] [omni.ext.plugin] [ext: omni.isaac.common_includes-1.0.5] registered (path: /isaac-sim/extsDeprecated/omni.isaac.common_includes)
2026-06-20T14:08:32Z [21ms] [Info] [omni.ext.plugin] [ext: usdrt.scenegraph-7.6.1] registered (path: /isaac-sim/extscache/usdrt.scenegraph-7.6.1+69cbf6ad.lx64.r.cp311)
2026-06-20T14:08:32Z [21ms] [Info] [omni.ext.plugin] [ext: omni.isaac.camera_inspector-1.0.6] registered (path: /isaac-sim/extsDeprecated/omni.isaac.camera_inspector)
2026-06-20T14:08:32Z [21ms] [Info] [omni.ext.plugin] [ext: omni.isaac.block_world-2.0.6] registered (path: /isaac-sim/extsDeprecated/omni.isaac.block_world)
2026-06-20T14:08:32Z [21ms] [Info] [omni.ext.plugin] [ext: omni.isaac.cloner-1.0.7] registered (path: /isaac-sim/extsDeprecated/omni.isaac.cloner)
2026-06-20T14:08:32Z [21ms] [Info] [omni.ext.plugin] [ext: omni.isaac.robot_description_editor-3.0.5] registered (path: /isaac-sim/extsDeprecated/omni.isaac.robot_description_editor)
2026-06-20T14:08:32Z [21ms] [Info] [omni.ext.plugin] [ext: omni.isaac.core_nodes-2.0.6] registered (path: /isaac-sim/extsDeprecated/omni.isaac.core_nodes)
2026-06-20T14:08:32Z [21ms] [Info] [omni.ext.plugin] [ext: omni.isaac.core-4.0.7] registered (path: /isaac-sim/extsDeprecated/omni.isaac.core)
2026-06-20T14:08:32Z [21ms] [Info] [omni.ext.plugin] [ext: omni.isaac.conveyor.ui-2.0.9] registered (path: /isaac-sim/extsDeprecated/omni.isaac.conveyor.ui)
2026-06-20T14:08:32Z [21ms] [Info] [omni.ext.plugin] [ext: omni.isaac.conveyor-1.0.11] registered (path: /isaac-sim/extsDeprecated/omni.isaac.conveyor)
2026-06-20T14:08:32Z [21ms] [Info] [omni.ext.plugin] [ext: omni.isaac.cortex-1.0.5] registered (path: /isaac-sim/extsDeprecated/omni.isaac.cortex)
2026-06-20T14:08:32Z [21ms] [Info] [omni.ext.plugin] [ext: omni.isaac.debug_draw-2.1.7] registered (path: /isaac-sim/extsDeprecated/omni.isaac.debug_draw)
2026-06-20T14:08:32Z [21ms] [Info] [omni.ext.plugin] [ext: omni.isaac.cortex.sample_behaviors-2.0.5] registered (path: /isaac-sim/extsDeprecated/omni.isaac.cortex.sample_behaviors)
2026-06-20T14:08:32Z [21ms] [Info] [omni.ext.plugin] [ext: omni.isaac.doctest-1.0.7] registered (path: /isaac-sim/extsDeprecated/omni.isaac.doctest)
2026-06-20T14:08:32Z [21ms] [Info] [omni.ext.plugin] [ext: omni.isaac.examples_nodes-1.0.5] registered (path: /isaac-sim/extsDeprecated/omni.isaac.examples_nodes)
2026-06-20T14:08:32Z [21ms] [Info] [omni.ext.plugin] [ext: omni.isaac.extension_templates-2.0.7] registered (path: /isaac-sim/extsDeprecated/omni.isaac.extension_templates)
2026-06-20T14:08:32Z [21ms] [Info] [omni.ext.plugin] [ext: omni.isaac.examples-4.0.7] registered (path: /isaac-sim/extsDeprecated/omni.isaac.examples)
2026-06-20T14:08:32Z [21ms] [Info] [omni.ext.plugin] [ext: omni.isaac.jupyter_notebook-1.0.8] registered (path: /isaac-sim/extsDeprecated/omni.isaac.jupyter_notebook)
2026-06-20T14:08:32Z [21ms] [Info] [omni.ext.plugin] [ext: omni.isaac.gain_tuner-2.0.5] registered (path: /isaac-sim/extsDeprecated/omni.isaac.gain_tuner)
2026-06-20T14:08:32Z [21ms] [Info] [omni.ext.plugin] [ext: omni.isaac.dynamic_control-2.0.7] registered (path: /isaac-sim/extsDeprecated/omni.isaac.dynamic_control)
2026-06-20T14:08:32Z [21ms] [Info] [omni.ext.plugin] [ext: omni.isaac.franka-1.0.7] registered (path: /isaac-sim/extsDeprecated/omni.isaac.franka)
2026-06-20T14:08:32Z [21ms] [Info] [omni.ext.plugin] [ext: omni.isaac.grasp_editor-2.0.7] registered (path: /isaac-sim/extsDeprecated/omni.isaac.grasp_editor)
2026-06-20T14:08:32Z [21ms] [Info] [omni.ext.plugin] [ext: omni.isaac.robot_assembler-2.0.8] registered (path: /isaac-sim/extsDeprecated/omni.isaac.robot_assembler)
2026-06-20T14:08:32Z [21ms] [Info] [omni.ext.plugin] [ext: omni.isaac.kit-2.0.6] registered (path: /isaac-sim/extsDeprecated/omni.isaac.kit)
2026-06-20T14:08:32Z [21ms] [Info] [omni.ext.plugin] [ext: omni.isaac.lula-4.0.6] registered (path: /isaac-sim/extsDeprecated/omni.isaac.lula)
2026-06-20T14:08:32Z [21ms] [Info] [omni.ext.plugin] [ext: omni.isaac.lula_test_widget-1.0.6] registered (path: /isaac-sim/extsDeprecated/omni.isaac.lula_test_widget)
2026-06-20T14:08:32Z [21ms] [Info] [omni.ext.plugin] [ext: omni.isaac.manipulators.ui-2.0.5] registered (path: /isaac-sim/extsDeprecated/omni.isaac.manipulators.ui)
2026-06-20T14:08:32Z [21ms] [Info] [omni.ext.plugin] [ext: omni.isaac.manipulators-3.0.7] registered (path: /isaac-sim/extsDeprecated/omni.isaac.manipulators)
2026-06-20T14:08:32Z [21ms] [Info] [omni.ext.plugin] [ext: omni.isaac.occupancy_map-2.0.8] registered (path: /isaac-sim/extsDeprecated/omni.isaac.occupancy_map)
2026-06-20T14:08:32Z [21ms] [Info] [omni.ext.plugin] [ext: omni.isaac.menu-1.0.6] registered (path: /isaac-sim/extsDeprecated/omni.isaac.menu)
2026-06-20T14:08:32Z [21ms] [Info] [omni.ext.plugin] [ext: omni.isaac.motion_generation-8.0.7] registered (path: /isaac-sim/extsDeprecated/omni.isaac.motion_generation)
2026-06-20T14:08:32Z [21ms] [Info] [omni.ext.plugin] [ext: omni.isaac.merge_mesh-2.0.8] registered (path: /isaac-sim/extsDeprecated/omni.isaac.merge_mesh)
2026-06-20T14:08:32Z [21ms] [Info] [omni.ext.plugin] [ext: omni.isaac.nucleus-1.0.6] registered (path: /isaac-sim/extsDeprecated/omni.isaac.nucleus)
2026-06-20T14:08:32Z [21ms] [Info] [omni.ext.plugin] [ext: omni.isaac.physics_inspector-0.1.11] registered (path: /isaac-sim/extsDeprecated/omni.isaac.physics_inspector)
2026-06-20T14:08:32Z [21ms] [Info] [omni.ext.plugin] [ext: omni.isaac.occupancy_map.ui-2.0.8] registered (path: /isaac-sim/extsDeprecated/omni.isaac.occupancy_map.ui)
2026-06-20T14:08:32Z [21ms] [Info] [omni.ext.plugin] [ext: omni.isaac.physics_utilities-1.0.5] registered (path: /isaac-sim/extsDeprecated/omni.isaac.physics_utilities)
2026-06-20T14:08:32Z [21ms] [Info] [omni.ext.plugin] [ext: omni.isaac.range_sensor.ui-2.0.5] registered (path: /isaac-sim/extsDeprecated/omni.isaac.range_sensor.ui)
2026-06-20T14:08:32Z [21ms] [Info] [omni.ext.plugin] [ext: omni.isaac.proximity_sensor-2.0.7] registered (path: /isaac-sim/extsDeprecated/omni.isaac.proximity_sensor)
2026-06-20T14:08:32Z [21ms] [Info] [omni.ext.plugin] [ext: omni.isaac.range_sensor-4.0.6] registered (path: /isaac-sim/extsDeprecated/omni.isaac.range_sensor)
2026-06-20T14:08:32Z [21ms] [Info] [omni.ext.plugin] [ext: omni.isaac.quadruped-3.0.7] registered (path: /isaac-sim/extsDeprecated/omni.isaac.quadruped)
2026-06-20T14:08:32Z [21ms] [Info] [omni.ext.plugin] [ext: omni.isaac.range_sensor.examples-2.0.6] registered (path: /isaac-sim/extsDeprecated/omni.isaac.range_sensor.examples)
2026-06-20T14:08:32Z [21ms] [Info] [carb] Initializing plugin: carb.scripting-python.plugin (interfaces: [carb::scripting::IScripting v1.0]) (impl: carb.scripting-python.plugin)
2026-06-20T14:08:32Z [22ms] [Info] [carb] Initializing plugin: carb.variant.plugin (interfaces: [carb::variant::IVariant v0.1]) (impl: carb.variant.plugin)
2026-06-20T14:08:32Z [22ms] [Info] [omni.kit.app._impl] python GC: gc.disable()
2026-06-20T14:08:32Z [23ms] [Info] [omni.ext.plugin] [ext manager] preferLocalVersions: 1
2026-06-20T14:08:32Z [23ms] [Info] [omni.ext.plugin] Processing exts enabling request: 'isaaclab.python.headless.rendering-2.3.0,omni.kit.material.library,omni.kit.viewport.rtx,omni.replicator.core'
2026-06-20T14:08:32Z [25ms] [Info] [omni.ext.plugin] Extensions dependency solver solution:
[ext: isaaclab.python.headless.rendering-2.3.0] deps:
 -> 'isaaclab.python.headless' = { version='^' } selected: [isaaclab.python.headless-2.3.0]
 -> 'omni.kit.material.library' = { version='=' } selected: [omni.kit.material.library-2.0.7]
 -> 'omni.kit.viewport.rtx' = { version='=' } selected: [omni.kit.viewport.rtx-104.0.1]
 -> 'omni.replicator.core' = { version='=' } selected: [omni.replicator.core-1.12.27]
[ext: isaaclab.python.headless-2.3.0] deps:
 -> 'isaaclab' = { version='^' } selected: [isaaclab-0.47.1]
 -> 'isaaclab_assets' = { version='^' } selected: [isaaclab_assets-0.2.3]
 -> 'isaaclab_mimic' = { version='^' } selected: [isaaclab_mimic-1.0.15]
 -> 'isaaclab_rl' = { version='^' } selected: [isaaclab_rl-0.4.4]
 -> 'isaaclab_tasks' = { version='^' } selected: [isaaclab_tasks-0.11.5]
 -> 'isaacsim.core.api' = { version='^' } selected: [isaacsim.core.api-4.8.0]
 -> 'isaacsim.core.cloner' = { version='^' } selected: [isaacsim.core.cloner-1.4.10]
 -> 'isaacsim.core.utils' = { version='^' } selected: [isaacsim.core.utils-3.5.1]
 -> 'isaacsim.core.version' = { version='^' } selected: [isaacsim.core.version-2.0.6]
 -> 'isaacsim.simulation_app' = { version='^' } selected: [isaacsim.simulation_app-2.12.2]
 -> 'omni.kit.loop' = { version='^' } selected: [omni.kit.loop-isaac-1.3.7]
 -> 'omni.kit.telemetry' = { version='^' } selected: [omni.kit.telemetry-0.5.2]
 -> 'omni.kit.usd.mdl' = { version='^' } selected: [omni.kit.usd.mdl-1.1.5]
 -> 'omni.physx' = { version='^' } selected: [omni.physx-107.3.26]
 -> 'omni.physx.fabric' = { version='^' } selected: [omni.physx.fabric-107.3.26]
 -> 'omni.physx.tensors' = { version='^' } selected: [omni.physx.tensors-107.3.26]
 -> 'omni.usd.metrics.assembler.ui' = { version='^' } selected: [omni.usd.metrics.assembler.ui-107.3.1]
 -> 'omni.warp.core' = { version='^' } selected: [omni.warp.core-1.8.2]
 -> 'usdrt.scenegraph' = { version='^' } selected: [usdrt.scenegraph-7.6.1]
[ext: isaaclab_mimic-1.0.15] deps:
 -> 'isaaclab' = { version='^' } selected: [isaaclab-0.47.1]
 -> 'isaaclab_assets' = { version='^' } selected: [isaaclab_assets-0.2.3]
 -> 'isaaclab_tasks' = { version='^' } selected: [isaaclab_tasks-0.11.5]
[ext: isaaclab_rl-0.4.4] deps:
 -> 'isaaclab' = { version='^' } selected: [isaaclab-0.47.1]
 -> 'isaaclab_assets' = { version='^' } selected: [isaaclab_assets-0.2.3]
 -> 'isaaclab_tasks' = { version='^' } selected: [isaaclab_tasks-0.11.5]
[ext: isaaclab_tasks-0.11.5] deps:
 -> 'isaaclab' = { version='^' } selected: [isaaclab-0.47.1]
 -> 'isaaclab_assets' = { version='^' } selected: [isaaclab_assets-0.2.3]
[ext: isaaclab_assets-0.2.3] deps:
 -> 'isaaclab' = { version='^' } selected: [isaaclab-0.47.1]
[ext: isaaclab-0.47.1] no deps
[ext: omni.replicator.core-1.12.27] deps:
 -> 'omni.graph' = { version='^' } selected: [omni.graph-1.141.2]
 -> 'omni.graph.action' = { version='^' } selected: [omni.graph.action-1.130.0]
 -> 'omni.graph.core' = { version='^' } selected: [omni.graph.core-2.184.5]
 -> 'omni.graph.nodes' = { version='^' } selected: [omni.graph.nodes-1.170.10]
 -> 'omni.graph.scriptnode' = { version='^' } selected: [omni.graph.scriptnode-1.50.0]
 -> 'omni.hydra.engine.stats' = { version='^' } selected: [omni.hydra.engine.stats-1.0.3]
 -> 'omni.hydra.rtx' = { version='^' } selected: [omni.hydra.rtx-1.0.0]
 -> 'omni.hydra.usdrt_delegate' = { version='^' } selected: [omni.hydra.usdrt_delegate-7.5.1]
 -> 'omni.inspect' = { version='^' } selected: [omni.inspect-1.0.2]
 -> 'omni.kit.material.library' = { version='=' } selected: [omni.kit.material.library-2.0.7]
 -> 'omni.kit.pip_archive' = { version='^' } selected: [omni.kit.pip_archive-0.0.0]
 -> 'omni.kit.primitive.mesh' = { version='^' } selected: [omni.kit.primitive.mesh-1.0.17]
 -> 'omni.kit.usd.mdl' = { version='^' } selected: [omni.kit.usd.mdl-1.1.5]
 -> 'omni.kit.viewport.utility' = { version='^' } selected: [omni.kit.viewport.utility-1.1.2]
 -> 'omni.kit.viewport.window' = { version='^' } selected: [omni.kit.viewport.window-107.2.0]
 -> 'omni.kit.window.material_graph' = { version='^' } selected: [omni.kit.window.material_graph-1.9.1]
 -> 'omni.physics.physx' = { version='^' } selected: [omni.physics.physx-107.3.26]
 -> 'omni.physics.stageupdate' = { version='^' } selected: [omni.physics.stageupdate-107.3.26]
 -> 'omni.physx' = { version='^' } selected: [omni.physx-107.3.26]
 -> 'omni.pip.cloud' = { version='^' } selected: [omni.pip.cloud-1.4.3]
 -> 'omni.pip.compute' = { version='^' } selected: [omni.pip.compute-1.6.3]
 -> 'omni.syntheticdata' = { version='^' } selected: [omni.syntheticdata-0.6.13]
 -> 'omni.timeline' = { version='^' } selected: [omni.timeline-1.0.14]
 -> 'omni.usd.schema.anim' = { version='^' } selected: [omni.usd.schema.anim-0.0.0]
 -> 'omni.usd.schema.omni_sensors' = { version='^' } selected: [omni.usd.schema.omni_sensors-0.0.0]
 -> 'omni.videoencoding' = { version='^' } selected: [omni.videoencoding-0.1.2]
 -> 'omni.warp' = { version='^' } selected: [omni.warp-1.8.2]
[ext: isaacsim.core.api-4.8.0] deps:
 -> 'isaacsim.core.deprecation_manager' = { version='^' } selected: [isaacsim.core.deprecation_manager-0.2.7]
 -> 'isaacsim.core.prims' = { version='^' } selected: [isaacsim.core.prims-0.6.1]
 -> 'isaacsim.core.simulation_manager' = { version='^' } selected: [isaacsim.core.simulation_manager-1.4.4]
 -> 'isaacsim.core.utils' = { version='^' } selected: [isaacsim.core.utils-3.5.1]
 -> 'isaacsim.core.version' = { version='^' } selected: [isaacsim.core.version-2.0.6]
 -> 'isaacsim.storage.native' = { version='^' } selected: [isaacsim.storage.native-1.5.1]
 -> 'omni.hydra.usdrt_delegate' = { version='^' } selected: [omni.hydra.usdrt_delegate-7.5.1]
 -> 'omni.isaac.core_archive' = { version='^' } selected: [omni.isaac.core_archive-3.0.0]
 -> 'omni.isaac.ml_archive' = { version='^' } selected: [omni.isaac.ml_archive-3.0.4]
 -> 'omni.kit.material.library' = { version='^' optional=true  } selected: [omni.kit.material.library-2.0.7]
 -> 'omni.kit.stage_templates' = { version='^' } selected: [omni.kit.stage_templates-2.0.0]
 -> 'omni.kit.usd.layers' = { version='^' } selected: [omni.kit.usd.layers-2.2.11]
 -> 'omni.physics.physx' = { version='^' } selected: [omni.physics.physx-107.3.26]
 -> 'omni.physics.stageupdate' = { version='^' } selected: [omni.physics.stageupdate-107.3.26]
 -> 'omni.physx.tensors' = { version='^' } selected: [omni.physx.tensors-107.3.26]
 -> 'omni.pip.cloud' = { version='^' } selected: [omni.pip.cloud-1.4.3]
 -> 'omni.pip.compute' = { version='^' } selected: [omni.pip.compute-1.6.3]
 -> 'omni.usd.schema.semantics' = { version='^' } selected: [omni.usd.schema.semantics-0.0.0]
 -> 'omni.warp.core' = { version='^' } selected: [omni.warp.core-1.8.2]
[ext: omni.kit.viewport.rtx-104.0.1] deps:
 -> 'omni.hydra.rtx' = { version='^' } selected: [omni.hydra.rtx-1.0.0]
[ext: isaacsim.core.cloner-1.4.10] deps:
 -> 'isaacsim.core.deprecation_manager' = { version='^' } selected: [isaacsim.core.deprecation_manager-0.2.7]
 -> 'isaacsim.core.simulation_manager' = { version='^' } selected: [isaacsim.core.simulation_manager-1.4.4]
 -> 'omni.isaac.ml_archive' = { version='^' } selected: [omni.isaac.ml_archive-3.0.4]
 -> 'omni.physx' = { version='^' } selected: [omni.physx-107.3.26]
 -> 'omni.usd' = { version='^' } selected: [omni.usd-1.13.10]
 -> 'omni.usd.libs' = { version='^' } selected: [omni.usd.libs-1.0.1]
[ext: omni.kit.stage_templates-2.0.0] deps:
 -> 'omni.kit.actions.core' = { version='^' } selected: [omni.kit.actions.core-1.0.0]
 -> 'omni.kit.commands' = { version='^' } selected: [omni.kit.commands-1.4.10]
 -> 'omni.kit.primitive.mesh' = { version='^' } selected: [omni.kit.primitive.mesh-1.0.17]
 -> 'omni.kit.stage_template.core' = { version='^' } selected: [omni.kit.stage_template.core-1.1.22]
 -> 'omni.usd' = { version='^' } selected: [omni.usd-1.13.10]
[ext: omni.videoencoding-0.1.2] deps:
 -> 'omni.assets.plugins' = { version='^' } selected: [omni.assets.plugins-0.0.0]
[ext: omni.warp-1.8.2] deps:
 -> 'omni.warp.core' = { version='~1.8' } selected: [omni.warp.core-1.8.2]
 -> 'omni.graph' = { version='^' } selected: [omni.graph-1.141.2]
 -> 'omni.graph.action' = { version='^' } selected: [omni.graph.action-1.130.0]
 -> 'omni.graph.core' = { version='^' } selected: [omni.graph.core-2.184.5]
 -> 'omni.graph.nodes' = { version='^' } selected: [omni.graph.nodes-1.170.10]
 -> 'omni.graph.ui_nodes' = { version='^' } selected: [omni.graph.ui_nodes-1.50.5]
 -> 'omni.kit.actions.core' = { version='^' } selected: [omni.kit.actions.core-1.0.0]
 -> 'omni.kit.menu.utils' = { version='^' optional=true  } selected: [omni.kit.menu.utils-2.0.5]
 -> 'omni.kit.widget.searchfield' = { version='^' optional=true  } selected: [omni.kit.widget.searchfield-1.1.8]
 -> 'omni.timeline' = { version='^' } selected: [omni.timeline-1.0.14]
 -> 'omni.ui' = { version='^' optional=true  } selected: [omni.ui-2.27.1]
 -> 'omni.usd' = { version='^' } selected: [omni.usd-1.13.10]
 -> 'usdrt.scenegraph' = { version='^' } selected: [usdrt.scenegraph-7.6.1]
[ext: isaacsim.core.prims-0.6.1] deps:
 -> 'isaacsim.core.deprecation_manager' = { version='^' } selected: [isaacsim.core.deprecation_manager-0.2.7]
 -> 'isaacsim.core.simulation_manager' = { version='^' } selected: [isaacsim.core.simulation_manager-1.4.4]
 -> 'isaacsim.core.utils' = { version='^' } selected: [isaacsim.core.utils-3.5.1]
 -> 'omni.isaac.core_archive' = { version='^' } selected: [omni.isaac.core_archive-3.0.0]
 -> 'omni.isaac.ml_archive' = { version='^' } selected: [omni.isaac.ml_archive-3.0.4]
 -> 'omni.physx.tensors' = { version='^' } selected: [omni.physx.tensors-107.3.26]
 -> 'omni.usd.schema.semantics' = { version='^' } selected: [omni.usd.schema.semantics-0.0.0]
 -> 'omni.warp.core' = { version='^' } selected: [omni.warp.core-1.8.2]
[ext: omni.kit.primitive.mesh-1.0.17] deps:
 -> 'omni.kit.actions.core' = { version='^' } selected: [omni.kit.actions.core-1.0.0]
 -> 'omni.kit.commands' = { version='^' } selected: [omni.kit.commands-1.4.10]
 -> 'omni.kit.menu.utils' = { version='^' optional=true  } selected: [omni.kit.menu.utils-2.0.5]
 -> 'omni.kit.usd.layers' = { version='^' } selected: [omni.kit.usd.layers-2.2.11]
 -> 'omni.ui' = { version='^' optional=true  } selected: [omni.ui-2.27.1]
 -> 'omni.usd' = { version='^' } selected: [omni.usd-1.13.10]
[ext: omni.graph.ui_nodes-1.50.5] deps:
 -> 'omni.graph' = { version='^1.139.0' } selected: [omni.graph-1.141.2]
 -> 'omni.graph.core' = { version='^2.177.1' } selected: [omni.graph.core-2.184.5]
 -> 'omni.graph.tools' = { version='^1.77.0' } selected: [omni.graph.tools-1.79.2]
 -> 'omni.kit.commands' = { version='^' } selected: [omni.kit.commands-1.4.10]
 -> 'omni.kit.viewport.utility' = { version='^' } selected: [omni.kit.viewport.utility-1.1.2]
 -> 'omni.timeline' = { version='^' } selected: [omni.timeline-1.0.14]
 -> 'omni.ui' = { version='^' } selected: [omni.ui-2.27.1]
 -> 'omni.ui.scene' = { version='^' } selected: [omni.ui.scene-1.11.5]
 -> 'omni.usd' = { version='^' } selected: [omni.usd-1.13.10]
[ext: isaacsim.core.simulation_manager-1.4.4] deps:
 -> 'isaacsim.core.utils' = { version='^' } selected: [isaacsim.core.utils-3.5.1]
 -> 'omni.physics.physx' = { version='^' } selected: [omni.physics.physx-107.3.26]
 -> 'omni.physics.stageupdate' = { version='^' } selected: [omni.physics.stageupdate-107.3.26]
 -> 'omni.physx.tensors' = { version='^' } selected: [omni.physx.tensors-107.3.26]
[ext: omni.kit.stage_template.core-1.1.22] deps:
 -> 'omni.usd' = { version='^' } selected: [omni.usd-1.13.10]
[ext: omni.graph.action-1.130.0] deps:
 -> 'omni.graph.action_nodes' = { version='^' } selected: [omni.graph.action_nodes-1.50.4]
[ext: omni.graph.nodes-1.170.10] deps:
 -> 'omni.graph' = { version='^1.139.0' optional=true  } selected: [omni.graph-1.141.2]
 -> 'omni.graph.core' = { version='^2.177.1' } selected: [omni.graph.core-2.184.5]
 -> 'omni.graph.tools' = { version='^1.77.0' optional=true  } selected: [omni.graph.tools-1.79.2]
 -> 'carb.audio' = { version='^' } selected: [carb.audio-0.1.0]
 -> 'omni.graph.image.nodes' = { version='^' } selected: [omni.graph.image.nodes-1.3.1]
 -> 'omni.hydra.scene_delegate' = { version='^' } selected: [omni.hydra.scene_delegate-0.3.4]
 -> 'omni.kit.commands' = { version='^' } selected: [omni.kit.commands-1.4.10]
 -> 'omni.usd' = { version='^' } selected: [omni.usd-1.13.10]
 -> 'usdrt.scenegraph' = { version='^' } selected: [usdrt.scenegraph-7.6.1]
[ext: isaacsim.core.utils-3.5.1] deps:
 -> 'isaacsim.core.deprecation_manager' = { version='^' } selected: [isaacsim.core.deprecation_manager-0.2.7]
 -> 'isaacsim.storage.native' = { version='^' } selected: [isaacsim.storage.native-1.5.1]
 -> 'omni.isaac.dynamic_control' = { version='^' } selected: [omni.isaac.dynamic_control-2.0.7]
 -> 'omni.isaac.ml_archive' = { version='^' } selected: [omni.isaac.ml_archive-3.0.4]
 -> 'omni.physics.tensors' = { version='^' } selected: [omni.physics.tensors-107.3.26]
 -> 'omni.physx' = { version='^' } selected: [omni.physx-107.3.26]
 -> 'omni.usd.metrics.assembler' = { version='^' } selected: [omni.usd.metrics.assembler-107.3.1]
 -> 'omni.usd.metrics.assembler.physics' = { version='^' } selected: [omni.usd.metrics.assembler.physics-107.3.26]
 -> 'omni.usd.schema.semantics' = { version='^' } selected: [omni.usd.schema.semantics-0.0.0]
 -> 'omni.usdphysics' = { version='=107.3.26' } selected: [omni.usdphysics-107.3.26]
 -> 'omni.warp.core' = { version='^' } selected: [omni.warp.core-1.8.2]
[ext: omni.physx.tensors-107.3.26] deps:
 -> 'omni.physics.tensors' = { version='=107.3.26' } selected: [omni.physics.tensors-107.3.26]
 -> 'omni.physx' = { version='=107.3.26' } selected: [omni.physx-107.3.26]
 -> 'omni.usd' = { version='^' } selected: [omni.usd-1.13.10]
[ext: omni.graph.action_nodes-1.50.4] deps:
 -> 'omni.graph' = { version='^1.139.0' } selected: [omni.graph-1.141.2]
 -> 'omni.graph.action_core' = { version='^1.1.0' } selected: [omni.graph.action_core-1.1.7]
 -> 'omni.graph.core' = { version='^2.177.1' } selected: [omni.graph.core-2.184.5]
 -> 'omni.graph.tools' = { version='^1.77.0' } selected: [omni.graph.tools-1.79.2]
 -> 'omni.usd' = { version='^1.4.8' } selected: [omni.usd-1.13.10]
 -> 'omni.kit.commands' = { version='^' } selected: [omni.kit.commands-1.4.10]
 -> 'omni.kit.window.filepicker' = { version='^' optional=true  } selected: [omni.kit.window.filepicker-2.13.4]
 -> 'omni.timeline' = { version='^' } selected: [omni.timeline-1.0.14]
[ext: omni.usd.metrics.assembler.physics-107.3.26] deps:
 -> 'omni.usd.schema.physx' = { version='=107.3.26' } selected: [omni.usd.schema.physx-107.3.26]
 -> 'omni.usd.metrics.assembler' = { version='^' } selected: [omni.usd.metrics.assembler-107.3.1]
[ext: omni.warp.core-1.8.2] deps:
 -> 'omni.kit.pip_archive' = { version='^' } selected: [omni.kit.pip_archive-0.0.0]
[ext: omni.physics.tensors-107.3.26] deps:
 -> 'omni.usd.schema.physx' = { version='=107.3.26' } selected: [omni.usd.schema.physx-107.3.26]
 -> 'omni.usd.libs' = { version='^' } selected: [omni.usd.libs-1.0.1]
[ext: omni.isaac.dynamic_control-2.0.7] deps:
 -> 'omni.kit.commands' = { version='^' } selected: [omni.kit.commands-1.4.10]
 -> 'omni.kit.numpy.common' = { version='^' } selected: [omni.kit.numpy.common-0.1.3]
 -> 'omni.kit.pip_archive' = { version='^' } selected: [omni.kit.pip_archive-0.0.0]
 -> 'omni.kit.usd.layers' = { version='^' } selected: [omni.kit.usd.layers-2.2.11]
 -> 'omni.physics.physx' = { version='^' } selected: [omni.physics.physx-107.3.26]
 -> 'omni.physics.stageupdate' = { version='^' } selected: [omni.physics.stageupdate-107.3.26]
 -> 'omni.timeline' = { version='^' } selected: [omni.timeline-1.0.14]
 -> 'omni.usd' = { version='^' } selected: [omni.usd-1.13.10]
 -> 'omni.usd.core' = { version='^' } selected: [omni.usd.core-1.5.3]
 -> 'omni.usd.libs' = { version='^' } selected: [omni.usd.libs-1.0.1]
[ext: omni.physx.fabric-107.3.26] deps:
 -> 'omni.physx' = { version='=107.3.26' } selected: [omni.physx-107.3.26]
 -> 'omni.graph.core' = { version='^' optional=true  } selected: [omni.graph.core-2.184.5]
 -> 'omni.kit.widget.settings' = { version='^' optional=true  } selected: [omni.kit.widget.settings-1.2.6]
 -> 'omni.kit.window.preferences' = { version='^' optional=true  } selected: [omni.kit.window.preferences-1.8.0]
 -> 'omni.ui' = { version='^' optional=true  } selected: [omni.ui-2.27.1]
 -> 'usdrt.scenegraph' = { version='^' } selected: [usdrt.scenegraph-7.6.1]
[ext: omni.physics.physx-107.3.26] deps:
 -> 'omni.physics' = { version='=107.3.26' } selected: [omni.physics-107.3.26]
 -> 'omni.physx' = { version='=107.3.26' } selected: [omni.physx-107.3.26]
[ext: omni.physics.stageupdate-107.3.26] deps:
 -> 'omni.physics' = { version='=107.3.26' } selected: [omni.physics-107.3.26]
 -> 'omni.kit.usd.layers' = { version='^' optional=true  } selected: [omni.kit.usd.layers-2.2.11]
 -> 'omni.ui' = { version='^' optional=true  } selected: [omni.ui-2.27.1]
 -> 'omni.usd' = { version='^' } selected: [omni.usd-1.13.10]
[ext: omni.physx-107.3.26] deps:
 -> 'omni.physx.cooking' = { version='=107.3.26' } selected: [omni.physx.cooking-107.3.26]
 -> 'omni.physx.foundation' = { version='=107.3.26' } selected: [omni.physx.foundation-107.3.26]
 -> 'omni.usd.schema.physx' = { version='=107.3.26' } selected: [omni.usd.schema.physx-107.3.26]
 -> 'omni.usdphysics' = { version='=107.3.26' } selected: [omni.usdphysics-107.3.26]
 -> 'omni.gpucompute.plugins' = { version='^' } selected: [omni.gpucompute.plugins-0.0.0]
 -> 'omni.usd.libs' = { version='^' } selected: [omni.usd.libs-1.0.1]
 -> 'usdrt.scenegraph' = { version='^' } selected: [usdrt.scenegraph-7.6.1]
[ext: omni.physics-107.3.26] no deps
[ext: omni.physx.cooking-107.3.26] deps:
 -> 'omni.convexdecomposition' = { version='=107.3.26' } selected: [omni.convexdecomposition-107.3.26]
 -> 'omni.localcache' = { version='=107.3.26' } selected: [omni.localcache-107.3.26]
 -> 'omni.physx.foundation' = { version='=107.3.26' } selected: [omni.physx.foundation-107.3.26]
 -> 'omni.usd.schema.physx' = { version='=107.3.26' } selected: [omni.usd.schema.physx-107.3.26]
 -> 'omni.usdphysics' = { version='=107.3.26' } selected: [omni.usdphysics-107.3.26]
 -> 'omni.ujitso.default' = { version='^' } selected: [omni.ujitso.default-1.0.0]
 -> 'omni.usd.libs' = { version='^' } selected: [omni.usd.libs-1.0.1]
[ext: omni.usd.metrics.assembler.ui-107.3.1] deps:
 -> 'omni.kit.notification_manager' = { version='^' optional=true  } selected: [omni.kit.notification_manager-1.0.10]
 -> 'omni.kit.usd.layers' = { version='^' } selected: [omni.kit.usd.layers-2.2.11]
 -> 'omni.kit.viewport.registry' = { version='^' optional=true  } selected: [omni.kit.viewport.registry-104.0.6]
 -> 'omni.kit.viewport.utility' = { version='^' optional=true  } selected: [omni.kit.viewport.utility-1.1.2]
 -> 'omni.kit.viewport.window' = { version='^' optional=true  } selected: [omni.kit.viewport.window-107.2.0]
 -> 'omni.kit.window.preferences' = { version='^' optional=true  } selected: [omni.kit.window.preferences-1.8.0]
 -> 'omni.ui' = { version='^' optional=true  } selected: [omni.ui-2.27.1]
 -> 'omni.usd' = { version='^' } selected: [omni.usd-1.13.10]
 -> 'omni.usd.metrics.assembler' = { version='^' } selected: [omni.usd.metrics.assembler-107.3.1]
[ext: omni.localcache-107.3.26] deps:
 -> 'omni.kvdb' = { version='=107.3.26' } selected: [omni.kvdb-107.3.26]
[ext: omni.usdphysics-107.3.26] deps:
 -> 'omni.usd.schema.physx' = { version='=107.3.26' } selected: [omni.usd.schema.physx-107.3.26]
 -> 'omni.usd.libs' = { version='^' } selected: [omni.usd.libs-1.0.1]
[ext: omni.usd.metrics.assembler-107.3.1] deps:
 -> 'omni.usd.libs' = { version='^' } selected: [omni.usd.libs-1.0.1]
 -> 'omni.usd.schema.metrics.assembler' = { version='^' } selected: [omni.usd.schema.metrics.assembler-107.3.1]
[ext: omni.kvdb-107.3.26] no deps
[ext: omni.physx.foundation-107.3.26] deps:
 -> 'omni.gpu_foundation' = { version='^' } selected: [omni.gpu_foundation-0.0.0]
[ext: omni.syntheticdata-0.6.13] deps:
 -> 'omni.graph' = { version='^' } selected: [omni.graph-1.141.2]
 -> 'omni.graph.action_core' = { version='^' } selected: [omni.graph.action_core-1.1.7]
 -> 'omni.graph.image.core' = { version='^' } selected: [omni.graph.image.core-0.6.1]
 -> 'omni.graph.image.nodes' = { version='^' } selected: [omni.graph.image.nodes-1.3.1]
 -> 'omni.kit.async_engine' = { version='^' } selected: [omni.kit.async_engine-0.0.3]
 -> 'omni.kit.commands' = { version='^' } selected: [omni.kit.commands-1.4.10]
 -> 'omni.kit.pip_archive' = { version='^' } selected: [omni.kit.pip_archive-0.0.0]
 -> 'omni.kit.viewport.utility' = { version='^' } selected: [omni.kit.viewport.utility-1.1.2]
 -> 'omni.ui' = { version='^' } selected: [omni.ui-2.27.1]
 -> 'omni.usd' = { version='^' } selected: [omni.usd-1.13.10]
 -> 'omni.usd.schema.semantics' = { version='^' } selected: [omni.usd.schema.semantics-0.0.0]
[ext: isaacsim.storage.native-1.5.1] deps:
 -> 'isaacsim.core.version' = { version='^' } selected: [isaacsim.core.version-2.0.6]
 -> 'omni.client' = { version='^' } selected: [omni.client-1.3.0]
[ext: omni.graph.image.nodes-1.3.1] deps:
 -> 'omni.graph.core' = { version='^' } selected: [omni.graph.core-2.184.5]
 -> 'omni.graph.image.core' = { version='^' } selected: [omni.graph.image.core-0.6.1]
 -> 'omni.graph.tools' = { version='^' } selected: [omni.graph.tools-1.79.2]
[ext: omni.kit.viewport.utility-1.1.2] deps:
 -> 'omni.kit.viewport.window' = { version='^' optional=true  } selected: [omni.kit.viewport.window-107.2.0]
 -> 'omni.usd.libs' = { version='^' } selected: [omni.usd.libs-1.0.1]
[ext: isaacsim.core.version-2.0.6] deps:
 -> 'isaacsim.core.deprecation_manager' = { version='^' } selected: [isaacsim.core.deprecation_manager-0.2.7]
[ext: omni.graph.image.core-0.6.1] deps:
 -> 'omni.gpucompute.plugins' = { version='^' } selected: [omni.gpucompute.plugins-0.0.0]
 -> 'omni.graph.core' = { version='^' } selected: [omni.graph.core-2.184.5]
 -> 'omni.graph.exec' = { version='^' } selected: [omni.graph.exec-0.9.6]
 -> 'omni.kit.exec.core' = { version='^' } selected: [omni.kit.exec.core-0.13.4]
[ext: omni.kit.viewport.window-107.2.0] deps:
 -> 'omni.hydra.engine.stats' = { version='^' optional=true  } selected: [omni.hydra.engine.stats-1.0.3]
 -> 'omni.kit.actions.core' = { version='^' } selected: [omni.kit.actions.core-1.0.0]
 -> 'omni.kit.material.library' = { version='^' optional=true  } selected: [omni.kit.material.library-2.0.7]
 -> 'omni.kit.menu.utils' = { version='^' optional=true  } selected: [omni.kit.menu.utils-2.0.5]
 -> 'omni.kit.usd.layers' = { version='^' optional=true  } selected: [omni.kit.usd.layers-2.2.11]
 -> 'omni.kit.viewport.registry' = { version='^' } selected: [omni.kit.viewport.registry-104.0.6]
 -> 'omni.kit.widget.viewport' = { version='^' } selected: [omni.kit.widget.viewport-107.1.3]
 -> 'omni.timeline' = { version='^' } selected: [omni.timeline-1.0.14]
 -> 'omni.ui' = { version='^' } selected: [omni.ui-2.27.1]
 -> 'omni.ui.scene' = { version='^' } selected: [omni.ui.scene-1.11.5]
 -> 'omni.usd' = { version='^' } selected: [omni.usd-1.13.10]
[ext: isaacsim.core.deprecation_manager-0.2.7] deps:
 -> 'omni.graph.core' = { version='^' optional=true  } selected: [omni.graph.core-2.184.5]
 -> 'omni.kit.notification_manager' = { version='^' optional=true  } selected: [omni.kit.notification_manager-1.0.10]
 -> 'omni.usd' = { version='^' } selected: [omni.usd-1.13.10]
[ext: omni.hydra.engine.stats-1.0.3] deps:
 -> 'omni.gpu_foundation' = { version='^' } selected: [omni.gpu_foundation-0.0.0]
 -> 'omni.usd' = { version='^' } selected: [omni.usd-1.13.10]
[ext: omni.kit.widget.viewport-107.1.3] deps:
 -> 'omni.activity.core' = { version='^' optional=true  } selected: [omni.activity.core-1.0.3]
 -> 'omni.kit.commands' = { version='^' optional=true  } selected: [omni.kit.commands-1.4.10]
 -> 'omni.kit.hydra_texture' = { version='^' } selected: [omni.kit.hydra_texture-1.4.6]
 -> 'omni.ui' = { version='^' } selected: [omni.ui-2.27.1]
[ext: omni.kit.viewport.registry-104.0.6] deps:
 -> 'omni.ui' = { version='^' } selected: [omni.ui-2.27.1]
[ext: omni.convexdecomposition-107.3.26] deps:
 -> 'omni.usd.schema.physx' = { version='=107.3.26' } selected: [omni.usd.schema.physx-107.3.26]
 -> 'omni.assets.plugins' = { version='^' } selected: [omni.assets.plugins-0.0.0]
 -> 'omni.kit.commands' = { version='^' optional=true  } selected: [omni.kit.commands-1.4.10]
 -> 'omni.usd.libs' = { version='^' } selected: [omni.usd.libs-1.0.1]
[ext: omni.kit.numpy.common-0.1.3] deps:
 -> 'omni.kit.pip_archive' = { version='^' } selected: [omni.kit.pip_archive-0.0.0]
[ext: omni.graph.action_core-1.1.7] deps:
 -> 'omni.graph.core' = { version='^' } selected: [omni.graph.core-2.184.5]
[ext: isaacsim.simulation_app-2.12.2] deps:
 -> 'omni.usd' = { version='^' } selected: [omni.usd-1.13.10]
[ext: omni.kit.window.material_graph-1.9.1] deps:
 -> 'omni.client' = { version='^' } selected: [omni.client-1.3.0]
 -> 'omni.kit.commands' = { version='^' } selected: [omni.kit.commands-1.4.10]
 -> 'omni.kit.context_menu' = { version='^' } selected: [omni.kit.context_menu-1.8.6]
 -> 'omni.kit.graph.delegate.default' = { version='^' } selected: [omni.kit.graph.delegate.default-1.2.3]
 -> 'omni.kit.graph.editor.core' = { version='^' } selected: [omni.kit.graph.editor.core-1.5.3]
 -> 'omni.kit.graph.usd.commands' = { version='^' } selected: [omni.kit.graph.usd.commands-1.3.1]
 -> 'omni.kit.hotkeys.core' = { version='^' optional=true  } selected: [omni.kit.hotkeys.core-1.3.10]
 -> 'omni.kit.material.library' = { version='=' } selected: [omni.kit.material.library-2.0.7]
 -> 'omni.kit.menu.utils' = { version='^' } selected: [omni.kit.menu.utils-2.0.5]
 -> 'omni.kit.usd.mdl' = { version='^' optional=true  } selected: [omni.kit.usd.mdl-1.1.5]
 -> 'omni.kit.widget.filebrowser' = { version='^' } selected: [omni.kit.widget.filebrowser-2.12.3]
 -> 'omni.kit.widget.graph' = { version='^' } selected: [omni.kit.widget.graph-2.0.0]
 -> 'omni.kit.widget.material_preview' = { version='^' } selected: [omni.kit.widget.material_preview-1.0.16]
 -> 'omni.kit.widget.stage' = { version='^' } selected: [omni.kit.widget.stage-3.1.4]
 -> 'omni.kit.window.filepicker' = { version='^' } selected: [omni.kit.window.filepicker-2.13.4]
 -> 'omni.kit.window.preferences' = { version='^' } selected: [omni.kit.window.preferences-1.8.0]
 -> 'omni.mdl' = { version='^' } selected: [omni.mdl-56.0.3]
 -> 'omni.mdl.neuraylib' = { version='^' } selected: [omni.mdl.neuraylib-0.2.12]
 -> 'omni.ui' = { version='^' } selected: [omni.ui-2.27.1]
 -> 'omni.usd' = { version='^' } selected: [omni.usd-1.13.10]
[ext: omni.graph.scriptnode-1.50.0] deps:
 -> 'omni.graph' = { version='^1.139.0' } selected: [omni.graph-1.141.2]
 -> 'omni.graph.core' = { version='^2.177.1' } selected: [omni.graph.core-2.184.5]
 -> 'omni.graph.tools' = { version='^1.77.0' } selected: [omni.graph.tools-1.79.2]
 -> 'omni.kit.widget.searchfield' = { version='^' optional=true  } selected: [omni.kit.widget.searchfield-1.1.8]
 -> 'omni.kit.window.popup_dialog' = { version='^' optional=true  } selected: [omni.kit.window.popup_dialog-2.0.24]
[ext: omni.kit.graph.editor.core-1.5.3] deps:
 -> 'omni.kit.graph.delegate.default' = { version='^' } selected: [omni.kit.graph.delegate.default-1.2.3]
 -> 'omni.kit.widget.graph' = { version='^' } selected: [omni.kit.widget.graph-2.0.0]
 -> 'omni.kit.widget.searchfield' = { version='^' } selected: [omni.kit.widget.searchfield-1.1.8]
 -> 'omni.ui' = { version='^' } selected: [omni.ui-2.27.1]
[ext: omni.kit.window.preferences-1.8.0] deps:
 -> 'omni.kit.actions.core' = { version='^' } selected: [omni.kit.actions.core-1.0.0]
 -> 'omni.kit.menu.utils' = { version='^' } selected: [omni.kit.menu.utils-2.0.5]
 -> 'omni.kit.widget.settings' = { version='^' } selected: [omni.kit.widget.settings-1.2.6]
 -> 'omni.kit.window.popup_dialog' = { version='^' } selected: [omni.kit.window.popup_dialog-2.0.24]
 -> 'omni.ui' = { version='^' } selected: [omni.ui-2.27.1]
 -> 'omni.usd' = { version='^' optional=true  } selected: [omni.usd-1.13.10]
[ext: omni.graph-1.141.2] deps:
 -> 'omni.client' = { version='^' } selected: [omni.client-1.3.0]
 -> 'omni.graph.core' = { version='^' } selected: [omni.graph.core-2.184.5]
 -> 'omni.graph.tools' = { version='^' } selected: [omni.graph.tools-1.79.2]
 -> 'omni.kit.commands' = { version='^' } selected: [omni.kit.commands-1.4.10]
 -> 'omni.kit.usd_undo' = { version='^' } selected: [omni.kit.usd_undo-0.1.8]
 -> 'omni.usd' = { version='^' } selected: [omni.usd-1.13.10]
 -> 'usdrt.scenegraph' = { version='^' } selected: [usdrt.scenegraph-7.6.1]
[ext: omni.kit.graph.delegate.default-1.2.3] deps:
 -> 'omni.kit.widget.graph' = { version='^' } selected: [omni.kit.widget.graph-2.0.0]
 -> 'omni.ui' = { version='^' } selected: [omni.ui-2.27.1]
[ext: omni.kit.widget.settings-1.2.6] deps:
 -> 'omni.kit.commands' = { version='^' } selected: [omni.kit.commands-1.4.10]
 -> 'omni.ui' = { version='^' } selected: [omni.ui-2.27.1]
[ext: omni.graph.core-2.184.5] deps:
 -> 'omni.gpucompute.plugins' = { version='^' } selected: [omni.gpucompute.plugins-0.0.0]
 -> 'omni.inspect' = { version='^' optional=true  } selected: [omni.inspect-1.0.2]
 -> 'omni.kit.exec.core' = { version='^' } selected: [omni.kit.exec.core-0.13.4]
 -> 'omni.kit.renderer.core' = { version='^' } selected: [omni.kit.renderer.core-1.1.0]
 -> 'omni.usd' = { version='^' } selected: [omni.usd-1.13.10]
 -> 'omni.usd.schema.omnigraph' = { version='^' } selected: [omni.usd.schema.omnigraph-1.0.0]
 -> 'usdrt.scenegraph' = { version='^' } selected: [usdrt.scenegraph-7.6.1]
[ext: omni.graph.tools-1.79.2] deps:
 -> 'omni.kit.test' = { version='^' } selected: [omni.kit.test-2.0.1]
 -> 'omni.usd.libs' = { version='^' } selected: [omni.usd.libs-1.0.1]
[ext: omni.kit.widget.graph-2.0.0] deps:
 -> 'omni.kit.commands' = { version='^' } selected: [omni.kit.commands-1.4.10]
 -> 'omni.ui' = { version='^' } selected: [omni.ui-2.27.1]
[ext: omni.inspect-1.0.2] no deps
[ext: omni.kit.graph.usd.commands-1.3.1] deps:
 -> 'omni.kit.commands' = { version='^' } selected: [omni.kit.commands-1.4.10]
 -> 'omni.ui' = { version='^' } selected: [omni.ui-2.27.1]
 -> 'omni.usd' = { version='^' } selected: [omni.usd-1.13.10]
[ext: omni.kit.widget.material_preview-1.0.16] deps:
 -> 'omni.kit.hydra_texture' = { version='^' } selected: [omni.kit.hydra_texture-1.4.6]
 -> 'omni.kit.renderer.capture' = { version='^' } selected: [omni.kit.renderer.capture-0.0.0]
 -> 'omni.ui' = { version='^' } selected: [omni.ui-2.27.1]
 -> 'omni.usd' = { version='^' } selected: [omni.usd-1.13.10]
[ext: omni.kit.widget.stage-3.1.4] deps:
 -> 'omni.activity.core' = { version='^' } selected: [omni.activity.core-1.0.3]
 -> 'omni.client' = { version='^' } selected: [omni.client-1.3.0]
 -> 'omni.kit.actions.core' = { version='^' } selected: [omni.kit.actions.core-1.0.0]
 -> 'omni.kit.context_menu' = { version='^' optional=true  } selected: [omni.kit.context_menu-1.8.6]
 -> 'omni.kit.helper.file_utils' = { version='^' } selected: [omni.kit.helper.file_utils-0.1.9]
 -> 'omni.kit.hotkeys.core' = { version='^' } selected: [omni.kit.hotkeys.core-1.3.10]
 -> 'omni.kit.notification_manager' = { version='^' optional=true  } selected: [omni.kit.notification_manager-1.0.10]
 -> 'omni.kit.usd.layers' = { version='^' } selected: [omni.kit.usd.layers-2.2.11]
 -> 'omni.kit.widget.filter' = { version='^' } selected: [omni.kit.widget.filter-1.1.4]
 -> 'omni.kit.widget.options_button' = { version='^' } selected: [omni.kit.widget.options_button-1.0.3]
 -> 'omni.kit.widget.searchfield' = { version='^' } selected: [omni.kit.widget.searchfield-1.1.8]
 -> 'omni.kit.window.file_exporter' = { version='^' } selected: [omni.kit.window.file_exporter-1.0.33]
 -> 'omni.ui' = { version='^' } selected: [omni.ui-2.27.1]
 -> 'omni.usd' = { version='^' } selected: [omni.usd-1.13.10]
 -> 'omni.usd.schema.audio' = { version='^' optional=true  } selected: [omni.usd.schema.audio-0.0.0]
[ext: omni.kit.material.library-2.0.7] deps:
 -> 'omni.client' = { version='^' } selected: [omni.client-1.3.0]
 -> 'omni.kit.actions.core' = { version='^' } selected: [omni.kit.actions.core-1.0.0]
 -> 'omni.kit.commands' = { version='^' } selected: [omni.kit.commands-1.4.10]
 -> 'omni.kit.context_menu' = { version='^' optional=true  } selected: [omni.kit.context_menu-1.8.6]
 -> 'omni.kit.menu.utils' = { version='^' optional=true  } selected: [omni.kit.menu.utils-2.0.5]
 -> 'omni.kit.notification_manager' = { version='^' optional=true  } selected: [omni.kit.notification_manager-1.0.10]
 -> 'omni.kit.usd.layers' = { version='^' } selected: [omni.kit.usd.layers-2.2.11]
 -> 'omni.materialx.libs' = { version='^' } selected: [omni.materialx.libs-1.0.7]
 -> 'omni.mdl' = { version='^' } selected: [omni.mdl-56.0.3]
 -> 'omni.mdl.neuraylib' = { version='^' } selected: [omni.mdl.neuraylib-0.2.12]
 -> 'omni.ui' = { version='^' } selected: [omni.ui-2.27.1]
 -> 'omni.usd' = { version='^' } selected: [omni.usd-1.13.10]
[ext: omni.kit.widget.searchfield-1.1.8] deps:
 -> 'omni.ui' = { version='^' } selected: [omni.ui-2.27.1]
[ext: omni.kit.window.file_exporter-1.0.33] deps:
 -> 'omni.kit.window.filepicker' = { version='^' } selected: [omni.kit.window.filepicker-2.13.4]
 -> 'omni.ui' = { version='^' } selected: [omni.ui-2.27.1]
 -> 'omni.usd' = { version='^' optional=true  } selected: [omni.usd-1.13.10]
[ext: omni.kit.menu.utils-2.0.5] deps:
 -> 'omni.kit.actions.core' = { version='^' } selected: [omni.kit.actions.core-1.0.0]
 -> 'omni.kit.menu.core' = { version='^' } selected: [omni.kit.menu.core-1.1.2]
 -> 'omni.ui' = { version='^' } selected: [omni.ui-2.27.1]
[ext: omni.kit.context_menu-1.8.6] deps:
 -> 'omni.kit.usd.layers' = { version='^' } selected: [omni.kit.usd.layers-2.2.11]
 -> 'omni.kit.widget.context_menu' = { version='^' } selected: [omni.kit.widget.context_menu-1.2.5]
 -> 'omni.usd' = { version='^' } selected: [omni.usd-1.13.10]
 -> 'omni.usd.schema.audio' = { version='^' optional=true  } selected: [omni.usd.schema.audio-0.0.0]
[ext: omni.kit.window.filepicker-2.13.4] deps:
 -> 'omni.client' = { version='^' } selected: [omni.client-1.3.0]
 -> 'omni.kit.clipboard' = { version='^' } selected: [omni.kit.clipboard-1.0.5]
 -> 'omni.kit.helper.file_utils' = { version='^' } selected: [omni.kit.helper.file_utils-0.1.9]
 -> 'omni.kit.notification_manager' = { version='^' } selected: [omni.kit.notification_manager-1.0.10]
 -> 'omni.kit.widget.browser_bar' = { version='^' } selected: [omni.kit.widget.browser_bar-2.0.10]
 -> 'omni.kit.widget.context_menu' = { version='^' } selected: [omni.kit.widget.context_menu-1.2.5]
 -> 'omni.kit.widget.filebrowser' = { version='^' } selected: [omni.kit.widget.filebrowser-2.12.3]
 -> 'omni.kit.widget.nucleus_connector' = { version='^' } selected: [omni.kit.widget.nucleus_connector-2.0.1]
 -> 'omni.kit.widget.options_button' = { version='^' } selected: [omni.kit.widget.options_button-1.0.3]
 -> 'omni.kit.window.popup_dialog' = { version='^' } selected: [omni.kit.window.popup_dialog-2.0.24]
 -> 'omni.ui' = { version='^' } selected: [omni.ui-2.27.1]
 -> 'omni.ui.scene' = { version='^' } selected: [omni.ui.scene-1.11.5]
 -> 'omni.usd.core' = { version='^' optional=true  } selected: [omni.usd.core-1.5.3]
[ext: omni.kit.usd.layers-2.2.11] deps:
 -> 'omni.client' = { version='^' } selected: [omni.client-1.3.0]
 -> 'omni.kit.commands' = { version='^' } selected: [omni.kit.commands-1.4.10]
 -> 'omni.usd' = { version='^' } selected: [omni.usd-1.13.10]
 -> 'omni.usd.libs' = { version='^' } selected: [omni.usd.libs-1.0.1]
[ext: omni.kit.clipboard-1.0.5] deps:
 -> 'omni.appwindow' = { version='^' } selected: [omni.appwindow-1.1.10]
[ext: omni.kit.widget.browser_bar-2.0.10] deps:
 -> 'omni.kit.widget.path_field' = { version='^' } selected: [omni.kit.widget.path_field-2.0.11]
 -> 'omni.ui' = { version='^' } selected: [omni.ui-2.27.1]
[ext: omni.kit.widget.context_menu-1.2.5] deps:
 -> 'omni.kit.menu.core' = { version='^' } selected: [omni.kit.menu.core-1.1.2]
 -> 'omni.ui' = { version='^' } selected: [omni.ui-2.27.1]
[ext: omni.kit.notification_manager-1.0.10] deps:
 -> 'omni.ui' = { version='^' } selected: [omni.ui-2.27.1]
[ext: omni.kit.widget.path_field-2.0.11] deps:
 -> 'omni.ui' = { version='^' } selected: [omni.ui-2.27.1]
[ext: omni.kit.menu.core-1.1.2] deps:
 -> 'omni.ui' = { version='^' } selected: [omni.ui-2.27.1]
[ext: omni.kit.hydra_texture-1.4.6] deps:
 -> 'omni.gpu_foundation' = { version='^' } selected: [omni.gpu_foundation-0.0.0]
 -> 'omni.hydra.rtx' = { version='^' optional=true  } selected: [omni.hydra.rtx-1.0.0]
 -> 'omni.kit.renderer.core' = { version='^' optional=true  } selected: [omni.kit.renderer.core-1.1.0]
 -> 'omni.usd' = { version='^' } selected: [omni.usd-1.13.10]
[ext: omni.kit.hotkeys.core-1.3.10] deps:
 -> 'omni.kit.actions.core' = { version='^' } selected: [omni.kit.actions.core-1.0.0]
 -> 'omni.ui' = { version='^' } selected: [omni.ui-2.27.1]
[ext: omni.hydra.rtx-1.0.0] deps:
 -> 'omni.client' = { version='^' } selected: [omni.client-1.3.0]
 -> 'omni.gpu_foundation' = { version='^' } selected: [omni.gpu_foundation-0.0.0]
 -> 'omni.hydra.rtx.shadercache.vulkan' = { version='^' } selected: [omni.hydra.rtx.shadercache.vulkan-1.0.0]
 -> 'omni.hydra.scene_delegate' = { version='^' } selected: [omni.hydra.scene_delegate-0.3.4]
 -> 'omni.index' = { version='^' } selected: [omni.index-1.0.1]
 -> 'omni.kit.usd.mdl' = { version='^' } selected: [omni.kit.usd.mdl-1.1.5]
 -> 'omni.mdl.neuraylib' = { version='^' } selected: [omni.mdl.neuraylib-0.2.12]
 -> 'omni.ujitso.client' = { version='^' } selected: [omni.ujitso.client-0.0.0]
 -> 'omni.usd.core' = { version='^' } selected: [omni.usd.core-1.5.3]
 -> 'omni.volume' = { version='^' } selected: [omni.volume-0.5.2]
[ext: omni.kit.widget.filter-1.1.4] deps:
 -> 'omni.kit.widget.options_menu' = { version='^' } selected: [omni.kit.widget.options_menu-1.1.6]
 -> 'omni.ui' = { version='^' } selected: [omni.ui-2.27.1]
[ext: omni.hydra.rtx.shadercache.vulkan-1.0.0] no deps
[ext: omni.ujitso.client-0.0.0] deps:
 -> 'omni.hsscclient' = { version='^' } selected: [omni.hsscclient-1.1.2]
 -> 'omni.ujitso.default' = { version='^' } selected: [omni.ujitso.default-1.0.0]
[ext: omni.volume-0.5.2] deps:
 -> 'omni.assets.plugins' = { version='^' } selected: [omni.assets.plugins-0.0.0]
 -> 'omni.client' = { version='^' } selected: [omni.client-1.3.0]
 -> 'omni.kit.pip_archive' = { version='^' } selected: [omni.kit.pip_archive-0.0.0]
[ext: omni.index-1.0.1] deps:
 -> 'omni.client' = { version='^' } selected: [omni.client-1.3.0]
 -> 'omni.index.libs' = { version='^' } selected: [omni.index.libs-380600.8087.0]
 -> 'omni.usd.libs' = { version='^' } selected: [omni.usd.libs-1.0.1]
[ext: omni.kit.widget.filebrowser-2.12.3] deps:
 -> 'omni.client' = { version='^' } selected: [omni.client-1.3.0]
 -> 'omni.kit.helper.file_utils' = { version='^' } selected: [omni.kit.helper.file_utils-0.1.9]
 -> 'omni.ui' = { version='^' } selected: [omni.ui-2.27.1]
[ext: omni.index.libs-380600.8087.0] no deps
[ext: omni.kit.helper.file_utils-0.1.9] deps:
 -> 'omni.client' = { version='^' } selected: [omni.client-1.3.0]
 -> 'omni.usd' = { version='^' optional=true  } selected: [omni.usd-1.13.10]
[ext: omni.ui.scene-1.11.5] deps:
 -> 'omni.ui' = { version='^' } selected: [omni.ui-2.27.1]
[ext: omni.kit.widget.options_button-1.0.3] deps:
 -> 'omni.kit.widget.options_menu' = { version='^' } selected: [omni.kit.widget.options_menu-1.1.6]
 -> 'omni.ui' = { version='^' } selected: [omni.ui-2.27.1]
[ext: omni.usd-1.13.10] deps:
 -> 'carb.audio' = { version='^' } selected: [carb.audio-0.1.0]
 -> 'omni.assets.plugins' = { version='^' } selected: [omni.assets.plugins-0.0.0]
 -> 'omni.client' = { version='^' } selected: [omni.client-1.3.0]
 -> 'omni.hydra.scene_delegate' = { version='^' optional=true  } selected: [omni.hydra.scene_delegate-0.3.4]
 -> 'omni.hydra.usdrt_delegate' = { version='^' optional=true  } selected: [omni.hydra.usdrt_delegate-7.5.1]
 -> 'omni.kit.async_engine' = { version='^' } selected: [omni.kit.async_engine-0.0.3]
 -> 'omni.kit.audiodeviceenum' = { version='^' } selected: [omni.kit.audiodeviceenum-1.0.2]
 -> 'omni.kit.commands' = { version='^' } selected: [omni.kit.commands-1.4.10]
 -> 'omni.kit.exec.core' = { version='^' } selected: [omni.kit.exec.core-0.13.4]
 -> 'omni.kit.usd_undo' = { version='^' } selected: [omni.kit.usd_undo-0.1.8]
 -> 'omni.kit.widget.nucleus_connector' = { version='^' optional=true  } selected: [omni.kit.widget.nucleus_connector-2.0.1]
 -> 'omni.timeline' = { version='^' } selected: [omni.timeline-1.0.14]
 -> 'omni.usd.core' = { version='^' } selected: [omni.usd.core-1.5.3]
[ext: omni.kit.widget.options_menu-1.1.6] deps:
 -> 'omni.ui' = { version='^' } selected: [omni.ui-2.27.1]
[ext: omni.kit.audiodeviceenum-1.0.2] deps:
 -> 'carb.audio' = { version='^' } selected: [carb.audio-0.1.0]
[ext: omni.kit.exec.core-0.13.4] deps:
 -> 'omni.graph.exec' = { version='^' } selected: [omni.graph.exec-0.9.6]
 -> 'omni.usd.libs' = { version='^' } selected: [omni.usd.libs-1.0.1]
[ext: omni.kit.usd_undo-0.1.8] deps:
 -> 'omni.usd.libs' = { version='^' } selected: [omni.usd.libs-1.0.1]
[ext: omni.kit.commands-1.4.10] deps:
 -> 'omni.kit.actions.core' = { version='^' } selected: [omni.kit.actions.core-1.0.0]
[ext: carb.audio-0.1.0] deps:
 -> 'omni.assets.plugins' = { version='^' } selected: [omni.assets.plugins-0.0.0]
[ext: omni.graph.exec-0.9.6] no deps
[ext: omni.kit.actions.core-1.0.0] no deps
[ext: omni.hydra.scene_delegate-0.3.4] deps:
 -> 'omni.client' = { version='^' } selected: [omni.client-1.3.0]
 -> 'omni.gpu_foundation' = { version='^' } selected: [omni.gpu_foundation-0.0.0]
 -> 'omni.gpucompute.plugins' = { version='^' } selected: [omni.gpucompute.plugins-0.0.0]
 -> 'omni.usd.core' = { version='^' } selected: [omni.usd.core-1.5.3]
 -> 'omni.usd.libs' = { version='^' } selected: [omni.usd.libs-1.0.1]
 -> 'omni.usd.schema.anim' = { version='^' optional=true  } selected: [omni.usd.schema.anim-0.0.0]
 -> 'omni.usd.schema.audio' = { version='^' optional=true  } selected: [omni.usd.schema.audio-0.0.0]
 -> 'omni.usd.schema.geospatial' = { version='^' } selected: [omni.usd.schema.geospatial-0.0.0]
 -> 'omni.usd.schema.semantics' = { version='^' optional=true  } selected: [omni.usd.schema.semantics-0.0.0]
[ext: omni.hydra.usdrt_delegate-7.5.1] deps:
 -> 'omni.activity.core' = { version='^' } selected: [omni.activity.core-1.0.3]
 -> 'omni.client' = { version='^' } selected: [omni.client-1.3.0]
 -> 'omni.gpu_foundation' = { version='^' } selected: [omni.gpu_foundation-0.0.0]
 -> 'omni.gpucompute.plugins' = { version='^' } selected: [omni.gpucompute.plugins-0.0.0]
 -> 'omni.resourcemonitor' = { version='^' } selected: [omni.resourcemonitor-107.0.1]
 -> 'omni.usd.core' = { version='^' } selected: [omni.usd.core-1.5.3]
 -> 'omni.usd.schema.anim' = { version='^' } selected: [omni.usd.schema.anim-0.0.0]
 -> 'omni.usd.schema.audio' = { version='^' optional=true  } selected: [omni.usd.schema.audio-0.0.0]
 -> 'omni.usd.schema.semantics' = { version='^' optional=true  } selected: [omni.usd.schema.semantics-0.0.0]
 -> 'usdrt.scenegraph' = { version='^' } selected: [usdrt.scenegraph-7.6.1]
[ext: omni.kit.widget.nucleus_connector-2.0.1] deps:
 -> 'omni.client' = { version='^' } selected: [omni.client-1.3.0]
 -> 'omni.kit.pip_archive' = { version='^' optional=true  } selected: [omni.kit.pip_archive-0.0.0]
 -> 'omni.kit.window.popup_dialog' = { version='^' } selected: [omni.kit.window.popup_dialog-2.0.24]
 -> 'omni.ui' = { version='^' } selected: [omni.ui-2.27.1]
[ext: omni.activity.core-1.0.3] no deps
[ext: omni.resourcemonitor-107.0.1] deps:
 -> 'omni.gpu_foundation' = { version='^' } selected: [omni.gpu_foundation-0.0.0]
[ext: omni.timeline-1.0.14] no deps
[ext: usdrt.scenegraph-7.6.1] deps:
 -> 'omni.gpucompute.plugins' = { version='^' } selected: [omni.gpucompute.plugins-0.0.0]
 -> 'omni.usd.libs' = { version='^' } selected: [omni.usd.libs-1.0.1]
[ext: omni.kit.window.popup_dialog-2.0.24] deps:
 -> 'omni.ui' = { version='^' } selected: [omni.ui-2.27.1]
[ext: omni.ui-2.27.1] deps:
 -> 'omni.appwindow' = { version='^' } selected: [omni.appwindow-1.1.10]
 -> 'omni.kit.renderer.imgui' = { version='^' } selected: [omni.kit.renderer.imgui-2.0.5]
[ext: omni.kit.renderer.imgui-2.0.5] deps:
 -> 'omni.appwindow' = { version='^' } selected: [omni.appwindow-1.1.10]
 -> 'omni.kit.renderer.capture' = { version='^' } selected: [omni.kit.renderer.capture-0.0.0]
 -> 'omni.kit.renderer.core' = { version='^' } selected: [omni.kit.renderer.core-1.1.0]
[ext: omni.kit.renderer.capture-0.0.0] deps:
 -> 'omni.kit.renderer.core' = { version='^' } selected: [omni.kit.renderer.core-1.1.0]
[ext: omni.kit.renderer.core-1.1.0] deps:
 -> 'omni.appwindow' = { version='^' } selected: [omni.appwindow-1.1.10]
 -> 'omni.client' = { version='^' } selected: [omni.client-1.3.0]
 -> 'omni.kit.renderer.init' = { version='^' } selected: [omni.kit.renderer.init-0.0.0]
[ext: omni.appwindow-1.1.10] deps:
 -> 'carb.windowing.plugins' = { version='^' } selected: [carb.windowing.plugins-1.0.0]
 -> 'omni.kit.loop' = { version='^' } selected: [omni.kit.loop-isaac-1.3.7]
[ext: omni.usd.schema.anim-0.0.0] deps:
 -> 'omni.usd.libs' = { version='^' } selected: [omni.usd.libs-1.0.1]
[ext: omni.usd.schema.physx-107.3.26] deps:
 -> 'omni.usd.libs' = { version='^' } selected: [omni.usd.libs-1.0.1]
[ext: omni.usd.schema.omni_sensors-0.0.0] deps:
 -> 'omni.usd.core' = { version='^' optional=true  } selected: [omni.usd.core-1.5.3]
 -> 'omni.usd.libs' = { version='^' } selected: [omni.usd.libs-1.0.1]
[ext: omni.usd.core-1.5.3] deps:
 -> 'omni.client' = { version='^' } selected: [omni.client-1.3.0]
 -> 'omni.usd.libs' = { version='^' } selected: [omni.usd.libs-1.0.1]
 -> 'omni.usd.schema.audio' = { version='^' } selected: [omni.usd.schema.audio-0.0.0]
 -> 'omni.usd_resolver' = { version='^' } selected: [omni.usd_resolver-1.0.0]
[ext: omni.usd_resolver-1.0.0] deps:
 -> 'omni.client' = { version='^' } selected: [omni.client-1.3.0]
 -> 'omni.usd.libs' = { version='^' } selected: [omni.usd.libs-1.0.1]
[ext: omni.usd.schema.semantics-0.0.0] deps:
 -> 'omni.usd.libs' = { version='^' } selected: [omni.usd.libs-1.0.1]
[ext: omni.usd.schema.omnigraph-1.0.0] deps:
 -> 'omni.usd.libs' = { version='^' } selected: [omni.usd.libs-1.0.1]
[ext: omni.usd.schema.audio-0.0.0] deps:
 -> 'omni.usd.libs' = { version='^' } selected: [omni.usd.libs-1.0.1]
[ext: omni.usd.schema.geospatial-0.0.0] deps:
 -> 'omni.usd.libs' = { version='^' } selected: [omni.usd.libs-1.0.1]
[ext: omni.usd.schema.metrics.assembler-107.3.1] deps:
 -> 'omni.usd.libs' = { version='^' } selected: [omni.usd.libs-1.0.1]
[ext: omni.kit.test-2.0.1] deps:
 -> 'omni.kit.async_engine' = { version='^' } selected: [omni.kit.async_engine-0.0.3]
 -> 'omni.kit.loop' = { version='^' } selected: [omni.kit.loop-isaac-1.3.7]
 -> 'omni.kit.pip_archive' = { version='^' } selected: [omni.kit.pip_archive-0.0.0]
[ext: omni.kit.loop-isaac-1.3.7] no deps
[ext: omni.kit.telemetry-0.5.2] deps:
 -> 'omni.kit.pip_archive' = { version='^' } selected: [omni.kit.pip_archive-0.0.0]
[ext: omni.kit.usd.mdl-1.1.5] deps:
 -> 'omni.mdl.neuraylib' = { version='^' } selected: [omni.mdl.neuraylib-0.2.12]
 -> 'omni.usd.libs' = { version='^' } selected: [omni.usd.libs-1.0.1]
[ext: omni.mdl.neuraylib-0.2.12] deps:
 -> 'omni.iray.libs' = { version='^' } selected: [omni.iray.libs-0.0.0]
 -> 'omni.mdl' = { version='^' } selected: [omni.mdl-56.0.3]
[ext: omni.iray.libs-0.0.0] no deps
[ext: omni.mdl-56.0.3] deps:
 -> 'omni.client' = { version='^' } selected: [omni.client-1.3.0]
 -> 'omni.kit.pip_archive' = { version='^' } selected: [omni.kit.pip_archive-0.0.0]
[ext: omni.usd.libs-1.0.1] deps:
 -> 'omni.gpucompute.plugins' = { version='^' optional=true  } selected: [omni.gpucompute.plugins-0.0.0]
 -> 'omni.usd.config' = { version='^' } selected: [omni.usd.config-1.0.6]
[ext: omni.gpucompute.plugins-0.0.0] deps:
 -> 'omni.gpu_foundation' = { version='^' } selected: [omni.gpu_foundation-0.0.0]
[ext: omni.usd.config-1.0.6] deps:
 -> 'omni.materialx.libs' = { version='^' optional=true  } selected: [omni.materialx.libs-1.0.7]
[ext: omni.isaac.ml_archive-3.0.4] deps:
 -> 'omni.isaac.core_archive' = { version='^' } selected: [omni.isaac.core_archive-3.0.0]
 -> 'omni.kit.pip_archive' = { version='^' } selected: [omni.kit.pip_archive-0.0.0]
[ext: omni.materialx.libs-1.0.7] no deps
[ext: omni.isaac.core_archive-3.0.0] deps:
 -> 'omni.kit.pip_archive' = { version='^' } selected: [omni.kit.pip_archive-0.0.0]
 -> 'omni.pip.cloud' = { version='^' } selected: [omni.pip.cloud-1.4.3]
 -> 'omni.pip.compute' = { version='^' } selected: [omni.pip.compute-1.6.3]
[ext: omni.pip.cloud-1.4.3] deps:
 -> 'omni.kit.pip_archive' = { version='^' } selected: [omni.kit.pip_archive-0.0.0]
[ext: omni.pip.compute-1.6.3] deps:
 -> 'omni.kit.pip_archive' = { version='^' } selected: [omni.kit.pip_archive-0.0.0]
[ext: omni.kit.pip_archive-0.0.0] deps:
 -> 'omni.kit.pipapi' = { version='^' } selected: [omni.kit.pipapi-0.0.0]
[ext: omni.kit.pipapi-0.0.0] no deps
[ext: omni.kit.renderer.init-0.0.0] deps:
 -> 'carb.windowing.plugins' = { version='^' } selected: [carb.windowing.plugins-1.0.0]
 -> 'omni.assets.plugins' = { version='^' } selected: [omni.assets.plugins-0.0.0]
 -> 'omni.gpu_foundation' = { version='^' } selected: [omni.gpu_foundation-0.0.0]
[ext: carb.windowing.plugins-1.0.0] no deps
[ext: omni.gpu_foundation-0.0.0] deps:
 -> 'omni.assets.plugins' = { version='^' } selected: [omni.assets.plugins-0.0.0]
 -> 'omni.client' = { version='^' optional=true  } selected: [omni.client-1.3.0]
 -> 'omni.gpu_foundation.shadercache.vulkan' = { version='^' } selected: [omni.gpu_foundation.shadercache.vulkan-1.0.0]
 -> 'omni.hsscclient' = { version='^' optional=true  } selected: [omni.hsscclient-1.1.2]
 -> 'omni.stats' = { version='^' } selected: [omni.stats-1.0.1]
 -> 'omni.ujitso.default' = { version='^' optional=true  } selected: [omni.ujitso.default-1.0.0]
[ext: omni.assets.plugins-0.0.0] no deps
[ext: omni.hsscclient-1.1.2] deps:
 -> 'omni.blobkey' = { version='^' } selected: [omni.blobkey-1.1.2]
[ext: omni.gpu_foundation.shadercache.vulkan-1.0.0] no deps
[ext: omni.ujitso.default-1.0.0] deps:
 -> 'omni.blobkey' = { version='^' } selected: [omni.blobkey-1.1.2]
 -> 'omni.client' = { version='^' } selected: [omni.client-1.3.0]
 -> 'omni.datastore' = { version='^' } selected: [omni.datastore-0.0.0]
 -> 'omni.stats' = { version='^' } selected: [omni.stats-1.0.1]
[ext: omni.client-1.3.0] deps:
 -> 'omni.client.lib' = { version='^' } selected: [omni.client.lib-1.1.0]
[ext: omni.datastore-0.0.0] deps:
 -> 'omni.blobkey' = { version='^' } selected: [omni.blobkey-1.1.2]
 -> 'omni.metrics.core' = { version='^' } selected: [omni.metrics.core-0.0.3]
[ext: omni.stats-1.0.1] no deps
[ext: omni.blobkey-1.1.2] no deps
[ext: omni.client.lib-1.1.0] deps:
 -> 'omni.kit.async_engine' = { version='^' } selected: [omni.kit.async_engine-0.0.3]
[ext: omni.metrics.core-0.0.3] no deps
[ext: omni.kit.async_engine-0.0.3] no deps
 Synced registries:
	 (none)

2026-06-20T14:08:32Z [26ms] [Info] [omni.ext.plugin] [ext: isaaclab.python.headless.rendering-2.3.0] applying settings
2026-06-20T14:08:32Z [26ms] [Info] [omni.ext.plugin] [ext: isaaclab.python.headless-2.3.0] applying settings
2026-06-20T14:08:32Z [26ms] [Info] [omni.ext.plugin] [ext: omni.kit.viewport.rtx-104.0.1] applying settings
2026-06-20T14:08:32Z [26ms] [Info] [omni.ext.plugin] [ext: omni.kit.stage_templates-2.0.0] applying settings
2026-06-20T14:08:32Z [26ms] [Info] [omni.ext.plugin] [ext: omni.videoencoding-0.1.2] applying settings
2026-06-20T14:08:32Z [26ms] [Info] [omni.ext.plugin] [ext: omni.warp-1.8.2] applying settings
2026-06-20T14:08:32Z [26ms] [Info] [omni.ext.plugin] [ext: omni.kit.stage_template.core-1.1.22] applying settings
2026-06-20T14:08:32Z [26ms] [Info] [omni.ext.plugin] [ext: omni.physx.cooking-107.3.26] applying settings
2026-06-20T14:08:32Z [26ms] [Info] [omni.ext.plugin] [ext: isaacsim.storage.native-1.5.1] applying settings
2026-06-20T14:08:32Z [26ms] [Info] [omni.ext.plugin] [ext: omni.kit.viewport.window-107.2.0] applying settings
2026-06-20T14:08:32Z [26ms] [Info] [omni.ext.plugin] [ext: isaacsim.core.deprecation_manager-0.2.7] applying settings
2026-06-20T14:08:32Z [26ms] [Info] [omni.ext.plugin] [ext: omni.kit.widget.viewport-107.1.3] applying settings
2026-06-20T14:08:32Z [26ms] [Info] [omni.ext.plugin] [ext: omni.kit.viewport.registry-104.0.6] applying settings
2026-06-20T14:08:32Z [27ms] [Info] [omni.ext.plugin] [ext: omni.kit.window.preferences-1.8.0] applying settings
2026-06-20T14:08:32Z [27ms] [Info] [omni.ext.plugin] [ext: omni.kit.widget.graph-2.0.0] applying settings
2026-06-20T14:08:32Z [27ms] [Info] [omni.ext.plugin] [ext: omni.kit.widget.stage-3.1.4] applying settings
2026-06-20T14:08:32Z [27ms] [Info] [omni.ext.plugin] [ext: omni.kit.material.library-2.0.7] applying settings
2026-06-20T14:08:32Z [27ms] [Info] [omni.ext.plugin] [ext: omni.kit.widget.searchfield-1.1.8] applying settings
2026-06-20T14:08:32Z [27ms] [Info] [omni.ext.plugin] [ext: omni.kit.window.file_exporter-1.0.33] applying settings
2026-06-20T14:08:32Z [27ms] [Info] [omni.ext.plugin] [ext: omni.kit.menu.utils-2.0.5] applying settings
2026-06-20T14:08:32Z [27ms] [Info] [omni.ext.plugin] [ext: omni.kit.context_menu-1.8.6] applying settings
2026-06-20T14:08:32Z [27ms] [Info] [omni.ext.plugin] [ext: omni.kit.window.filepicker-2.13.4] applying settings
2026-06-20T14:08:32Z [27ms] [Info] [omni.ext.plugin] [ext: omni.kit.usd.layers-2.2.11] applying settings
2026-06-20T14:08:32Z [27ms] [Info] [omni.ext.plugin] [ext: omni.kit.widget.context_menu-1.2.5] applying settings
2026-06-20T14:08:32Z [27ms] [Info] [omni.ext.plugin] [ext: omni.kit.notification_manager-1.0.10] applying settings
2026-06-20T14:08:32Z [27ms] [Info] [omni.ext.plugin] [ext: omni.kit.hydra_texture-1.4.6] applying settings
2026-06-20T14:08:32Z [27ms] [Info] [omni.ext.plugin] [ext: omni.kit.hotkeys.core-1.3.10] applying settings
2026-06-20T14:08:32Z [27ms] [Info] [omni.ext.plugin] [ext: omni.hydra.rtx-1.0.0] applying settings
2026-06-20T14:08:32Z [27ms] [Info] [omni.ext.plugin] [ext: omni.index-1.0.1] applying settings
2026-06-20T14:08:32Z [27ms] [Info] [omni.ext.plugin] [ext: omni.ui.scene-1.11.5] applying settings
2026-06-20T14:08:32Z [27ms] [Info] [omni.ext.plugin] [ext: omni.usd-1.13.10] applying settings
2026-06-20T14:08:32Z [27ms] [Info] [omni.ext.plugin] [ext: omni.kit.commands-1.4.10] applying settings
2026-06-20T14:08:32Z [27ms] [Info] [omni.ext.plugin] [ext: omni.kit.widget.nucleus_connector-2.0.1] applying settings
2026-06-20T14:08:32Z [27ms] [Info] [omni.ext.plugin] [ext: omni.timeline-1.0.14] applying settings
2026-06-20T14:08:32Z [27ms] [Info] [omni.ext.plugin] [ext: omni.ui-2.27.1] applying settings
2026-06-20T14:08:32Z [27ms] [Info] [omni.ext.plugin] [ext: omni.kit.renderer.imgui-2.0.5] applying settings
2026-06-20T14:08:32Z [27ms] [Info] [omni.ext.plugin] [ext: omni.kit.renderer.capture-0.0.0] applying settings
2026-06-20T14:08:32Z [27ms] [Info] [omni.ext.plugin] [ext: omni.kit.renderer.core-1.1.0] applying settings
2026-06-20T14:08:32Z [27ms] [Info] [omni.ext.plugin] [ext: omni.appwindow-1.1.10] applying settings
2026-06-20T14:08:32Z [27ms] [Info] [omni.ext.plugin] [ext: omni.kit.test-2.0.1] applying settings
2026-06-20T14:08:32Z [27ms] [Info] [omni.ext.plugin] [ext: omni.kit.loop-isaac-1.3.7] applying settings
2026-06-20T14:08:32Z [27ms] [Info] [omni.ext.plugin] [ext: omni.kit.telemetry-0.5.2] applying settings
2026-06-20T14:08:32Z [27ms] [Info] [omni.ext.plugin] [ext: omni.mdl.neuraylib-0.2.12] applying settings
2026-06-20T14:08:32Z [27ms] [Info] [omni.ext.plugin] [ext: omni.usd.config-1.0.6] applying settings
2026-06-20T14:08:32Z [27ms] [Info] [omni.ext.plugin] [ext: omni.kit.pipapi-0.0.0] applying settings
2026-06-20T14:08:32Z [27ms] [Info] [omni.ext.plugin] [ext: omni.kit.renderer.init-0.0.0] applying settings
2026-06-20T14:08:32Z [27ms] [Info] [omni.ext.plugin] [ext: omni.gpu_foundation-0.0.0] applying settings
2026-06-20T14:08:32Z [27ms] [Info] [omni.ext.plugin] [ext: omni.hsscclient-1.1.2] applying settings
2026-06-20T14:08:32Z [27ms] [Info] [omni.ext.plugin] [ext: omni.ujitso.default-1.0.0] applying settings
2026-06-20T14:08:32Z [27ms] [Info] [omni.ext.plugin] [ext: omni.datastore-0.0.0] applying settings
2026-06-20T14:08:32Z [27ms] [Info] [omni.ext.plugin] [ext: omni.kit.async_engine-0.0.3] applying settings
2026-06-20T14:08:32Z [39ms] [Info] [omni.ext.plugin] About to startup: [ext: omni.kit.async_engine-0.0.3] (order: 0) Triggered by: omni.client.lib-1.1.0, omni.kit.test-2.0.1, omni.syntheticdata-0.6.13, omni.usd-1.13.10 (path: /isaac-sim/kit/extscore/omni.kit.async_engine)
2026-06-20T14:08:32Z [39ms] [Info] [omni.kit.app.plugin] [0.059s] [ext: omni.kit.async_engine-0.0.3] startup
2026-06-20T14:08:33Z [749ms] [Info] [omni.ext._impl.utils] -> func:_refresh_cache took: 0.7095s
2026-06-20T14:08:33Z [769ms] [Info] [omni.ext._impl._internal] Searching for classes derived from 'omni.ext.IExt' in 'omni.kit.async_engine' ('/isaac-sim/kit/extscore/omni.kit.async_engine')
2026-06-20T14:08:33Z [769ms] [Info] [omni.ext._impl._internal] Found class `_AsyncEngineDriver` derived from `omni.ext.IExt` in module: 'omni.kit.async_engine' in '/isaac-sim/kit/extscore/omni.kit.async_engine'. Calling `on_startup`.
2026-06-20T14:08:33Z [770ms] [Info] [omni.kit.async_engine.async_engine] policy: <asyncio.unix_events._UnixDefaultEventLoopPolicy object at 0x71a64199add0> from /exts/omni.kit.async_engine/event_loop_policy_unix = "os_default"
2026-06-20T14:08:33Z [770ms] [Info] [omni.kit.async_engine.async_engine] loop:   <_UnixSelectorEventLoop running=False closed=False debug=False> from /exts/omni.kit.async_engine/event_loop_unix = "os_default"
2026-06-20T14:08:33Z [770ms] [Info] [omni.ext.plugin] [ext: omni.kit.async_engine-0.0.3] started, startup time: 731 (ms)
2026-06-20T14:08:33Z [770ms] [Info] [omni.ext.plugin] About to startup: [ext: omni.metrics.core-0.0.3] (order: 0) Triggered by: omni.datastore-0.0.0 (path: /isaac-sim/extscache/omni.metrics.core-0.0.3+69cbf6ad.lx64.r)
2026-06-20T14:08:33Z [770ms] [Info] [omni.kit.app.plugin] [0.791s] [ext: omni.metrics.core-0.0.3] startup
2026-06-20T14:08:33Z [770ms] [Info] [carb] Registered plugin: carb.metrics.plugin (interfaces: [carb::metrics::IMetrics v1.0]) (impl: carb.metrics.plugin)
2026-06-20T14:08:33Z [771ms] [Info] [omni.ext.plugin] [ext: omni.metrics.core-0.0.3] started, startup time: 0 (ms)
2026-06-20T14:08:33Z [771ms] [Info] [omni.ext.plugin] About to startup: [ext: omni.client.lib-1.1.0] (order: 0) Triggered by: omni.client-1.3.0 (path: /isaac-sim/kit/extscore/omni.client.lib)
2026-06-20T14:08:33Z [771ms] [Info] [omni.kit.app.plugin] [0.791s] [ext: omni.client.lib-1.1.0] startup
2026-06-20T14:08:33Z [781ms] [Info] [omni.ext.plugin] Loaded the dynamic library from /isaac-sim/kit/extscore/omni.client.lib/bin/libomniclient.so
2026-06-20T14:08:33Z [808ms] [Info] [omni.ext._impl._internal] Searching for classes derived from 'omni.ext.IExt' in 'omni.client' ('/isaac-sim/kit/extscore/omni.client.lib')
2026-06-20T14:08:33Z [808ms] [Info] [omni.ext.plugin] [ext: omni.client.lib-1.1.0] started, startup time: 37 (ms)
2026-06-20T14:08:33Z [808ms] [Info] [omni.ext.plugin] About to startup: [ext: omni.blobkey-1.1.2] (order: 0) Triggered by: omni.datastore-0.0.0, omni.hsscclient-1.1.2, omni.ujitso.default-1.0.0 (path: /isaac-sim/extscache/omni.blobkey-1.1.2+69cbf6ad.lx64.r)
2026-06-20T14:08:33Z [808ms] [Info] [omni.kit.app.plugin] [0.828s] [ext: omni.blobkey-1.1.2] startup
2026-06-20T14:08:33Z [808ms] [Info] [carb] Registered plugin: omni.blobkey.plugin (interfaces: [omni::blobkey::IBlobKey v1.1]) (impl: omni.blobkey.plugin)
2026-06-20T14:08:33Z [808ms] [Info] [omni.ext.plugin] [ext: omni.blobkey-1.1.2] started, startup time: 0 (ms)
2026-06-20T14:08:33Z [808ms] [Info] [omni.ext.plugin] About to startup: [ext: omni.stats-1.0.1] (order: 0) Triggered by: omni.gpu_foundation-0.0.0, omni.ujitso.default-1.0.0 (path: /isaac-sim/extscache/omni.stats-1.0.1+69cbf6ad.lx64.r.cp311)
2026-06-20T14:08:33Z [808ms] [Info] [omni.kit.app.plugin] [0.829s] [ext: omni.stats-1.0.1] startup
2026-06-20T14:08:33Z [809ms] [Info] [carb] Registered plugin: carb.stats.plugin (interfaces: [carb::stats::IStats v2.1]) (impl: carb.stats.plugin)
2026-06-20T14:08:33Z [817ms] [Info] [omni.ext._impl._internal] Searching for classes derived from 'omni.ext.IExt' in 'omni.stats' ('/isaac-sim/extscache/omni.stats-1.0.1+69cbf6ad.lx64.r.cp311')
2026-06-20T14:08:33Z [817ms] [Info] [omni.ext.plugin] [ext: omni.stats-1.0.1] started, startup time: 8 (ms)
2026-06-20T14:08:33Z [817ms] [Info] [omni.ext.plugin] About to startup: [ext: omni.datastore-0.0.0] (order: 0) Triggered by: omni.ujitso.default-1.0.0 (path: /isaac-sim/extscache/omni.datastore-0.0.0+69cbf6ad.lx64.r)
2026-06-20T14:08:33Z [817ms] [Info] [omni.kit.app.plugin] [0.838s] [ext: omni.datastore-0.0.0] startup
2026-06-20T14:08:33Z [818ms] [Info] [carb] Registered plugin: carb.datastore.plugin (interfaces: [carb::datastore::ICombinedDataStore v0.1],[carb::datastore::IFailureInjectionDataStoreFactory v0.1],[carb::datastore::ILocalDataStore v0.2],[carb::datastore::INucleusDataStore v0.1],[carb::datastore::IOmniHubDataStore v0.2],[carb::datastore::IProfileDataStore v0.2]) (impl: carb.datastore.plugin)
2026-06-20T14:08:33Z [823ms] [Info] [carb] Registered plugin: omni.datastore.ext.plugin (interfaces: [carb::datastore::IGRPCDataStore v0.3],[carb::datastore::IGRPCDataStoreServer v0.1],[omni::ext::IExt v0.1]) (impl: omni.datastore.ext.plugin)
2026-06-20T14:08:33Z [823ms] [Info] [carb] Initializing plugin: omni.datastore.ext.plugin (interfaces: [carb::datastore::IGRPCDataStore v0.3],[carb::datastore::IGRPCDataStoreServer v0.1],[omni::ext::IExt v0.1]) (impl: omni.datastore.ext.plugin)
2026-06-20T14:08:33Z [824ms] [Info] [omni.ext.plugin] [ext: omni.datastore-0.0.0] Starting ext::IExt in '/isaac-sim/extscache/omni.datastore-0.0.0+69cbf6ad.lx64.r/bin/libomni.datastore.ext.plugin.so'
2026-06-20T14:08:33Z [824ms] [Info] [omni.ext.plugin] [ext: omni.datastore-0.0.0] started, startup time: 6 (ms)
2026-06-20T14:08:33Z [824ms] [Info] [omni.ext.plugin] About to startup: [ext: omni.client-1.3.0] (order: 0) Triggered by: isaacsim.storage.native-1.5.1, omni.graph-1.141.2, omni.hydra.rtx-1.0.0, omni.hydra.scene_delegate-0.3.4, omni.hydra.usdrt_delegate-7.5.1, omni.index-1.0.1, omni.kit.helper.file_utils-0.1.9, omni.kit.material.library-2.0.7, omni.kit.renderer.core-1.1.0, omni.kit.usd.layers-2.2.11, omni.kit.widget.filebrowser-2.12.3, omni.kit.widget.nucleus_connector-2.0.1, omni.kit.widget.stage-3.1.4, omni.kit.window.filepicker-2.13.4, omni.kit.window.material_graph-1.9.1, omni.mdl-56.0.3, omni.ujitso.default-1.0.0, omni.usd-1.13.10, omni.usd.core-1.5.3, omni.usd_resolver-1.0.0, omni.volume-0.5.2 (path: /isaac-sim/extscache/omni.client-1.3.0+69cbf6ad.lx64.r)
2026-06-20T14:08:33Z [824ms] [Info] [omni.kit.app.plugin] [0.844s] [ext: omni.client-1.3.0] startup
2026-06-20T14:08:33Z [824ms] [Info] [carb] Registered plugin: omni.client.liveprocess.plugin (interfaces: [omni::ext::IExt v0.1]) (impl: omni.client.liveprocess.plugin)
2026-06-20T14:08:33Z [824ms] [Info] [carb] Registered plugin: carb.omniclient.plugin (interfaces: [carb::omniclient::IOmniClient v2.67]) (impl: carb.omniclient.plugin)
2026-06-20T14:08:33Z [825ms] [Info] [carb] Registered plugin: carb.datasource-omniclient.plugin (interfaces: [carb::datasource::IDataSource v1.1]) (impl: carb.datasource-omniclient.plugin)
2026-06-20T14:08:33Z [825ms] [Info] [carb] Initializing plugin: omni.client.liveprocess.plugin (interfaces: [omni::ext::IExt v0.1]) (impl: omni.client.liveprocess.plugin)
2026-06-20T14:08:33Z [825ms] [Info] [omni.ext.plugin] [ext: omni.client-1.3.0] Starting ext::IExt in '/isaac-sim/extscache/omni.client-1.3.0+69cbf6ad.lx64.r/bin/libomni.client.liveprocess.plugin.so'
2026-06-20T14:08:33Z [825ms] [Info] [carb] Initializing plugin: carb.omniclient.plugin (interfaces: [carb::omniclient::IOmniClient v2.67]) (impl: carb.omniclient.plugin)
2026-06-20T14:08:33Z [825ms] [Info] [carb.omniclient.plugin]  Main: core: Initializing Version 2.67.0-release.6072+gl.6293b5e9
2026-06-20T14:08:33Z [825ms] [Info] [carb.omniclient.plugin]  Main: core: Client ID: PRBS8FAQ
2026-06-20T14:08:33Z [828ms] [Info] [carb.omniclient.plugin]  234: OmniHub: ThreadId(02) hub_client::client::Client::new Launching client mode=Shared cache_path=None cache_size=None
2026-06-20T14:08:33Z [828ms] [Info] [carb.omniclient.plugin]  234: OmniHub: ThreadId(03) launch self=Launcher { discovery_lock: RwLock { lock: RwLock { inner: File { fd: 25, path: "/tmp/hub-isaac-sim.lock", read: false, write: true } } }, mode: Shared, config_file: "/tmp/hub-isaac-sim-C73321D2.config.json" } cmd="hub" "--mode=shared" "--write-config" "/tmp/hub-isaac-sim-C73321D2.config.json" "--"
2026-06-20T14:08:33Z [829ms] [Info] [carb.omniclient.plugin]  Main: core: Not using Hub: Hub not found
2026-06-20T14:08:33Z [829ms] [Info] [omni.ext.plugin] [ext: omni.client-1.3.0] started, startup time: 4 (ms)
2026-06-20T14:08:33Z [829ms] [Info] [omni.ext.plugin] About to startup: [ext: omni.ujitso.default-1.0.0] (order: 0) Triggered by: omni.physx.cooking-107.3.26, omni.ujitso.client-0.0.0 (path: /isaac-sim/extscache/omni.ujitso.default-1.0.0+69cbf6ad.lx64.r.cp311)
2026-06-20T14:08:33Z [829ms] [Info] [omni.kit.app.plugin] [0.849s] [ext: omni.ujitso.default-1.0.0] startup
2026-06-20T14:08:33Z [829ms] [Info] [carb] Registered plugin: carb.ujitsoagent.plugin (interfaces: [carb::ujitso::IAgent v0.5],[carb::ujitso::IFactory v0.2],[carb::ujitso::IRegistry v0.1],[carb::ujitso::IService v0.10]) (impl: carb.ujitsoagent.plugin)
2026-06-20T14:08:33Z [830ms] [Info] [carb] Registered plugin: carb.ujitsodefault.plugin (interfaces: [carb::ujitso::IDefault v0.1]) (impl: carb.ujitsodefault.plugin)
2026-06-20T14:08:33Z [830ms] [Info] [carb] Registered plugin: omni.ujitso.default.ext.plugin (interfaces: [omni::ext::IExt v0.1]) (impl: omni.ujitso.default.ext.plugin)
2026-06-20T14:08:33Z [830ms] [Info] [carb] Initializing plugin: omni.ujitso.default.ext.plugin (interfaces: [omni::ext::IExt v0.1]) (impl: omni.ujitso.default.ext.plugin)
2026-06-20T14:08:33Z [830ms] [Info] [omni.ext.plugin] [ext: omni.ujitso.default-1.0.0] Starting ext::IExt in '/isaac-sim/extscache/omni.ujitso.default-1.0.0+69cbf6ad.lx64.r.cp311/bin/libomni.ujitso.default.ext.plugin.so'
2026-06-20T14:08:33Z [830ms] [Info] [carb] Initializing plugin: carb.ujitsodefault.plugin (interfaces: [carb::ujitso::IDefault v0.1]) (impl: carb.ujitsodefault.plugin)
2026-06-20T14:08:33Z [831ms] [Info] [omni.ext.plugin] [ext manager] preferLocalVersions: 1
2026-06-20T14:08:33Z [831ms] [Info] [omni.ext.plugin] Processing exts enabling request: 'omni.hsscclient'
2026-06-20T14:08:33Z [831ms] [Info] [omni.ext.plugin] Extensions dependency solver solution:
[ext: omni.client-1.3.0] deps:
 -> 'omni.client.lib' = { version='=1.1.0+lx64.r.cp311' } selected: [omni.client.lib-1.1.0]
[ext: omni.hsscclient-1.1.2] deps:
 -> 'omni.blobkey' = { version='=1.1.2+69cbf6ad.lx64.r' } selected: [omni.blobkey-1.1.2]
[ext: omni.stats-1.0.1] no deps
[ext: omni.datastore-0.0.0] deps:
 -> 'omni.blobkey' = { version='=1.1.2+69cbf6ad.lx64.r' } selected: [omni.blobkey-1.1.2]
 -> 'omni.metrics.core' = { version='=0.0.3+69cbf6ad.lx64.r' } selected: [omni.metrics.core-0.0.3]
[ext: omni.client.lib-1.1.0] deps:
 -> 'omni.kit.async_engine' = { version='=0.0.3' } selected: [omni.kit.async_engine-0.0.3]
[ext: omni.blobkey-1.1.2] no deps
[ext: omni.metrics.core-0.0.3] no deps
[ext: omni.kit.async_engine-0.0.3] no deps
 Synced registries:
	 (none)

2026-06-20T14:08:33Z [831ms] [Info] [omni.ext.plugin] [ext: omni.hsscclient-1.1.2] applying settings
2026-06-20T14:08:33Z [831ms] [Info] [omni.ext.plugin] About to startup: [ext: omni.hsscclient-1.1.2] (order: 0) Triggered by API/CLI/Config. (path: /isaac-sim/extscache/omni.hsscclient-1.1.2+69cbf6ad.lx64.r.cp311)
2026-06-20T14:08:33Z [831ms] [Info] [omni.kit.app.plugin] [0.851s] [ext: omni.hsscclient-1.1.2] startup
2026-06-20T14:08:33Z [831ms] [Info] [carb] Registered plugin: carb.hsscclient.plugin (interfaces: [carb::HsscClient::IClient v1.1],[carb::HsscClient::IDataStore v1.1],[carb::HsscClient::IServiceDiscovery v1.1]) (impl: carb.hsscclient.plugin)
2026-06-20T14:08:33Z [839ms] [Info] [omni.ext._impl._internal] Searching for classes derived from 'omni.ext.IExt' in 'omni.hsscclient' ('/isaac-sim/extscache/omni.hsscclient-1.1.2+69cbf6ad.lx64.r.cp311')
2026-06-20T14:08:33Z [839ms] [Info] [omni.ext.plugin] [ext: omni.hsscclient-1.1.2] started, startup time: 8 (ms)
2026-06-20T14:08:33Z [839ms] [Info] [carb] Initializing plugin: carb.hsscclient.plugin (interfaces: [carb::HsscClient::IClient v1.1],[carb::HsscClient::IDataStore v1.1],[carb::HsscClient::IServiceDiscovery v1.1]) (impl: carb.hsscclient.plugin)
2026-06-20T14:08:33Z [840ms] [Info] [carb.ujitsodefault.plugin] DataStoreConfigurator[UJITSOCache]: hssc service skipping discovery because uri empty
2026-06-20T14:08:33Z [840ms] [Info] [carb] Initializing plugin: carb.datastore.plugin (interfaces: [carb::datastore::ICombinedDataStore v0.1],[carb::datastore::IFailureInjectionDataStoreFactory v0.1],[carb::datastore::ILocalDataStore v0.2],[carb::datastore::INucleusDataStore v0.1],[carb::datastore::IOmniHubDataStore v0.2],[carb::datastore::IProfileDataStore v0.2]) (impl: carb.datastore.plugin)
2026-06-20T14:08:33Z [840ms] [Info] [carb] Initializing plugin: omni.blobkey.plugin (interfaces: [omni::blobkey::IBlobKey v1.1]) (impl: omni.blobkey.plugin)
2026-06-20T14:08:33Z [840ms] [Info] [omni.datastore] Cache folder doesn't exist. Creating /isaac-sim/kit/cache/DerivedDataCache
2026-06-20T14:08:33Z [840ms] [Info] [omni.datastore] Locked base cache layer '/isaac-sim/kit/cache/DerivedDataCache'
2026-06-20T14:08:33Z [842ms] [Info] [carb.ujitsodefault.plugin] DataStoreConfigurator[UJITSOCache]: created local datastore on: '/isaac-sim/kit/cache/DerivedDataCache'
2026-06-20T14:08:33Z [842ms] [Info] [carb] Initializing plugin: carb.ujitsoagent.plugin (interfaces: [carb::ujitso::IAgent v0.5],[carb::ujitso::IFactory v0.2],[carb::ujitso::IRegistry v0.1],[carb::ujitso::IService v0.10]) (impl: carb.ujitsoagent.plugin)
2026-06-20T14:08:33Z [842ms] [Info] [carb.ujitsoagent.plugin] UJITSO: ProcessorRegistry(): globalProcessorVersion:0, addKitGitHashToVersion:0, resolvedGitHash:''
2026-06-20T14:08:33Z [842ms] [Info] [carb] Initializing plugin: carb.stats.plugin (interfaces: [carb::stats::IStats v2.1]) (impl: carb.stats.plugin)
2026-06-20T14:08:33Z [842ms] [Info] [carb] Initializing plugin: carb.datasource-omniclient.plugin (interfaces: [carb::datasource::IDataSource v1.1]) (impl: carb.datasource-omniclient.plugin)
2026-06-20T14:08:33Z [842ms] [Info] [carb] Plugin omni.ujitso.default.ext.plugin is already a dependency of carb.ujitsodefault.plugin; not changing unload order
2026-06-20T14:08:33Z [854ms] [Info] [omni.ext._impl._internal] Searching for classes derived from 'omni.ext.IExt' in 'omni.ujitso.default' ('/isaac-sim/extscache/omni.ujitso.default-1.0.0+69cbf6ad.lx64.r.cp311')
2026-06-20T14:08:33Z [854ms] [Info] [omni.ext.plugin] [ext: omni.ujitso.default-1.0.0] started, startup time: 25 (ms)
2026-06-20T14:08:33Z [854ms] [Info] [omni.ext.plugin] About to startup: [ext: omni.gpu_foundation.shadercache.vulkan-1.0.0] (order: 0) Triggered by: omni.gpu_foundation-0.0.0 (path: /isaac-sim/extscache/omni.gpu_foundation.shadercache.vulkan-1.0.0+69cbf6ad.lx64.r)
2026-06-20T14:08:33Z [854ms] [Info] [omni.kit.app.plugin] [0.874s] [ext: omni.gpu_foundation.shadercache.vulkan-1.0.0] startup
2026-06-20T14:08:33Z [882ms] [Info] [omni.ext._impl._internal] Searching for classes derived from 'omni.ext.IExt' in 'omni.gpu_foundation.shadercache.vulkan' ('/isaac-sim/extscache/omni.gpu_foundation.shadercache.vulkan-1.0.0+69cbf6ad.lx64.r')
2026-06-20T14:08:33Z [882ms] [Info] [omni.ext._impl._internal] Found class `_ShaderCacheExt` derived from `omni.ext.IExt` in module: 'omni.gpu_foundation.shadercache.vulkan' in '/isaac-sim/extscache/omni.gpu_foundation.shadercache.vulkan-1.0.0+69cbf6ad.lx64.r'. Calling `on_startup`.
2026-06-20T14:08:33Z [882ms] [Info] [omni.gpu_foundation_factory.impl.foundation_extension] appShaderCachePathList: /isaac-sim/extscache/omni.gpu_foundation.shadercache.vulkan-1.0.0+69cbf6ad.lx64.r/cache/shadercache
2026-06-20T14:08:33Z [882ms] [Info] [omni.gpu_foundation_factory.impl.foundation_extension] appShaderCachePath: /isaac-sim/extscache/omni.gpu_foundation.shadercache.vulkan-1.0.0+69cbf6ad.lx64.r/cache/shadercache
2026-06-20T14:08:33Z [882ms] [Info] [omni.gpu_foundation_factory.impl.foundation_extension] shaderCachePath: /isaac-sim/kit/cache/shadercache
2026-06-20T14:08:33Z [882ms] [Info] [omni.gpu_foundation_factory.impl.foundation_extension] driverAppShaderCachePath: /isaac-sim/extscache/omni.gpu_foundation.shadercache.vulkan-1.0.0+69cbf6ad.lx64.r/cache/nv_shadercache
2026-06-20T14:08:33Z [882ms] [Info] [omni.gpu_foundation_factory.impl.foundation_extension] driverShaderCachePath: /isaac-sim/kit/cache/nv_shadercache
2026-06-20T14:08:33Z [882ms] [Info] [omni.ext.plugin] [ext: omni.gpu_foundation.shadercache.vulkan-1.0.0] started, startup time: 27 (ms)
2026-06-20T14:08:33Z [882ms] [Info] [omni.ext.plugin] About to startup: [ext: omni.assets.plugins-0.0.0] (order: 0) Triggered by: carb.audio-0.1.0, omni.convexdecomposition-107.3.26, omni.gpu_foundation-0.0.0, omni.kit.renderer.init-0.0.0, omni.usd-1.13.10, omni.videoencoding-0.1.2, omni.volume-0.5.2 (path: /isaac-sim/extscache/omni.assets.plugins-0.0.0+69cbf6ad.lx64.r)
2026-06-20T14:08:33Z [882ms] [Info] [omni.kit.app.plugin] [0.902s] [ext: omni.assets.plugins-0.0.0] startup
2026-06-20T14:08:33Z [882ms] [Info] [carb] Registered plugin: carb.assets.plugin (interfaces: [carb::assets::IAssets v2.0],[carb::assets::IAssetsBlob v1.0]) (impl: carb.assets.plugin)
2026-06-20T14:08:33Z [882ms] [Info] [carb] Registered plugin: carb.datasource-file.plugin (interfaces: [carb::datasource::IDataSource v1.1]) (impl: carb.datasource-file.plugin)
2026-06-20T14:08:33Z [883ms] [Info] [carb] Registered plugin: carb.imaging.plugin (interfaces: [carb::imaging::IImaging v2.6]) (impl: carb.imaging.plugin)
2026-06-20T14:08:33Z [883ms] [Info] [carb] Registered plugin: carb.progress.plugin (interfaces: [carb::progress::IProgress v1.0]) (impl: carb.progress.plugin)
2026-06-20T14:08:33Z [884ms] [Info] [omni.ext.plugin] [ext: omni.assets.plugins-0.0.0] started, startup time: 1 (ms)
2026-06-20T14:08:33Z [884ms] [Info] [omni.ext.plugin] About to startup: [ext: omni.gpu_foundation-0.0.0] (order: -100000) Triggered by: omni.gpucompute.plugins-0.0.0, omni.hydra.engine.stats-1.0.3, omni.hydra.rtx-1.0.0, omni.hydra.scene_delegate-0.3.4, omni.hydra.usdrt_delegate-7.5.1, omni.kit.hydra_texture-1.4.6, omni.kit.renderer.init-0.0.0, omni.physx.foundation-107.3.26, omni.resourcemonitor-107.0.1 (path: /isaac-sim/extscache/omni.gpu_foundation-0.0.0+69cbf6ad.lx64.r.cp311)
2026-06-20T14:08:33Z [884ms] [Info] [omni.kit.app.plugin] [0.904s] [ext: omni.gpu_foundation-0.0.0] startup
2026-06-20T14:08:33Z [885ms] [Info] [carb] Registered plugin: carb.graphics-vulkan.plugin (interfaces: [carb::graphics::Graphics v3.7],[carb::ngx::Ngx v0.11],[carb::profiler::IPerfSdkProfiler v1.4]) (impl: carb.graphics-vulkan.plugin)
2026-06-20T14:08:33Z [885ms] [Info] [carb] Registered plugin: carb.graphics_optional.plugin (interfaces: [carb::graphics::IOptionalFeatures v2.1]) (impl: carb.graphics_optional.plugin)
2026-06-20T14:08:33Z [885ms] [Info] [carb] Registered plugin: carb.shadercompiler-slang.plugin (interfaces: [carb::shadercompiler::ShaderCompiler v0.6]) (impl: carb.shadercompiler-slang.plugin)
2026-06-20T14:08:33Z [887ms] [Info] [carb] Registered plugin: gpu.foundation.plugin (interfaces: [carb::graphicsmux::GraphicsMux v2.7],[gpu::foundation::IGpuFoundationFactory v1.0],[gpu::foundation::ISystemInfo v0.8],[gpu::realm::Realm v0.1],[gpu::unstable::IMemoryBudgetManagerFactory v0.1],[gpu::vblank::IVBlank v0.1],[rtx::psodb::PsoDb v0.6],[rtx::rendergraph::RenderGraphBuilder v0.14],[rtx::resourcemanager::ResourceManager v1.2],[rtx::shaderdb::ShaderDb v1.9]) (impl: gpu.foundation.plugin)
2026-06-20T14:08:33Z [887ms] [Info] [carb] Registered plugin: carb.blockcompression.plugin (interfaces: [carb::blockcompression::BlockCompression v0.2]) (impl: carb.blockcompression.plugin)
2026-06-20T14:08:33Z [888ms] [Info] [carb] Registered plugin: carb.cudainterop.plugin (interfaces: [carb::cudainterop::CudaInterop v0.17]) (impl: carb.cudainterop.plugin)
2026-06-20T14:08:33Z [891ms] [Info] [carb] Registered plugin: carb.glinterop.plugin (interfaces: [carb::glinterop::GLInterop v0.6]) (impl: carb.glinterop.plugin)
2026-06-20T14:08:33Z [891ms] [Info] [carb] Registered plugin: carb.failureinjector (interfaces: [carb::IFailureInjector v1.0]) (impl: carb.failureinjector)
2026-06-20T14:08:33Z [891ms] [Info] [carb] Registered plugin: carb.memorytracking (interfaces: [carb::memorytracking::IGpuMemoryTracker v0.0],[carb::memorytracking::IMemoryScopeTracker v1.0],[carb::tasking::IFiberEvents v1.0]) (impl: carb.memorytracking)
2026-06-20T14:08:33Z [891ms] [Info] [carb] Registered plugin: omni.gpu_foundation.ext.plugin (interfaces: [omni::ext::IExt v0.1]) (impl: omni.gpu_foundation.ext.plugin)
2026-06-20T14:08:33Z [892ms] [Info] [carb] Registered plugin: omni.gpu_foundation_factory.plugin (interfaces: [omni::gpufoundation::IGpuFoundationFactory v0.1]) (impl: omni.gpu_foundation_factory.plugin)
2026-06-20T14:08:33Z [892ms] [Info] [carb] Registered plugin: carb.imguiregistry.plugin (interfaces: [carb::imgui::ImGuiCallbackRegistry v1.0]) (impl: carb.imguiregistry.plugin)
2026-06-20T14:08:33Z [892ms] [Info] [carb] Registered plugin: omni.streamingstatus.plugin (interfaces: [omni::IStreamingStatusManager v1.1]) (impl: omni.streamingstatus.plugin)
2026-06-20T14:08:33Z [892ms] [Info] [carb] Registered plugin: carb.ujitso.processor.texture.plugin (interfaces: [carb::ujitso::processor::ITextureProcessorLoader v0.1]) (impl: carb.ujitso.processor.texture.plugin)
2026-06-20T14:08:33Z [892ms] [Info] [carb] Initializing plugin: omni.gpu_foundation.ext.plugin (interfaces: [omni::ext::IExt v0.1]) (impl: omni.gpu_foundation.ext.plugin)
2026-06-20T14:08:33Z [892ms] [Info] [omni.ext.plugin] [ext: omni.gpu_foundation-0.0.0] Starting ext::IExt in '/isaac-sim/extscache/omni.gpu_foundation-0.0.0+69cbf6ad.lx64.r.cp311/bin/libomni.gpu_foundation.ext.plugin.so'
2026-06-20T14:08:33Z [893ms] [Info] [carb] Initializing plugin: omni.gpu_foundation_factory.plugin (interfaces: [omni::gpufoundation::IGpuFoundationFactory v0.1]) (impl: omni.gpu_foundation_factory.plugin)
2026-06-20T14:08:33Z [893ms] [Info] [omni.gpu_foundation_factory.plugin] [Graphics API] Vulkan

2026-06-20T14:08:33Z [893ms] [Info] [carb] Initializing plugin: carb.graphics-vulkan.plugin (interfaces: [carb::graphics::Graphics v3.7],[carb::ngx::Ngx v0.11],[carb::profiler::IPerfSdkProfiler v1.4]) (impl: carb.graphics-vulkan.plugin)
2026-06-20T14:08:33Z [893ms] [Info] [carb.graphics-vulkan.plugin] Environment variable overridden: VK_SDK_PATH = 
2026-06-20T14:08:33Z [893ms] [Info] [carb.graphics-vulkan.plugin] Environment variable overridden: VULKAN_SDK = 
2026-06-20T14:08:33Z [893ms] [Info] [carb.graphics-vulkan.plugin] Environment variable overridden: VK_LAYER_PATH = 
2026-06-20T14:08:33Z [893ms] [Info] [carb.graphics-vulkan.plugin] Environment variable overridden: VK_INSTANCE_LAYERS = 
2026-06-20T14:08:33Z [893ms] [Info] [carb.graphics-vulkan.plugin] Environment variable overridden: VULKAN_HEADERS_INSTALL_DIR = 
2026-06-20T14:08:33Z [893ms] [Info] [carb] Initializing plugin: carb.profiler.gpu.plugin (interfaces: [carb::profiler::IGpuProfiler v0.8]) (impl: carb.profiler.gpu.plugin)
2026-06-20T14:08:33Z [893ms] [Info] [carb] Initializing plugin: carb.progress.plugin (interfaces: [carb::progress::IProgress v1.0]) (impl: carb.progress.plugin)
2026-06-20T14:08:33Z [893ms] [Info] [omni.ext._impl._internal] Searching for classes derived from 'omni.ext.IExt' in 'omni.gpu_foundation_factory' ('/isaac-sim/extscache/omni.gpu_foundation-0.0.0+69cbf6ad.lx64.r.cp311')
2026-06-20T14:08:33Z [893ms] [Info] [omni.ext._impl._internal] Found class `GpuFoundationConfig` derived from `omni.ext.IExt` in module: 'omni.gpu_foundation_factory' in '/isaac-sim/extscache/omni.gpu_foundation-0.0.0+69cbf6ad.lx64.r.cp311'. Calling `on_startup`.
2026-06-20T14:08:33Z [893ms] [Info] [omni.ext.plugin] [ext: omni.gpu_foundation-0.0.0] started, startup time: 9 (ms)
2026-06-20T14:08:33Z [893ms] [Info] [omni.ext.plugin] About to startup: [ext: carb.windowing.plugins-1.0.0] (order: 0) Triggered by: omni.appwindow-1.1.10, omni.kit.renderer.init-0.0.0 (path: /isaac-sim/extscache/carb.windowing.plugins-1.0.0+69cbf6ad.lx64.r)
2026-06-20T14:08:33Z [893ms] [Info] [omni.kit.app.plugin] [0.914s] [ext: carb.windowing.plugins-1.0.0] startup
2026-06-20T14:08:33Z [893ms] [Info] [carb] Registered plugin: carb.input.plugin (interfaces: [carb::input::IInput v1.2]) (impl: carb.input.plugin)
2026-06-20T14:08:33Z [894ms] [Info] [carb] Registered plugin: carb.windowing.ext.plugin (interfaces: [omni::ext::IExt v0.1]) (impl: carb.windowing.ext.plugin)
2026-06-20T14:08:33Z [894ms] [Info] [carb] Registered plugin: carb.windowing-glfw.plugin (interfaces: [carb::windowing::IGLContext v1.0],[carb::windowing::IWindowing v1.5]) (impl: carb.windowing-glfw.plugin)
2026-06-20T14:08:33Z [894ms] [Info] [carb] Initializing plugin: carb.windowing.ext.plugin (interfaces: [omni::ext::IExt v0.1]) (impl: carb.windowing.ext.plugin)
2026-06-20T14:08:33Z [894ms] [Info] [omni.ext.plugin] [ext: carb.windowing.plugins-1.0.0] Starting ext::IExt in '/isaac-sim/extscache/carb.windowing.plugins-1.0.0+69cbf6ad.lx64.r/bin/libcarb.windowing.ext.plugin.so'
2026-06-20T14:08:33Z [894ms] [Info] [carb] Initializing plugin: carb.windowing-glfw.plugin (interfaces: [carb::windowing::IGLContext v1.0],[carb::windowing::IWindowing v1.5]) (impl: carb.windowing-glfw.plugin)
2026-06-20T14:08:33Z [894ms] [Info] [carb] Initializing plugin: carb.input.plugin (interfaces: [carb::input::IInput v1.2]) (impl: carb.input.plugin)
2026-06-20T14:08:33Z [894ms] [Warning] [carb.windowing-glfw.plugin] GLFW initialization failed.
2026-06-20T14:08:33Z [894ms] [Warning] [carb] Failed to startup plugin carb.windowing-glfw.plugin (interfaces: [carb::windowing::IGLContext v1.0],[carb::windowing::IWindowing v1.5]) (impl: carb.windowing-glfw.plugin)
2026-06-20T14:08:33Z [895ms] [Info] [omni.ext.plugin] [ext: carb.windowing.plugins-1.0.0] started, startup time: 1 (ms)
2026-06-20T14:08:33Z [895ms] [Info] [omni.ext.plugin] About to startup: [ext: omni.kit.renderer.init-0.0.0] (order: -100000) Triggered by: omni.kit.renderer.core-1.1.0 (path: /isaac-sim/extscache/omni.kit.renderer.init-0.0.0+69cbf6ad.lx64.r)
2026-06-20T14:08:33Z [895ms] [Info] [omni.kit.app.plugin] [0.915s] [ext: omni.kit.renderer.init-0.0.0] startup
2026-06-20T14:08:33Z [895ms] [Info] [carb] Registered plugin: omni.kit.renderer.init.plugin (interfaces: [omni::ext::IExt v0.1],[omni::kit::renderer::IRendererInit v0.1]) (impl: omni.kit.renderer.init.plugin)
2026-06-20T14:08:33Z [895ms] [Info] [carb] Initializing plugin: omni.kit.renderer.init.plugin (interfaces: [omni::ext::IExt v0.1],[omni::kit::renderer::IRendererInit v0.1]) (impl: omni.kit.renderer.init.plugin)
2026-06-20T14:08:33Z [895ms] [Info] [omni.ext.plugin] [ext: omni.kit.renderer.init-0.0.0] Starting ext::IExt in '/isaac-sim/extscache/omni.kit.renderer.init-0.0.0+69cbf6ad.lx64.r/bin/libomni.kit.renderer.init.plugin.so'
2026-06-20T14:08:33Z [895ms] [Info] [carb] Initializing plugin: gpu.foundation.plugin (interfaces: [carb::graphicsmux::GraphicsMux v2.7],[gpu::foundation::IGpuFoundationFactory v1.0],[gpu::foundation::ISystemInfo v0.8],[gpu::realm::Realm v0.1],[gpu::unstable::IMemoryBudgetManagerFactory v0.1],[gpu::vblank::IVBlank v0.1],[rtx::psodb::PsoDb v0.6],[rtx::rendergraph::RenderGraphBuilder v0.14],[rtx::resourcemanager::ResourceManager v1.2],[rtx::shaderdb::ShaderDb v1.9]) (impl: gpu.foundation.plugin)
2026-06-20T14:08:33Z [923ms] [Info] [omni.platforminfo.plugin] realpath(libX11.so.6.3.0) failed (errno = 2)
2026-06-20T14:08:33Z [923ms] [Info] [omni.platforminfo.plugin] loaded X11 from 'libX11.so.6'.
2026-06-20T14:08:33Z [923ms] [Info] [omni.platforminfo.plugin] successfully loaded the 'X11' library.
2026-06-20T14:08:33Z [923ms] [Warning] [omni.platforminfo.plugin] failed to open the default display.  Can't verify X Server version.
2026-06-20T14:08:33Z [924ms] [Info] [carb] Initializing plugin: carb.launcher.plugin (interfaces: [carb::launcher::ILauncher v1.3]) (impl: carb.launcher.plugin)
2026-06-20T14:08:33Z [924ms] [Info] [gpu.foundation.plugin] [DriverShaderCacheManager]: Setting DataStoreKey::MaxBlobSize[0] = 5242880 bytes
2026-06-20T14:08:33Z [924ms] [Info] [gpu.foundation.plugin] [DriverShaderCacheManager]: Setting DataStoreKey::MaxBlobSize[1] = 47185920 bytes
2026-06-20T14:08:33Z [924ms] [Info] [gpu.foundation.plugin] [DriverShaderCacheManager]: Disabling shader cache redirection handler
2026-06-20T14:08:33Z [924ms] [Info] [gpu.foundation.plugin] [DriverShaderCacheManager]: The driver cache redirection shared library was disabled successfully
2026-06-20T14:08:33Z [924ms] [Info] [carb.launcher.plugin] created the process object 0x71a5f4057e30 for '/usr/bin/nvidia-smi'.
2026-06-20T14:08:33Z [924ms] [Info] [carb.launcher.plugin] launching the process '/usr/bin/nvidia-smi' from process 193.
2026-06-20T14:08:33Z [931ms] [Info] [carb] Initializing plugin: carb.cudainterop.plugin (interfaces: [carb::cudainterop::CudaInterop v0.17]) (impl: carb.cudainterop.plugin)
2026-06-20T14:08:33Z [931ms] [Warning] [carb.cudainterop.plugin] CUDA_VISIBLE_DEVICES environment variable is set.
2026-06-20T14:08:33Z [931ms] [Warning] [carb.cudainterop.plugin] Note CUDA device enumeration and Omniverse device enumeration are different.
2026-06-20T14:08:33Z [931ms] [Warning] [carb.cudainterop.plugin] Setting CUDA_VISIBLE_DEVICES can lead to undesired behavior or crashes.
2026-06-20T14:08:33Z [931ms] [Info] [carb] Initializing plugin: carb.memorytracking (interfaces: [carb::memorytracking::IGpuMemoryTracker v0.0],[carb::memorytracking::IMemoryScopeTracker v1.0],[carb::tasking::IFiberEvents v1.0]) (impl: carb.memorytracking)
2026-06-20T14:08:33Z [944ms] [Info] [gpu.foundation.plugin] [ShaderCache]: Limiting to 32-bit driver cache size: 4000 MB
2026-06-20T14:08:33Z [944ms] [Info] [gpu.foundation.plugin] Disabling Vulkan image compression
2026-06-20T14:08:33Z [944ms] [Info] [gpu.foundation.plugin] [ShaderCache]: driver app shader cache path = '/isaac-sim/extscache/omni.gpu_foundation.shadercache.vulkan-1.0.0+69cbf6ad.lx64.r/cache/nv_shadercache'; driver shader cache path = '/isaac-sim/kit/cache/nv_shadercache'
2026-06-20T14:08:33Z [944ms] [Info] [gpu.foundation.plugin] [ShaderCache]: Driver shaderCache directory: /isaac-sim/kit/cache/nv_shadercache
2026-06-20T14:08:33Z [944ms] [Info] [gpu.foundation.plugin] [ShaderCache]: Driver shadercache folder: /isaac-sim/kit/cache/nv_shadercache, file count: 0, size: 0.00 MB, process_0: 0.00 MB.
2026-06-20T14:08:33Z [944ms] [Info] [carb] Initializing plugin: carb.glinterop.plugin (interfaces: [carb::glinterop::GLInterop v0.6]) (impl: carb.glinterop.plugin)
2026-06-20T14:08:33Z [945ms] [Info] [carb.graphics-vulkan.plugin] loadVulkanGlobalFunctions. Loading libvulkan from /isaac-sim/extscache/omni.gpu_foundation-0.0.0+69cbf6ad.lx64.r.cp311/bin/deps/libvulkan.so.1
2026-06-20T14:08:33Z [1,110ms] [Info] [carb.graphics-vulkan.plugin] Instance extension VK_KHR_get_physical_device_properties2 required by NGX.
2026-06-20T14:08:33Z [1,382ms] [Info] [carb.launcher.plugin] [parent]: successfully launched the child process 242.
2026-06-20T14:08:33Z [1,382ms] [Info] [carb.launcher.plugin] [parent]: launched the child process 242 from the parent 193.
2026-06-20T14:08:33Z [1,382ms] [Info] [carb.launcher.plugin] [parent]: successfully launched the child process 242 {process = 0x71a5f4057e30}
2026-06-20T14:08:33Z [1,383ms] [Info] [carb.launcher.plugin] waiting for the process 0x71a5f4057e30 (242) to exit {timeout = 10000}
2026-06-20T14:08:33Z [1,383ms] [Info] [carb.launcher.plugin] starting the read thread for 'launcher stdout reader' for the child process 242.
2026-06-20T14:08:33Z [1,383ms] [Info] [carb.launcher.plugin] starting the read thread for 'launcher stderr reader' for the child process 242.
2026-06-20T14:08:33Z [1,482ms] [Info] [carb.launcher.plugin] read ended {errno = 0/Success}
2026-06-20T14:08:33Z [1,482ms] [Info] [carb.launcher.plugin] read ended {errno = 0/Success}
2026-06-20T14:08:33Z [1,482ms] [Info] [carb.launcher.plugin] read failed.  Exiting the read thread {pid = 242, bytes = 0}
2026-06-20T14:08:33Z [1,482ms] [Info] [carb.launcher.plugin] read failed.  Exiting the read thread {pid = 242, bytes = 0}
2026-06-20T14:08:33Z [1,482ms] [Info] [carb.launcher.plugin] done the read thread for 'launcher stdout reader' for the process 242.
2026-06-20T14:08:33Z [1,482ms] [Info] [carb.launcher.plugin] done the read thread for 'launcher stderr reader' for the process 242.
2026-06-20T14:08:33Z [1,484ms] [Info] [carb.launcher.plugin] wait succeeded.
2026-06-20T14:08:33Z [1,484ms] [Info] [carb.launcher.plugin] destroying the process object 0x71a5f4057e30 {pid = 242}
2026-06-20T14:08:33Z [1,484ms] [Info] [carb.launcher.plugin] done destroying the process object 0x71a5f4057e30 {pid = 242}
2026-06-20T14:08:33Z [1,487ms] [Info] [gpu.foundation.plugin] 
==============NVSMI LOG==============

Timestamp                                              : Sat Jun 20 14:08:33 2026
Driver Version                                         : 580.167.08
CUDA Version                                           : 13.0

Attached GPUs                                          : 1
GPU 00000000:34:00.0
    Product Name                                       : NVIDIA L40S
    Product Brand                                      : NVIDIA
    Product Architecture                               : Ada Lovelace
    Display Mode                                       : Requested functionality has been deprecated
    Display Attached                                   : Yes
    Display Active                                     : Disabled
    Persistence Mode                                   : Enabled
    Addressing Mode                                    : HMM
    MIG Mode
        Current                                        : N/A
        Pending                                        : N/A
    Accounting Mode                                    : Disabled
    Accounting Mode Buffer Size                        : 4000
    Driver Model
        Current                                        : N/A
        Pending                                        : N/A
    Serial Number                                      : 1324123084523
    GPU UUID                                           : GPU-e0aa0a6c-9a4f-97ec-56a4-46760fa31070
    GPU PDI                                            : 0x78beabe2d0dafa05
    Minor Number                                       : 0
    VBIOS Version                                      : 95.02.66.00.15
    MultiGPU Board                                     : No
    Board ID                                           : 0x3400
    Board Part Number                                  : 900-2G133-A880-000
    GPU Part Number                                    : 26B9-896-A1
    FRU Part Number                                    : N/A
    Platform Info
        Chassis Serial Number                          : N/A
        Slot Number                                    : N/A
        Tray Index                                     : N/A
        Host ID                                        : N/A
        Peer Type                                      : N/A
        Module Id                                      : 1
        GPU Fabric GUID                                : N/A
    Inforom Version
        Image Version                                  : G133.0242.00.03
        OEM Object                                     : 2.1
        ECC Object                                     : 6.16
        Power Management Object                        : N/A
    Inforom BBX Object Flush
        Latest Timestamp                               : N/A
        Latest Duration                                : N/A
    GPU Operation Mode
        Current                                        : N/A
        Pending                                        : N/A
    GPU C2C Mode                                       : N/A
    GPU Virtualization Mode
        Virtualization Mode                            : Pass-Through
        Host VGPU Mode                                 : N/A
        vGPU Heterogeneous Mode                        : N/A
    GPU Recovery Action                                : None
    GSP Firmware Version                               : 580.167.08
    IBMNPU
        Relaxed Ordering Mode                          : N/A
    PCI
        Bus                                            : 0x34
        Device                                         : 0x00
        Domain                                         : 0x0000
        Base Classcode                                 : 0x3
        Sub Classcode                                  : 0x2
        Device Id                                      : 0x26B910DE
        Bus Id                                         : 00000000:34:00.0
        Sub System Id                                  : 0x185110DE
        GPU Link Info
            PCIe Generation
                Max                                    : 4
                Current                                : 4
                Device Current                         : 4
                Device Max                             : 4
                Host Max                               : N/A
            Link Width
                Max                                    : 16x
                Current                                : 8x
        Bridge Chip
            Type                                       : N/A
            Firmware                                   : N/A
        Replays Since Reset                            : 0
        Replay Number Rollovers                        : 0
        Tx Throughput                                  : 634 KB/s
        Rx Throughput                                  : 292 KB/s
        Atomic Caps Outbound                           : N/A
        Atomic Caps Inbound                            : N/A
    Fan Speed                                          : N/A
    Performance State                                  : P0
    Clocks Event Reasons
        Idle                                           : Active
        Applications Clocks Setting                    : Not Active
        SW Power Cap                                   : Not Active
        HW Slowdown                                    : Not Active
            HW Thermal Slowdown                        : Not Active
            HW Power Brake Slowdown                    : Not Active
        Sync Boost                                     : Not Active
        SW Thermal Slowdown                            : Not Active
        Display Clock Setting                          : Not Active
    Clocks Event Reasons Counters
        SW Power Capping                               : 0 us
        Sync Boost                                     : 0 us
        SW Thermal Slowdown                            : 0 us
        HW Thermal Slowdown                            : 0 us
        HW Power Braking                               : 0 us
    Sparse Operation Mode                              : N/A
    FB Memory Usage
        Total                                          : 46068 MiB
        Reserved                                       : 611 MiB
        Used                                           : 17 MiB
        Free                                           : 45442 MiB
    BAR1 Memory Usage
        Total                                          : 65536 MiB
        Used                                           : 18 MiB
        Free                                           : 65518 MiB
    Conf Compute Protected Memory Usage
        Total                                          : 0 MiB
        Used                                           : 0 MiB
        Free                                           : 0 MiB
    Compute Mode                                       : Default
    Utilization
        GPU                                            : 0 %
        Memory                                         : 0 %
        Encoder                                        : 0 %
        Decoder                                        : 0 %
        JPEG                                           : 0 %
        OFA                                            : 0 %
    Encoder Stats
        Active Sessions                                : 0
        Average FPS                                    : 0
        Average Latency                                : 0
    FBC Stats
        Active Sessions                                : 0
        Average FPS                                    : 0
        Average Latency                                : 0
    DRAM Encryption Mode
        Current                                        : N/A
        Pending                                        : N/A
    ECC Mode
        Current                                        : Enabled
        Pending                                        : Enabled
    ECC Errors
        Volatile
            SRAM Correctable                           : 0
            SRAM Uncorrectable Parity                  : 0
            SRAM Uncorrectable SEC-DED                 : 0
            DRAM Correctable                           : 0
            DRAM Uncorrectable                         : 0
        Aggregate
            SRAM Correctable                           : 0
            SRAM Uncorrectable Parity                  : 0
            SRAM Uncorrectable SEC-DED                 : 0
            DRAM Correctable                           : 0
            DRAM Uncorrectable                         : 0
            SRAM Threshold Exceeded                    : No
        Aggregate Uncorrectable SRAM Sources
            SRAM L2                                    : 0
            SRAM SM                                    : 0
            SRAM Microcontroller                       : 0
            SRAM PCIE                                  : 0
            SRAM Other                                 : 0
        Channel Repair Pending                         : No
        TPC Repair Pending                             : No
        Unrepairable Memory                            : N/A
    Retired Pages
        Single Bit ECC                                 : N/A
        Double Bit ECC                                 : N/A
        Pending Page Blacklist                         : N/A
    Remapped Rows
        Correctable Error                              : 0
        Inactive Correctable Error                     : 0
        Uncorrectable Error                            : 0
        Inactive Uncorrectable Error                   : 0
        Pending                                        : No
        Remapping Failure Occurred                     : No
        Bank Remap Availability Histogram
            Max                                        : 192 bank(s)
            High                                       : 0 bank(s)
            Partial                                    : 0 bank(s)
            Low                                        : 0 bank(s)
            None                                       : 0 bank(s)
    Temperature
        GPU Current Temp                               : 29 C
        GPU T.Limit Temp                               : 59 C
        GPU Shutdown T.Limit Temp                      : -5 C
        GPU Slowdown T.Limit Temp                      : -2 C
        GPU Max Operating T.Limit Temp                 : 0 C
        GPU Target Temperature                         : N/A
        Memory Current Temp                            : N/A
        Memory Max Operating T.Limit Temp              : N/A
    GPU Power Readings
        Average Power Draw                             : 76.91 W
        Instantaneous Power Draw                       : 76.69 W
        Current Power Limit                            : 350.00 W
        Requested Power Limit                          : 350.00 W
        Default Power Limit                            : 350.00 W
        Min Power Limit                                : 100.00 W
        Max Power Limit                                : 350.00 W
    GPU Memory Power Readings 
        Average Power Draw                             : N/A
        Instantaneous Power Draw                       : N/A
    Module Power Readings
        Average Power Draw                             : N/A
        Instantaneous Power Draw                       : N/A
        Current Power Limit                            : N/A
        Requested Power Limit                          : N/A
        Default Power Limit                            : N/A
        Min Power Limit                                : N/A
        Max Power Limit                                : N/A
    Power Smoothing                                    : N/A
    Workload Power Profiles
        Requested Profiles                             : N/A
        Enforced Profiles                              : N/A
    Clocks
        Graphics                                       : 2520 MHz
        SM                                             : 2520 MHz
        Memory                                         : 9001 MHz
        Video                                          : 1965 MHz
    Applications Clocks
        Graphics                                       : 2520 MHz
        Memory                                         : 9001 MHz
    Default Applications Clocks
        Graphics                                       : 2520 MHz
        Memory                                         : 9001 MHz
    Deferred Clocks
        Memory                                         : N/A
    Max Clocks
        Graphics                                       : 2520 MHz
        SM                                             : 2520 MHz
        Memory                                         : 9001 MHz
        Video                                          : 1965 MHz
    Max Customer Boost Clocks
        Graphics                                       : 2520 MHz
    Clock Policy
        Auto Boost                                     : N/A
        Auto Boost Default                             : N/A
    Fabric
        State                                          : N/A
        Status                                         : N/A
        CliqueId                                       : N/A
        ClusterUUID                                    : N/A
        Health
            Summary                                    : N/A
            Bandwidth                                  : N/A
            Route Recovery in progress                 : N/A
            Route Unhealthy                            : N/A
            Access Timeout Recovery                    : N/A
            Incorrect Configuration                    : N/A
            Partition Assigned                         : N/A
    Processes
        GPU instance ID                   : N/A
        Compute instance ID               : N/A
        Process ID                        : 193
            Type                          : G
            Name                          : /isaac-sim.............../python3
            Used GPU Memory               : 6 MiB
    Capabilities
        EGM                                            : disabled


2026-06-20T14:08:33Z [1,505ms] [Info] [gpu.foundation.plugin] Skipping createScoringSurface for no-window request.
2026-06-20T14:08:34Z [2,305ms] [Info] [gpu.foundation.plugin] NVIDIA Aftermath Status: auto-enabled
2026-06-20T14:08:34Z [2,307ms] [Info] [carb] Initializing plugin: carb.failureinjector (interfaces: [carb::IFailureInjector v1.0]) (impl: carb.failureinjector)
2026-06-20T14:08:34Z [2,308ms] [Info] [carb.graphics-vulkan.plugin] Active GPU: NVIDIA L40S
2026-06-20T14:08:34Z [2,309ms] [Info] [carb.graphics-vulkan.plugin] Enabled NVIDIA Aftermath Version: 2024.1
2026-06-20T14:08:34Z [2,360ms] [Info] [carb.graphics-vulkan.plugin] Device extension VK_NVX_binary_import required by NGX.
2026-06-20T14:08:34Z [2,360ms] [Info] [carb.graphics-vulkan.plugin] Device extension VK_NVX_image_view_handle required by NGX.
2026-06-20T14:08:34Z [2,360ms] [Info] [carb.graphics-vulkan.plugin] Device extension VK_NVX_image_view_handle required by NGX.
2026-06-20T14:08:34Z [2,360ms] [Info] [carb.graphics-vulkan.plugin] Device extension VK_NVX_image_view_handle required by NGX.
2026-06-20T14:08:41Z [9,063ms] [Info] [gpu.foundation.plugin] 
|---------------------------------------------------------------------------------------------|
| Driver Version: 580.167.08    | Graphics API: Vulkan
|=============================================================================================|
| GPU | Name                             | Active | LDA | GPU Memory | Vendor-ID | LUID       |
|     |                                  |        |     |            | Device-ID | UUID       |
|     |                                  |        |     |            | Bus-ID    |            |
|---------------------------------------------------------------------------------------------|
| 0   | NVIDIA L40S                      | Yes: 0 |     | 46068   MB | 10de      | 0          |
|     |                                  |        |     |            | 26b9      | e0aa0a6c.. |
|     |                                  |        |     |            | 34        |            |
|=============================================================================================|
| OS: 24.04.2 LTS (Noble Numbat) ubuntu, Version: 24.04.2, Kernel: 6.8.0-1057-aws
| Processor: AMD EPYC 7R13 Processor
| Cores: 8 | Logical Cores: 16
|---------------------------------------------------------------------------------------------|
| Total Memory (MB): 127095 | Free Memory: 123357
| Total Page/Swap (MB): 0 | Free Page/Swap: 0
|---------------------------------------------------------------------------------------------|

2026-06-20T14:08:41Z [9,076ms] [Warning] [gpu.foundation.plugin] ECC is enabled on physical device 0
2026-06-20T14:08:41Z [9,077ms] [Info] [gpu.foundation.plugin]  
2026-06-20T14:08:41Z [9,077ms] [Info] [gpu.foundation.plugin] vGPU License Report:
2026-06-20T14:08:41Z [9,077ms] [Info] [gpu.foundation.plugin]  
2026-06-20T14:08:41Z [9,077ms] [Info] [gpu.foundation.plugin]    Physical device 0
2026-06-20T14:08:41Z [9,077ms] [Info] [gpu.foundation.plugin]    GPU virtualization mode: Passthrough
2026-06-20T14:08:41Z [9,077ms] [Info] [gpu.foundation.plugin]    Grid License Supported: False
2026-06-20T14:08:41Z [9,077ms] [Info] [gpu.foundation.plugin]    Number of licenseable features: 0
2026-06-20T14:08:41Z [9,077ms] [Info] [gpu.foundation.plugin]  
2026-06-20T14:08:41Z [9,078ms] [Info] [gpu.foundation.plugin] Physical device 0:
2026-06-20T14:08:41Z [9,078ms] [Info] [gpu.foundation.plugin] 	PCIe Link Generation
2026-06-20T14:08:41Z [9,078ms] [Info] [gpu.foundation.plugin] 		Current 4
2026-06-20T14:08:41Z [9,078ms] [Info] [gpu.foundation.plugin] 		Max     4
2026-06-20T14:08:41Z [9,078ms] [Info] [gpu.foundation.plugin] 	PCIe Link Width
2026-06-20T14:08:41Z [9,078ms] [Info] [gpu.foundation.plugin] 		Current 8
2026-06-20T14:08:41Z [9,078ms] [Info] [gpu.foundation.plugin] 		Max     16
2026-06-20T14:08:41Z [9,078ms] [Warning] [gpu.foundation.plugin] PCIe link width current (8) and maximum (16) for device 0 don't match.
2026-06-20T14:08:41Z [9,078ms] [Info] [gpu.foundation.plugin] IOMMU is disabled.
2026-06-20T14:08:41Z [9,078ms] [Info] [carb] Initializing plugin: omni.streamingstatus.plugin (interfaces: [omni::IStreamingStatusManager v1.1]) (impl: omni.streamingstatus.plugin)
2026-06-20T14:08:41Z [9,078ms] [Info] [carb] Initializing plugin: carb.assets.plugin (interfaces: [carb::assets::IAssets v2.0],[carb::assets::IAssetsBlob v1.0]) (impl: carb.assets.plugin)
2026-06-20T14:08:41Z [9,078ms] [Info] [carb] Initializing plugin: carb.datasource-file.plugin (interfaces: [carb::datasource::IDataSource v1.1]) (impl: carb.datasource-file.plugin)
2026-06-20T14:08:41Z [9,078ms] [Info] [carb] Initializing plugin: carb.imaging.plugin (interfaces: [carb::imaging::IImaging v2.6]) (impl: carb.imaging.plugin)
2026-06-20T14:08:41Z [9,586ms] [Info] [carb] Plugin gpu.foundation.plugin is already a dependency of carb.ujitsodefault.plugin; not changing unload order
2026-06-20T14:08:41Z [9,588ms] [Info] [carb] Initializing plugin: carb.shadercompiler-slang.plugin (interfaces: [carb::shadercompiler::ShaderCompiler v0.6]) (impl: carb.shadercompiler-slang.plugin)
2026-06-20T14:08:41Z [9,588ms] [Info] [carb.shadercompiler-slang.plugin] Max allowing 15 shader compiler sessions based on 128.6 GB of free system memory.
2026-06-20T14:08:41Z [9,588ms] [Info] [carb] Plugin gpu.foundation.plugin is already a dependency of carb.shadercompiler-slang.plugin; not changing unload order
2026-06-20T14:08:41Z [9,589ms] [Info] [gpu.foundation.plugin] Max ShaderDB concurrency allowed: 15.
2026-06-20T14:08:41Z [9,590ms] [Info] [gpu.foundation.plugin] Networking disabled.
2026-06-20T14:08:41Z [9,590ms] [Info] [gpu.foundation.plugin] Device 0:
2026-06-20T14:08:41Z [9,591ms] [Info] [gpu.foundation.plugin]  - CUDA device index: 0
2026-06-20T14:08:41Z [9,591ms] [Info] [gpu.foundation.plugin]  - Free BAR1: 64894 MB
2026-06-20T14:08:41Z [9,591ms] [Info] [gpu.foundation.plugin] Realm Process 0 of 1 started.
2026-06-20T14:08:41Z [9,591ms] [Info] [carb] Initializing plugin: carb.ujitso.processor.texture.plugin (interfaces: [carb::ujitso::processor::ITextureProcessorLoader v0.1]) (impl: carb.ujitso.processor.texture.plugin)
2026-06-20T14:08:41Z [9,591ms] [Info] [carb.ujitso.processor.texture.plugin] skipping initialization as '/UJITSO/textures'=false
2026-06-20T14:08:41Z [9,591ms] [Info] [omni.ext.plugin] [ext: omni.kit.renderer.init-0.0.0] started, startup time: 8696 (ms)
2026-06-20T14:08:41Z [9,591ms] [Info] [omni.ext.plugin] About to startup: [ext: omni.kit.pipapi-0.0.0] (order: -1000) Triggered by: omni.kit.pip_archive-0.0.0 (path: /isaac-sim/extscache/omni.kit.pipapi-0.0.0+69cbf6ad)
2026-06-20T14:08:41Z [9,591ms] [Info] [omni.kit.app.plugin] [9.612s] [ext: omni.kit.pipapi-0.0.0] startup
2026-06-20T14:08:41Z [9,605ms] [Info] [omni.ext._impl._internal] Searching for classes derived from 'omni.ext.IExt' in 'omni.kit.pipapi' ('/isaac-sim/extscache/omni.kit.pipapi-0.0.0+69cbf6ad')
2026-06-20T14:08:41Z [9,605ms] [Info] [omni.ext._impl._internal] Found class `ExtensionManagerPip` derived from `omni.ext.IExt` in module: 'omni.kit.pipapi' in '/isaac-sim/extscache/omni.kit.pipapi-0.0.0+69cbf6ad'. Calling `on_startup`.
2026-06-20T14:08:41Z [9,606ms] [Info] [omni.ext.plugin] [ext: omni.kit.pipapi-0.0.0] started, startup time: 14 (ms)
2026-06-20T14:08:41Z [9,606ms] [Info] [omni.ext.plugin] About to startup: [ext: omni.kit.pip_archive-0.0.0] (order: -1000) Triggered by: omni.isaac.core_archive-3.0.0, omni.isaac.dynamic_control-2.0.7, omni.isaac.ml_archive-3.0.4, omni.kit.numpy.common-0.1.3, omni.kit.telemetry-0.5.2, omni.kit.test-2.0.1, omni.mdl-56.0.3, omni.pip.cloud-1.4.3, omni.pip.compute-1.6.3, omni.replicator.core-1.12.27, omni.syntheticdata-0.6.13, omni.volume-0.5.2, omni.warp.core-1.8.2 (path: /isaac-sim/extscache/omni.kit.pip_archive-0.0.0+69cbf6ad.lx64.cp311)
2026-06-20T14:08:41Z [9,606ms] [Info] [omni.kit.app.plugin] [9.626s] [ext: omni.kit.pip_archive-0.0.0] startup
2026-06-20T14:08:41Z [9,613ms] [Info] [omni.ext._impl._internal] Searching for classes derived from 'omni.ext.IExt' in 'omni.kit.pip_archive' ('/isaac-sim/extscache/omni.kit.pip_archive-0.0.0+69cbf6ad.lx64.cp311')
2026-06-20T14:08:41Z [9,613ms] [Info] [omni.ext.plugin] [ext: omni.kit.pip_archive-0.0.0] started, startup time: 7 (ms)
2026-06-20T14:08:41Z [9,613ms] [Info] [omni.ext.plugin] About to startup: [ext: omni.pip.compute-1.6.3] (order: -1000) Triggered by: isaacsim.core.api-4.8.0, omni.isaac.core_archive-3.0.0, omni.replicator.core-1.12.27 (path: /isaac-sim/exts/omni.pip.compute)
2026-06-20T14:08:41Z [9,613ms] [Info] [omni.kit.app.plugin] [9.634s] [ext: omni.pip.compute-1.6.3] startup
2026-06-20T14:08:41Z [9,621ms] [Info] [omni.ext._impl._internal] Searching for classes derived from 'omni.ext.IExt' in 'omni.pip.compute' ('/isaac-sim/exts/omni.pip.compute')
2026-06-20T14:08:41Z [9,621ms] [Info] [omni.ext.plugin] [ext: omni.pip.compute-1.6.3] started, startup time: 7 (ms)
2026-06-20T14:08:41Z [9,621ms] [Info] [omni.ext.plugin] About to startup: [ext: omni.pip.cloud-1.4.3] (order: -100) Triggered by: isaacsim.core.api-4.8.0, omni.isaac.core_archive-3.0.0, omni.replicator.core-1.12.27 (path: /isaac-sim/exts/omni.pip.cloud)
2026-06-20T14:08:41Z [9,621ms] [Info] [omni.kit.app.plugin] [9.641s] [ext: omni.pip.cloud-1.4.3] startup
2026-06-20T14:08:41Z [9,630ms] [Info] [omni.ext._impl._internal] Searching for classes derived from 'omni.ext.IExt' in 'omni.pip.cloud' ('/isaac-sim/exts/omni.pip.cloud')
2026-06-20T14:08:41Z [9,630ms] [Info] [omni.ext._impl._internal] Found class `Extension` derived from `omni.ext.IExt` in module: 'omni.pip.cloud' in '/isaac-sim/exts/omni.pip.cloud'. Calling `on_startup`.
2026-06-20T14:08:41Z [9,633ms] [Info] [omni.ext.plugin] [ext: omni.pip.cloud-1.4.3] started, startup time: 12 (ms)
2026-06-20T14:08:41Z [9,633ms] [Info] [omni.ext.plugin] About to startup: [ext: omni.isaac.core_archive-3.0.0] (order: -1000) Triggered by: isaacsim.core.api-4.8.0, isaacsim.core.prims-0.6.1, omni.isaac.ml_archive-3.0.4 (path: /isaac-sim/exts/omni.isaac.core_archive)
2026-06-20T14:08:41Z [9,633ms] [Info] [omni.kit.app.plugin] [9.654s] [ext: omni.isaac.core_archive-3.0.0] startup
2026-06-20T14:08:41Z [9,644ms] [Info] [omni.ext._impl._internal] Searching for classes derived from 'omni.ext.IExt' in 'omni.isaac.core_archive' ('/isaac-sim/exts/omni.isaac.core_archive')
2026-06-20T14:08:41Z [9,644ms] [Info] [omni.ext.plugin] [ext: omni.isaac.core_archive-3.0.0] started, startup time: 10 (ms)
2026-06-20T14:08:41Z [9,644ms] [Info] [omni.ext.plugin] About to startup: [ext: omni.materialx.libs-1.0.7] (order: -1000) Triggered by: omni.kit.material.library-2.0.7,  (path: /isaac-sim/extscache/omni.materialx.libs-1.0.7+69cbf6ad.lx64.r.cp311)
2026-06-20T14:08:41Z [9,644ms] [Info] [omni.kit.app.plugin] [9.664s] [ext: omni.materialx.libs-1.0.7] startup
2026-06-20T14:08:41Z [9,644ms] [Info] [omni.ext.plugin] Loaded the dynamic library from /isaac-sim/extscache/omni.materialx.libs-1.0.7+69cbf6ad.lx64.r.cp311/bin/libMaterialXCore.so
2026-06-20T14:08:41Z [9,645ms] [Info] [omni.ext.plugin] Loaded the dynamic library from /isaac-sim/extscache/omni.materialx.libs-1.0.7+69cbf6ad.lx64.r.cp311/bin/libMaterialXFormat.so
2026-06-20T14:08:42Z [9,645ms] [Info] [omni.ext._impl._internal] Searching for classes derived from 'omni.ext.IExt' in 'omni.materialx.libs' ('/isaac-sim/extscache/omni.materialx.libs-1.0.7+69cbf6ad.lx64.r.cp311')
2026-06-20T14:08:42Z [9,662ms] [Info] [omni.ext._impl._internal] Searching for classes derived from 'omni.ext.IExt' in 'MaterialX' ('/isaac-sim/extscache/omni.materialx.libs-1.0.7+69cbf6ad.lx64.r.cp311')
2026-06-20T14:08:42Z [9,662ms] [Info] [omni.ext.plugin] [ext: omni.materialx.libs-1.0.7] started, startup time: 18 (ms)
2026-06-20T14:08:42Z [9,662ms] [Info] [omni.ext.plugin] About to startup: [ext: omni.isaac.ml_archive-3.0.4] (order: -1000) Triggered by: isaacsim.core.api-4.8.0, isaacsim.core.cloner-1.4.10, isaacsim.core.prims-0.6.1, isaacsim.core.utils-3.5.1 (path: /isaac-sim/exts/omni.isaac.ml_archive)
2026-06-20T14:08:42Z [9,662ms] [Info] [omni.kit.app.plugin] [9.682s] [ext: omni.isaac.ml_archive-3.0.4] startup
2026-06-20T14:08:42Z [9,669ms] [Info] [omni.ext._impl._internal] Searching for classes derived from 'omni.ext.IExt' in 'omni.isaac.ml_archive' ('/isaac-sim/exts/omni.isaac.ml_archive')
2026-06-20T14:08:42Z [9,669ms] [Info] [omni.ext.plugin] [ext: omni.isaac.ml_archive-3.0.4] started, startup time: 7 (ms)
2026-06-20T14:08:42Z [9,669ms] [Info] [omni.ext.plugin] About to startup: [ext: omni.usd.config-1.0.6] (order: 0) Triggered by: omni.usd.libs-1.0.1 (path: /isaac-sim/extscache/omni.usd.config-1.0.6+69cbf6ad)
2026-06-20T14:08:42Z [9,669ms] [Info] [omni.kit.app.plugin] [9.690s] [ext: omni.usd.config-1.0.6] startup
2026-06-20T14:08:42Z [9,678ms] [Info] [omni.ext._impl._internal] Searching for classes derived from 'omni.ext.IExt' in 'omni.usd_config' ('/isaac-sim/extscache/omni.usd.config-1.0.6+69cbf6ad')
2026-06-20T14:08:42Z [9,678ms] [Info] [omni.ext._impl._internal] Found class `Extension` derived from `omni.ext.IExt` in module: 'omni.usd_config' in '/isaac-sim/extscache/omni.usd.config-1.0.6+69cbf6ad'. Calling `on_startup`.
2026-06-20T14:08:42Z [9,685ms] [Info] [omni.ext.plugin] [ext: omni.usd.config-1.0.6] started, startup time: 16 (ms)
2026-06-20T14:08:42Z [9,685ms] [Info] [omni.ext.plugin] About to startup: [ext: omni.gpucompute.plugins-0.0.0] (order: 0) Triggered by: omni.graph.core-2.184.5, omni.graph.image.core-0.6.1, omni.hydra.scene_delegate-0.3.4, omni.hydra.usdrt_delegate-7.5.1, omni.physx-107.3.26, usdrt.scenegraph-7.6.1 (path: /isaac-sim/extscache/omni.gpucompute.plugins-0.0.0+69cbf6ad.lx64.r)
2026-06-20T14:08:42Z [9,685ms] [Info] [omni.kit.app.plugin] [9.706s] [ext: omni.gpucompute.plugins-0.0.0] startup
2026-06-20T14:08:42Z [9,686ms] [Info] [carb] Registered plugin: omni.gpucompute-cuda.plugin (interfaces: [omni::gpucompute::GpuCompute v0.3]) (impl: omni.gpucompute-cuda.plugin)
2026-06-20T14:08:42Z [9,686ms] [Info] [carb] Registered plugin: omni.gpucompute-d3dvk.plugin (interfaces: [omni::gpucompute::ComputeCompiler v0.1],[omni::gpucompute::GpuCompute v0.3]) (impl: omni.gpucompute-d3dvk.plugin)
2026-06-20T14:08:42Z [9,686ms] [Info] [omni.ext.plugin] [ext: omni.gpucompute.plugins-0.0.0] started, startup time: 0 (ms)
2026-06-20T14:08:42Z [9,686ms] [Info] [omni.ext.plugin] About to startup: [ext: omni.usd.libs-1.0.1] (order: -1000) Triggered by: isaacsim.core.cloner-1.4.10, omni.convexdecomposition-107.3.26, omni.graph.tools-1.79.2, omni.hydra.scene_delegate-0.3.4, omni.index-1.0.1, omni.isaac.dynamic_control-2.0.7, omni.kit.exec.core-0.13.4, omni.kit.usd.layers-2.2.11, omni.kit.usd.mdl-1.1.5, omni.kit.usd_undo-0.1.8, omni.kit.viewport.utility-1.1.2, omni.physics.tensors-107.3.26, omni.physx-107.3.26, omni.physx.cooking-107.3.26, omni.usd.core-1.5.3, omni.usd.metrics.assembler-107.3.1, omni.usd.schema.anim-0.0.0, omni.usd.schema.audio-0.0.0, omni.usd.schema.geospatial-0.0.0, omni.usd.schema.metrics.assembler-107.3.1, omni.usd.schema.omni_sensors-0.0.0, omni.usd.schema.omnigraph-1.0.0, omni.usd.schema.physx-107.3.26, omni.usd.schema.semantics-0.0.0, omni.usd_resolver-1.0.0, omni.usdphysics-107.3.26, usdrt.scenegraph-7.6.1 (path: /isaac-sim/extscache/omni.usd.libs-1.0.1+69cbf6ad.lx64.r.cp311)
2026-06-20T14:08:42Z [9,686ms] [Info] [omni.kit.app.plugin] [9.706s] [ext: omni.usd.libs-1.0.1] startup
2026-06-20T14:08:42Z [9,686ms] [Info] [omni.ext.plugin] Loaded the dynamic library from /isaac-sim/extscache/omni.usd.libs-1.0.1+69cbf6ad.lx64.r.cp311/bin/libOpenEXRCore.so
2026-06-20T14:08:42Z [9,686ms] [Info] [omni.ext.plugin] Loaded the dynamic library from /isaac-sim/extscache/omni.usd.libs-1.0.1+69cbf6ad.lx64.r.cp311/bin/libMaterialXCore.so
2026-06-20T14:08:42Z [9,686ms] [Info] [omni.ext.plugin] Loaded the dynamic library from /isaac-sim/extscache/omni.usd.libs-1.0.1+69cbf6ad.lx64.r.cp311/bin/libMaterialXFormat.so
2026-06-20T14:08:42Z [9,687ms] [Info] [omni.ext.plugin] Loaded the dynamic library from /isaac-sim/extscache/omni.usd.libs-1.0.1+69cbf6ad.lx64.r.cp311/bin/libMaterialXGenShader.so
2026-06-20T14:08:42Z [9,687ms] [Info] [omni.ext.plugin] Loaded the dynamic library from /isaac-sim/extscache/omni.usd.libs-1.0.1+69cbf6ad.lx64.r.cp311/bin/libMaterialXRender.so
2026-06-20T14:08:42Z [9,687ms] [Info] [omni.ext.plugin] Loaded the dynamic library from /isaac-sim/extscache/omni.usd.libs-1.0.1+69cbf6ad.lx64.r.cp311/bin/libMaterialXRenderOsl.so
2026-06-20T14:08:42Z [9,688ms] [Info] [omni.ext.plugin] Loaded the dynamic library from /isaac-sim/extscache/omni.usd.libs-1.0.1+69cbf6ad.lx64.r.cp311/bin/libusd_arch.so
2026-06-20T14:08:42Z [9,688ms] [Info] [omni.ext.plugin] Loaded the dynamic library from /isaac-sim/extscache/omni.usd.libs-1.0.1+69cbf6ad.lx64.r.cp311/bin/libtbb.so
2026-06-20T14:08:42Z [9,688ms] [Info] [omni.ext.plugin] Loaded the dynamic library from /isaac-sim/extscache/omni.usd.libs-1.0.1+69cbf6ad.lx64.r.cp311/bin/libboost_python311.so
2026-06-20T14:08:42Z [9,689ms] [Info] [omni.ext.plugin] Loaded the dynamic library from /isaac-sim/extscache/omni.usd.libs-1.0.1+69cbf6ad.lx64.r.cp311/bin/libusd_tf.so
2026-06-20T14:08:42Z [9,691ms] [Info] [omni.ext.plugin] Loaded the dynamic library from /isaac-sim/extscache/omni.usd.libs-1.0.1+69cbf6ad.lx64.r.cp311/bin/libusd_garch.so
2026-06-20T14:08:42Z [9,694ms] [Info] [omni.ext.plugin] Loaded the dynamic library from /isaac-sim/extscache/omni.usd.libs-1.0.1+69cbf6ad.lx64.r.cp311/bin/libusd_work.so
2026-06-20T14:08:42Z [9,694ms] [Info] [omni.ext.plugin] Loaded the dynamic library from /isaac-sim/extscache/omni.usd.libs-1.0.1+69cbf6ad.lx64.r.cp311/bin/libusd_js.so
2026-06-20T14:08:42Z [9,695ms] [Info] [omni.ext.plugin] Loaded the dynamic library from /isaac-sim/extscache/omni.usd.libs-1.0.1+69cbf6ad.lx64.r.cp311/bin/libusd_trace.so
2026-06-20T14:08:42Z [9,695ms] [Info] [omni.ext.plugin] Loaded the dynamic library from /isaac-sim/extscache/omni.usd.libs-1.0.1+69cbf6ad.lx64.r.cp311/bin/libusd_plug.so
2026-06-20T14:08:42Z [9,696ms] [Info] [omni.ext.plugin] Loaded the dynamic library from /isaac-sim/extscache/omni.usd.libs-1.0.1+69cbf6ad.lx64.r.cp311/bin/libusd_gf.so
2026-06-20T14:08:42Z [9,697ms] [Info] [omni.ext.plugin] Loaded the dynamic library from /isaac-sim/extscache/omni.usd.libs-1.0.1+69cbf6ad.lx64.r.cp311/bin/libusd_vt.so
2026-06-20T14:08:42Z [9,698ms] [Info] [omni.ext.plugin] Loaded the dynamic library from /isaac-sim/extscache/omni.usd.libs-1.0.1+69cbf6ad.lx64.r.cp311/bin/libusd_ar.so
2026-06-20T14:08:42Z [9,698ms] [Info] [omni.ext.plugin] Loaded the dynamic library from /isaac-sim/extscache/omni.usd.libs-1.0.1+69cbf6ad.lx64.r.cp311/bin/libusd_hio.so
2026-06-20T14:08:42Z [9,702ms] [Info] [omni.ext.plugin] Loaded the dynamic library from /isaac-sim/extscache/omni.usd.libs-1.0.1+69cbf6ad.lx64.r.cp311/bin/libusd_sdf.so
2026-06-20T14:08:42Z [9,703ms] [Info] [omni.ext.plugin] Loaded the dynamic library from /isaac-sim/extscache/omni.usd.libs-1.0.1+69cbf6ad.lx64.r.cp311/bin/libusd_glf.so
2026-06-20T14:08:42Z [9,703ms] [Info] [omni.ext.plugin] Loaded the dynamic library from /isaac-sim/extscache/omni.usd.libs-1.0.1+69cbf6ad.lx64.r.cp311/bin/libosdCPU.so
2026-06-20T14:08:42Z [9,703ms] [Info] [omni.ext.plugin] Loaded the dynamic library from /isaac-sim/extscache/omni.usd.libs-1.0.1+69cbf6ad.lx64.r.cp311/bin/libusd_pxOsd.so
2026-06-20T14:08:42Z [9,703ms] [Info] [omni.ext.plugin] Loaded the dynamic library from /isaac-sim/extscache/omni.usd.libs-1.0.1+69cbf6ad.lx64.r.cp311/bin/libusd_geomUtil.so
2026-06-20T14:08:42Z [9,704ms] [Info] [omni.ext.plugin] Loaded the dynamic library from /isaac-sim/extscache/omni.usd.libs-1.0.1+69cbf6ad.lx64.r.cp311/bin/libusd_cameraUtil.so
2026-06-20T14:08:42Z [9,704ms] [Info] [omni.ext.plugin] Loaded the dynamic library from /isaac-sim/extscache/omni.usd.libs-1.0.1+69cbf6ad.lx64.r.cp311/bin/libusd_hf.so
2026-06-20T14:08:42Z [9,705ms] [Info] [omni.ext.plugin] Loaded the dynamic library from /isaac-sim/extscache/omni.usd.libs-1.0.1+69cbf6ad.lx64.r.cp311/bin/libusd_ndr.so
2026-06-20T14:08:42Z [9,705ms] [Info] [omni.ext.plugin] Loaded the dynamic library from /isaac-sim/extscache/omni.usd.libs-1.0.1+69cbf6ad.lx64.r.cp311/bin/libusd_sdr.so
2026-06-20T14:08:42Z [9,709ms] [Info] [omni.ext.plugin] Loaded the dynamic library from /isaac-sim/extscache/omni.usd.libs-1.0.1+69cbf6ad.lx64.r.cp311/bin/libusd_hd.so
2026-06-20T14:08:42Z [9,710ms] [Info] [omni.ext.plugin] Loaded the dynamic library from /isaac-sim/extscache/omni.usd.libs-1.0.1+69cbf6ad.lx64.r.cp311/bin/libusd_kind.so
2026-06-20T14:08:42Z [9,711ms] [Info] [omni.ext.plugin] Loaded the dynamic library from /isaac-sim/extscache/omni.usd.libs-1.0.1+69cbf6ad.lx64.r.cp311/bin/libusd_pcp.so
2026-06-20T14:08:42Z [9,715ms] [Info] [omni.ext.plugin] Loaded the dynamic library from /isaac-sim/extscache/omni.usd.libs-1.0.1+69cbf6ad.lx64.r.cp311/bin/libusd_usd.so
2026-06-20T14:08:42Z [9,717ms] [Info] [omni.ext.plugin] Loaded the dynamic library from /isaac-sim/extscache/omni.usd.libs-1.0.1+69cbf6ad.lx64.r.cp311/bin/libusd_usdGeom.so
2026-06-20T14:08:42Z [9,719ms] [Info] [omni.ext.plugin] Loaded the dynamic library from /isaac-sim/extscache/omni.usd.libs-1.0.1+69cbf6ad.lx64.r.cp311/bin/libusd_hdsi.so
2026-06-20T14:08:42Z [9,720ms] [Info] [omni.ext.plugin] Loaded the dynamic library from /isaac-sim/extscache/omni.usd.libs-1.0.1+69cbf6ad.lx64.r.cp311/bin/libusd_hgi.so
2026-06-20T14:08:42Z [9,720ms] [Info] [omni.ext.plugin] Loaded the dynamic library from /isaac-sim/extscache/omni.usd.libs-1.0.1+69cbf6ad.lx64.r.cp311/bin/libusd_hgiGL.so
2026-06-20T14:08:42Z [9,721ms] [Info] [omni.ext.plugin] Loaded the dynamic library from /isaac-sim/extscache/omni.usd.libs-1.0.1+69cbf6ad.lx64.r.cp311/bin/libusd_hgiInterop.so
2026-06-20T14:08:42Z [9,722ms] [Info] [omni.ext.plugin] Loaded the dynamic library from /isaac-sim/extscache/omni.usd.libs-1.0.1+69cbf6ad.lx64.r.cp311/bin/libusd_usdUI.so
2026-06-20T14:08:42Z [9,723ms] [Info] [omni.ext.plugin] Loaded the dynamic library from /isaac-sim/extscache/omni.usd.libs-1.0.1+69cbf6ad.lx64.r.cp311/bin/libusd_usdShade.so
2026-06-20T14:08:42Z [9,724ms] [Info] [omni.ext.plugin] Loaded the dynamic library from /isaac-sim/extscache/omni.usd.libs-1.0.1+69cbf6ad.lx64.r.cp311/bin/libusd_usdUtils.so
2026-06-20T14:08:42Z [9,726ms] [Info] [omni.ext.plugin] Loaded the dynamic library from /isaac-sim/extscache/omni.usd.libs-1.0.1+69cbf6ad.lx64.r.cp311/bin/libusd_usdMtlx.so
2026-06-20T14:08:42Z [9,727ms] [Info] [omni.ext.plugin] Loaded the dynamic library from /isaac-sim/extscache/omni.usd.libs-1.0.1+69cbf6ad.lx64.r.cp311/bin/libusd_hdMtlx.so
2026-06-20T14:08:42Z [9,728ms] [Info] [omni.ext.plugin] Loaded the dynamic library from /isaac-sim/extscache/omni.usd.libs-1.0.1+69cbf6ad.lx64.r.cp311/bin/libosdGPU.so
2026-06-20T14:08:42Z [9,728ms] [Info] [omni.ext.plugin] Loaded the dynamic library from /isaac-sim/extscache/omni.usd.libs-1.0.1+69cbf6ad.lx64.r.cp311/bin/libMaterialXGenGlsl.so
2026-06-20T14:08:42Z [9,728ms] [Info] [omni.ext.plugin] Loaded the dynamic library from /isaac-sim/extscache/omni.usd.libs-1.0.1+69cbf6ad.lx64.r.cp311/bin/libMaterialXGenMsl.so
2026-06-20T14:08:42Z [9,733ms] [Info] [omni.ext.plugin] Loaded the dynamic library from /isaac-sim/extscache/omni.usd.libs-1.0.1+69cbf6ad.lx64.r.cp311/bin/libusd_hdSt.so
2026-06-20T14:08:42Z [9,736ms] [Info] [omni.ext.plugin] Loaded the dynamic library from /isaac-sim/extscache/omni.usd.libs-1.0.1+69cbf6ad.lx64.r.cp311/bin/libusd_hdx.so
2026-06-20T14:08:42Z [9,736ms] [Info] [omni.ext.plugin] Loaded the dynamic library from /isaac-sim/extscache/omni.usd.libs-1.0.1+69cbf6ad.lx64.r.cp311/bin/libusd_hdar.so
2026-06-20T14:08:42Z [9,737ms] [Info] [omni.ext.plugin] Loaded the dynamic library from /isaac-sim/extscache/omni.usd.libs-1.0.1+69cbf6ad.lx64.r.cp311/bin/libusd_usdLux.so
2026-06-20T14:08:42Z [9,738ms] [Info] [omni.ext.plugin] Loaded the dynamic library from /isaac-sim/extscache/omni.usd.libs-1.0.1+69cbf6ad.lx64.r.cp311/bin/libusd_usdRender.so
2026-06-20T14:08:42Z [9,739ms] [Info] [omni.ext.plugin] Loaded the dynamic library from /isaac-sim/extscache/omni.usd.libs-1.0.1+69cbf6ad.lx64.r.cp311/bin/libusd_usdVol.so
2026-06-20T14:08:42Z [9,745ms] [Info] [omni.ext.plugin] Loaded the dynamic library from /isaac-sim/extscache/omni.usd.libs-1.0.1+69cbf6ad.lx64.r.cp311/bin/libusd_usdImaging.so
2026-06-20T14:08:42Z [9,747ms] [Info] [omni.ext.plugin] Loaded the dynamic library from /isaac-sim/extscache/omni.usd.libs-1.0.1+69cbf6ad.lx64.r.cp311/bin/libusd_usdImagingGL.so
2026-06-20T14:08:42Z [9,747ms] [Info] [omni.ext.plugin] Loaded the dynamic library from /isaac-sim/extscache/omni.usd.libs-1.0.1+69cbf6ad.lx64.r.cp311/bin/libImath-3_1.so
2026-06-20T14:08:42Z [9,748ms] [Info] [omni.ext.plugin] Loaded the dynamic library from /isaac-sim/extscache/omni.usd.libs-1.0.1+69cbf6ad.lx64.r.cp311/bin/libAlembic.so
2026-06-20T14:08:42Z [9,748ms] [Info] [omni.ext.plugin] Loaded the dynamic library from /isaac-sim/extscache/omni.usd.libs-1.0.1+69cbf6ad.lx64.r.cp311/bin/libusd_hdGp.so
2026-06-20T14:08:42Z [9,749ms] [Info] [omni.ext.plugin] Loaded the dynamic library from /isaac-sim/extscache/omni.usd.libs-1.0.1+69cbf6ad.lx64.r.cp311/bin/libIex.so
2026-06-20T14:08:42Z [9,749ms] [Info] [omni.ext.plugin] Loaded the dynamic library from /isaac-sim/extscache/omni.usd.libs-1.0.1+69cbf6ad.lx64.r.cp311/bin/libIex-3_3.so
2026-06-20T14:08:42Z [9,749ms] [Info] [omni.ext.plugin] Loaded the dynamic library from /isaac-sim/extscache/omni.usd.libs-1.0.1+69cbf6ad.lx64.r.cp311/bin/libIlmThread-3_3.so
2026-06-20T14:08:42Z [9,749ms] [Info] [omni.ext.plugin] Loaded the dynamic library from /isaac-sim/extscache/omni.usd.libs-1.0.1+69cbf6ad.lx64.r.cp311/bin/libOpenEXRCore-3_3.so
2026-06-20T14:08:42Z [9,749ms] [Info] [omni.ext.plugin] Loaded the dynamic library from /isaac-sim/extscache/omni.usd.libs-1.0.1+69cbf6ad.lx64.r.cp311/bin/libOpenEXR-3_3.so
2026-06-20T14:08:42Z [9,750ms] [Info] [omni.ext.plugin] Loaded the dynamic library from /isaac-sim/extscache/omni.usd.libs-1.0.1+69cbf6ad.lx64.r.cp311/bin/libOpenEXRUtil.so
2026-06-20T14:08:42Z [9,750ms] [Info] [omni.ext.plugin] Loaded the dynamic library from /isaac-sim/extscache/omni.usd.libs-1.0.1+69cbf6ad.lx64.r.cp311/bin/libjpeg.so
2026-06-20T14:08:42Z [9,750ms] [Info] [omni.ext.plugin] Loaded the dynamic library from /isaac-sim/extscache/omni.usd.libs-1.0.1+69cbf6ad.lx64.r.cp311/bin/libMaterialXGenMdl.so
2026-06-20T14:08:42Z [9,751ms] [Info] [omni.ext.plugin] Loaded the dynamic library from /isaac-sim/extscache/omni.usd.libs-1.0.1+69cbf6ad.lx64.r.cp311/bin/libMaterialXRenderHw.so
2026-06-20T14:08:42Z [9,751ms] [Info] [omni.ext.plugin] Loaded the dynamic library from /isaac-sim/extscache/omni.usd.libs-1.0.1+69cbf6ad.lx64.r.cp311/bin/libboost_filesystem.so
2026-06-20T14:08:42Z [9,753ms] [Info] [omni.ext.plugin] Loaded the dynamic library from /isaac-sim/extscache/omni.usd.libs-1.0.1+69cbf6ad.lx64.r.cp311/bin/libusd_usdPhysics.so
2026-06-20T14:08:42Z [9,753ms] [Info] [omni.ext.plugin] Loaded the dynamic library from /isaac-sim/extscache/omni.usd.libs-1.0.1+69cbf6ad.lx64.r.cp311/bin/libboost_system.so
2026-06-20T14:08:42Z [9,754ms] [Info] [omni.ext.plugin] Loaded the dynamic library from /isaac-sim/extscache/omni.usd.libs-1.0.1+69cbf6ad.lx64.r.cp311/bin/libusd_usdProc.so
2026-06-20T14:08:42Z [9,754ms] [Info] [omni.ext.plugin] Loaded the dynamic library from /isaac-sim/extscache/omni.usd.libs-1.0.1+69cbf6ad.lx64.r.cp311/bin/libz.so
2026-06-20T14:08:42Z [9,754ms] [Info] [omni.ext.plugin] Loaded the dynamic library from /isaac-sim/extscache/omni.usd.libs-1.0.1+69cbf6ad.lx64.r.cp311/bin/libpng.so
2026-06-20T14:08:42Z [9,754ms] [Info] [omni.ext.plugin] Loaded the dynamic library from /isaac-sim/extscache/omni.usd.libs-1.0.1+69cbf6ad.lx64.r.cp311/bin/libusd_usdSemantics.so
2026-06-20T14:08:42Z [9,755ms] [Info] [omni.ext.plugin] Loaded the dynamic library from /isaac-sim/extscache/omni.usd.libs-1.0.1+69cbf6ad.lx64.r.cp311/bin/libMaterialXGenOsl.so
2026-06-20T14:08:42Z [9,755ms] [Info] [omni.ext.plugin] Loaded the dynamic library from /isaac-sim/extscache/omni.usd.libs-1.0.1+69cbf6ad.lx64.r.cp311/bin/libusd_usdMedia.so
2026-06-20T14:08:42Z [9,755ms] [Info] [omni.ext.plugin] Loaded the dynamic library from /isaac-sim/extscache/omni.usd.libs-1.0.1+69cbf6ad.lx64.r.cp311/bin/libImath.so
2026-06-20T14:08:42Z [9,756ms] [Info] [omni.ext.plugin] Loaded the dynamic library from /isaac-sim/extscache/omni.usd.libs-1.0.1+69cbf6ad.lx64.r.cp311/bin/libtiff.so
2026-06-20T14:08:42Z [9,756ms] [Info] [omni.ext.plugin] Loaded the dynamic library from /isaac-sim/extscache/omni.usd.libs-1.0.1+69cbf6ad.lx64.r.cp311/bin/libtiffxx.so
2026-06-20T14:08:42Z [9,756ms] [Info] [omni.ext.plugin] Loaded the dynamic library from /isaac-sim/extscache/omni.usd.libs-1.0.1+69cbf6ad.lx64.r.cp311/bin/libboost_thread.so
2026-06-20T14:08:42Z [9,757ms] [Info] [omni.ext.plugin] Loaded the dynamic library from /isaac-sim/extscache/omni.usd.libs-1.0.1+69cbf6ad.lx64.r.cp311/bin/libusd_usdSkel.so
2026-06-20T14:08:42Z [9,759ms] [Info] [omni.ext.plugin] Loaded the dynamic library from /isaac-sim/extscache/omni.usd.libs-1.0.1+69cbf6ad.lx64.r.cp311/bin/libusd_usdVolImaging.so
2026-06-20T14:08:42Z [9,759ms] [Info] [omni.ext.plugin] Loaded the dynamic library from /isaac-sim/extscache/omni.usd.libs-1.0.1+69cbf6ad.lx64.r.cp311/bin/libtbbmalloc.so
2026-06-20T14:08:42Z [9,759ms] [Info] [omni.ext.plugin] Loaded the dynamic library from /isaac-sim/extscache/omni.usd.libs-1.0.1+69cbf6ad.lx64.r.cp311/bin/libboost_chrono.so
2026-06-20T14:08:42Z [9,759ms] [Info] [omni.ext.plugin] Loaded the dynamic library from /isaac-sim/extscache/omni.usd.libs-1.0.1+69cbf6ad.lx64.r.cp311/bin/libboost_date_time.so
2026-06-20T14:08:42Z [9,761ms] [Info] [omni.ext.plugin] Loaded the dynamic library from /isaac-sim/extscache/omni.usd.libs-1.0.1+69cbf6ad.lx64.r.cp311/bin/libusd_usdSkelImaging.so
2026-06-20T14:08:42Z [9,762ms] [Info] [omni.ext.plugin] Loaded the dynamic library from /isaac-sim/extscache/omni.usd.libs-1.0.1+69cbf6ad.lx64.r.cp311/bin/libusd_usdProcImaging.so
2026-06-20T14:08:42Z [9,763ms] [Info] [omni.ext.plugin] Loaded the dynamic library from /isaac-sim/extscache/omni.usd.libs-1.0.1+69cbf6ad.lx64.r.cp311/bin/libtbbmalloc_proxy.so
2026-06-20T14:08:42Z [9,763ms] [Info] [omni.ext.plugin] Loaded the dynamic library from /isaac-sim/extscache/omni.usd.libs-1.0.1+69cbf6ad.lx64.r.cp311/bin/libMaterialXRenderGlsl.so
2026-06-20T14:08:42Z [9,763ms] [Info] [omni.ext.plugin] Loaded the dynamic library from /isaac-sim/extscache/omni.usd.libs-1.0.1+69cbf6ad.lx64.r.cp311/bin/libboost_program_options.so
2026-06-20T14:08:42Z [9,764ms] [Info] [omni.ext.plugin] Loaded the dynamic library from /isaac-sim/extscache/omni.usd.libs-1.0.1+69cbf6ad.lx64.r.cp311/bin/libOpenEXRUtil-3_3.so
2026-06-20T14:08:42Z [9,765ms] [Info] [omni.ext.plugin] Loaded the dynamic library from /isaac-sim/extscache/omni.usd.libs-1.0.1+69cbf6ad.lx64.r.cp311/bin/libusd_usdRiPxrImaging.so
2026-06-20T14:08:42Z [9,765ms] [Info] [omni.ext.plugin] Loaded the dynamic library from /isaac-sim/extscache/omni.usd.libs-1.0.1+69cbf6ad.lx64.r.cp311/bin/libboost_container.so
2026-06-20T14:08:42Z [9,766ms] [Info] [omni.ext.plugin] Loaded the dynamic library from /isaac-sim/extscache/omni.usd.libs-1.0.1+69cbf6ad.lx64.r.cp311/bin/libturbojpeg.so
2026-06-20T14:08:42Z [9,766ms] [Info] [omni.ext.plugin] Loaded the dynamic library from /isaac-sim/extscache/omni.usd.libs-1.0.1+69cbf6ad.lx64.r.cp311/bin/libusd_usdRi.so
2026-06-20T14:08:42Z [9,767ms] [Info] [omni.ext.plugin] Loaded the dynamic library from /isaac-sim/extscache/omni.usd.libs-1.0.1+69cbf6ad.lx64.r.cp311/bin/libusd_usdHydra.so
2026-06-20T14:08:42Z [9,768ms] [Info] [omni.ext.plugin] Loaded the dynamic library from /isaac-sim/extscache/omni.usd.libs-1.0.1+69cbf6ad.lx64.r.cp311/bin/libboost_atomic.so
2026-06-20T14:08:42Z [9,770ms] [Info] [omni.ext.plugin] Loaded the dynamic library from /isaac-sim/extscache/omni.usd.libs-1.0.1+69cbf6ad.lx64.r.cp311/bin/libusd_usdAppUtils.so
2026-06-20T14:08:42Z [9,770ms] [Info] [omni.ext.plugin] Loaded the dynamic library from /isaac-sim/extscache/omni.usd.libs-1.0.1+69cbf6ad.lx64.r.cp311/bin/libOpenEXR.so
2026-06-20T14:08:42Z [9,770ms] [Info] [omni.ext.plugin] Loaded the dynamic library from /isaac-sim/extscache/omni.usd.libs-1.0.1+69cbf6ad.lx64.r.cp311/bin/libboost_regex.so
2026-06-20T14:08:42Z [9,770ms] [Info] [omni.ext.plugin] Loaded the dynamic library from /isaac-sim/extscache/omni.usd.libs-1.0.1+69cbf6ad.lx64.r.cp311/bin/libpng16.so
2026-06-20T14:08:42Z [9,771ms] [Info] [omni.ext.plugin] Loaded the dynamic library from /isaac-sim/extscache/omni.usd.libs-1.0.1+69cbf6ad.lx64.r.cp311/bin/libusd_ts.so
2026-06-20T14:08:42Z [9,771ms] [Info] [omni.ext.plugin] Loaded the dynamic library from /isaac-sim/extscache/omni.usd.libs-1.0.1+69cbf6ad.lx64.r.cp311/bin/libIlmThread.so
2026-06-20T14:08:42Z [9,773ms] [Info] [omni.ext.plugin] Loaded the dynamic library from /isaac-sim/extscache/omni.usd.libs-1.0.1+69cbf6ad.lx64.r.cp311/bin/libusd_usdBakeMtlx.so
2026-06-20T14:08:42Z [9,774ms] [Info] [omni.ext.plugin] Loaded the dynamic library from /isaac-sim/extscache/omni.usd.libs-1.0.1+69cbf6ad.lx64.r.cp311/bin/libdraco.so
2026-06-20T14:08:42Z [9,776ms] [Info] [omni.ext.plugin] Loaded the dynamic library from /isaac-sim/extscache/omni.usd.libs-1.0.1+69cbf6ad.lx64.r.cp311/bin/usd/usdAbc.so
2026-06-20T14:08:42Z [9,777ms] [Info] [omni.ext.plugin] Loaded the dynamic library from /isaac-sim/extscache/omni.usd.libs-1.0.1+69cbf6ad.lx64.r.cp311/bin/usd/usdDraco.so
2026-06-20T14:08:42Z [9,778ms] [Info] [carb] Registered plugin: omni.usd-abi.plugin (interfaces: [omni::usd::IPathAbi v0.1],[omni::usd::IRenderProductPrimFactory v1.5],[omni::usd::IRenderSettings v0.2],[omni::usd::IRenderSettingsLegacy v0.1],[omni::usd::IResolverPathAbi v0.2],[omni::usd::ITokenAbi v0.2]) (impl: omni.usd-abi.plugin)
2026-06-20T14:08:42Z [9,778ms] [Info] [carb] Registered plugin: omni.usd.hydra.renderproduct.plugin (interfaces: [omni::usd::hydra::IRenderProductManager v0.1]) (impl: omni.usd.hydra.renderproduct.plugin)
2026-06-20T14:08:42Z [9,778ms] [Info] [carb] Registered plugin: omni.tbb.globalcontrol.plugin (interfaces: [omni::tbb::IGlobalControl v1.0]) (impl: omni.tbb.globalcontrol.plugin)
2026-06-20T14:08:42Z [9,780ms] [Info] [carb] Registered plugin: omni.fabric.plugin (interfaces: [omni::fabric::IChangeTrackerConfig v0.5],[omni::fabric::IConnectivity v1.7],[omni::fabric::IFabric v0.9],[omni::fabric::IFabricContextManager v1.0],[omni::fabric::IFabricInspector v0.2],[omni::fabric::IFabricRingBuffer v1.2],[omni::fabric::IFabricSampleStorage v0.3],[omni::fabric::IFabricUsd v0.2],[omni::fabric::IFineGrainedChangeTracker v0.2],[omni::fabric::IObjectDirectory v1.0],[omni::fabric::IPath v0.2],[omni::fabric::IPlatform v0.2],[omni::fabric::IPopulator v0.1],[omni::fabric::IPrimBucketList v0.5],[omni::fabric::ISerializer v0.3],[omni::fabric::ISimStageWithHistory v0.2],[omni::fabric::IStageAtTimeInterval v0.7],[omni::fabric::IStageAtTimeIntervalLegacy v0.1],[omni::fabric::IStageReaderWriter v0.14],[omni::fabric::IStageReaderWriterLegacy v0.5],[omni::fabric::IStats v1.0],[omni::fabric::IToken v0.1],[omni::fabric::batch::iBatch v0.3]) (impl: omni.fabric.plugin)
2026-06-20T14:08:42Z [9,780ms] [Info] [omni.ext.plugin] [ext: omni.usd.libs-1.0.1] started, startup time: 93 (ms)
2026-06-20T14:08:42Z [9,780ms] [Info] [omni.ext.plugin] About to startup: [ext: omni.mdl-56.0.3] (order: 0) Triggered by: omni.kit.material.library-2.0.7, omni.kit.window.material_graph-1.9.1, omni.mdl.neuraylib-0.2.12 (path: /isaac-sim/extscache/omni.mdl-56.0.3+69cbf6ad.lx64.r.cp311)
2026-06-20T14:08:42Z [9,780ms] [Info] [omni.kit.app.plugin] [9.800s] [ext: omni.mdl-56.0.3] startup
2026-06-20T14:08:42Z [9,961ms] [Info] [omni.ext._impl._internal] Searching for classes derived from 'omni.ext.IExt' in 'omni.mdl.pymdlsdk' ('/isaac-sim/extscache/omni.mdl-56.0.3+69cbf6ad.lx64.r.cp311')
2026-06-20T14:08:42Z [9,965ms] [Info] [omni.ext._impl._internal] Searching for classes derived from 'omni.ext.IExt' in 'omni.mdl.extensions' ('/isaac-sim/extscache/omni.mdl-56.0.3+69cbf6ad.lx64.r.cp311')
2026-06-20T14:08:42Z [9,970ms] [Info] [omni.ext._impl._internal] Searching for classes derived from 'omni.ext.IExt' in 'omni.mdl.pymdl' ('/isaac-sim/extscache/omni.mdl-56.0.3+69cbf6ad.lx64.r.cp311')
2026-06-20T14:08:42Z [9,970ms] [Info] [omni.ext.plugin] [ext: omni.mdl-56.0.3] started, startup time: 189 (ms)
2026-06-20T14:08:42Z [9,970ms] [Info] [omni.ext.plugin] About to startup: [ext: omni.iray.libs-0.0.0] (order: 0) Triggered by: omni.mdl.neuraylib-0.2.12 (path: /isaac-sim/extscache/omni.iray.libs-0.0.0+69cbf6ad.lx64.r)
2026-06-20T14:08:42Z [9,970ms] [Info] [omni.kit.app.plugin] [9.990s] [ext: omni.iray.libs-0.0.0] startup
2026-06-20T14:08:42Z [9,970ms] [Info] [omni.ext.plugin] Loaded the dynamic library from /isaac-sim/extscache/omni.iray.libs-0.0.0+69cbf6ad.lx64.r/bin/iray/liboptix_prime.so.1
2026-06-20T14:08:42Z [9,972ms] [Info] [omni.ext.plugin] Loaded the dynamic library from /isaac-sim/extscache/omni.iray.libs-0.0.0+69cbf6ad.lx64.r/bin/iray/libiray.so
2026-06-20T14:08:42Z [9,976ms] [Info] [omni.ext.plugin] Loaded the dynamic library from /isaac-sim/extscache/omni.iray.libs-0.0.0+69cbf6ad.lx64.r/bin/iray/libneuray.so
2026-06-20T14:08:42Z [9,976ms] [Info] [omni.ext.plugin] Loaded the dynamic library from /isaac-sim/extscache/omni.iray.libs-0.0.0+69cbf6ad.lx64.r/bin/mdl-distiller/mdl_distiller.so
2026-06-20T14:08:42Z [9,976ms] [Info] [omni.ext.plugin] Loaded the dynamic library from /isaac-sim/extscache/omni.iray.libs-0.0.0+69cbf6ad.lx64.r/bin/mdl-distiller/mdl_lod_distiller.so
2026-06-20T14:08:42Z [9,976ms] [Info] [omni.ext.plugin] [ext: omni.iray.libs-0.0.0] started, startup time: 6 (ms)
2026-06-20T14:08:42Z [9,976ms] [Info] [omni.ext.plugin] About to startup: [ext: omni.mdl.neuraylib-0.2.12] (order: 0) Triggered by: omni.hydra.rtx-1.0.0, omni.kit.material.library-2.0.7, omni.kit.usd.mdl-1.1.5, omni.kit.window.material_graph-1.9.1 (path: /isaac-sim/extscache/omni.mdl.neuraylib-0.2.12+69cbf6ad.lx64.r.cp311)
2026-06-20T14:08:42Z [9,976ms] [Info] [omni.kit.app.plugin] [9.997s] [ext: omni.mdl.neuraylib-0.2.12] startup
2026-06-20T14:08:42Z [9,977ms] [Info] [carb] Registered plugin: rtx.neuraylib.plugin (interfaces: [rtx::neuray::NeurayLib v1.5]) (impl: rtx.neuraylib.plugin)
2026-06-20T14:08:42Z [9,997ms] [Info] [omni.ext._impl._internal] Searching for classes derived from 'omni.ext.IExt' in 'omni.mdl.neuraylib' ('/isaac-sim/extscache/omni.mdl.neuraylib-0.2.12+69cbf6ad.lx64.r.cp311')
2026-06-20T14:08:42Z [9,998ms] [Info] [omni.ext.plugin] [ext: omni.mdl.neuraylib-0.2.12] started, startup time: 21 (ms)
2026-06-20T14:08:42Z [9,998ms] [Info] [omni.ext.plugin] About to startup: [ext: omni.kit.usd.mdl-1.1.5] (order: -1000) Triggered by: isaaclab.python.headless-2.3.0, omni.hydra.rtx-1.0.0, omni.replicator.core-1.12.27 (path: /isaac-sim/extscache/omni.kit.usd.mdl-1.1.5+69cbf6ad.lx64.r.cp311)
2026-06-20T14:08:42Z [9,998ms] [Info] [omni.kit.app.plugin] [10.018s] [ext: omni.kit.usd.mdl-1.1.5] startup
2026-06-20T14:08:42Z [9,999ms] [Info] [carb] Registered plugin: rtx.usdmdl.plugin (interfaces: [rtx::usdmdl::IUsdMdl v1.0]) (impl: rtx.usdmdl.plugin)
2026-06-20T14:08:42Z [10,154ms] [Info] [omni.ext._impl._internal] Searching for classes derived from 'omni.ext.IExt' in 'omni.UsdMdl' ('/isaac-sim/extscache/omni.kit.usd.mdl-1.1.5+69cbf6ad.lx64.r.cp311')
2026-06-20T14:08:42Z [10,162ms] [Info] [omni.ext._impl._internal] Searching for classes derived from 'omni.ext.IExt' in 'omni.kit.usd.mdl' ('/isaac-sim/extscache/omni.kit.usd.mdl-1.1.5+69cbf6ad.lx64.r.cp311')
2026-06-20T14:08:42Z [10,162ms] [Info] [omni.ext._impl._internal] Found class `Ext` derived from `omni.ext.IExt` in module: 'omni.kit.usd.mdl' in '/isaac-sim/extscache/omni.kit.usd.mdl-1.1.5+69cbf6ad.lx64.r.cp311'. Calling `on_startup`.
2026-06-20T14:08:42Z [10,162ms] [Info] [carb] Initializing plugin: rtx.usdmdl.plugin (interfaces: [rtx::usdmdl::IUsdMdl v1.0]) (impl: rtx.usdmdl.plugin)
2026-06-20T14:08:42Z [10,162ms] [Info] [omni.ext.plugin] [ext: omni.kit.usd.mdl-1.1.5] started, startup time: 164 (ms)
2026-06-20T14:08:42Z [10,162ms] [Info] [omni.ext.plugin] About to startup: [ext: omni.kit.telemetry-0.5.2] (order: -1000) Triggered by: isaaclab.python.headless-2.3.0 (path: /isaac-sim/extscache/omni.kit.telemetry-0.5.2+69cbf6ad.lx64.r.cp311)
2026-06-20T14:08:42Z [10,162ms] [Info] [omni.kit.app.plugin] [10.183s] [ext: omni.kit.telemetry-0.5.2] startup
2026-06-20T14:08:42Z [10,164ms] [Info] [omni.structuredlog.plugin] the new schema 'omni.carb.cloud' exactly matches a schema that has already been registered.  Ignoring the new registration.
2026-06-20T14:08:42Z [10,164ms] [Info] [omni.ext.plugin] [ext: omni.kit.telemetry-0.5.2] Starting ext::IExtensionHooks in '/isaac-sim/extscache/omni.kit.telemetry-0.5.2+69cbf6ad.lx64.r.cp311/bin/libomni.kit.telemetry.plugin.so'
2026-06-20T14:08:42Z [10,164ms] [Info] [omni.kit.telemetry.plugin] attempting to collect the GPU info.
2026-06-20T14:08:42Z [10,164ms] [Info] [omni.kit.telemetry.plugin] collecting system info.
2026-06-20T14:08:42Z [10,165ms] [Info] [carb.launcher.plugin] created the process object 0x140e3010 for '/isaac-sim/extscache/omni.kit.telemetry-0.5.2+69cbf6ad.lx64.r.cp311/omni.telemetry.transmitter/omni.telemetry.transmitter'.
2026-06-20T14:08:42Z [10,165ms] [Info] [carb.launcher.plugin] launching the process '/isaac-sim/extscache/omni.kit.telemetry-0.5.2+69cbf6ad.lx64.r.cp311/omni.telemetry.transmitter/omni.telemetry.transmitter' from process 193.
2026-06-20T14:08:42Z [10,186ms] [Info] [carb.launcher.plugin] [parent 193]: created the child process 295.
2026-06-20T14:08:42Z [10,190ms] [Info] [omni.platforminfo.plugin] loaded XRAndR from 'libXrandr.so.2.2.0'.
2026-06-20T14:08:42Z [10,207ms] [Info] [carb.launcher.plugin] [parent 193]: read the grandchild ID 296 {bytes = 4, errno = 0/Success}
2026-06-20T14:08:42Z [10,207ms] [Info] [carb.launcher.plugin] [parent 193]: waiting for the child process to exit.
2026-06-20T14:08:42Z [10,213ms] [Info] [omni.ext._impl._internal] Searching for classes derived from 'omni.ext.IExt' in 'omni.kit.telemetry' ('/isaac-sim/extscache/omni.kit.telemetry-0.5.2+69cbf6ad.lx64.r.cp311')
2026-06-20T14:08:42Z [10,214ms] [Info] [omni.ext.plugin] [ext: omni.kit.telemetry-0.5.2] started, startup time: 51 (ms)
2026-06-20T14:08:42Z [10,214ms] [Info] [omni.ext.plugin] About to startup: [ext: omni.kit.loop-isaac-1.3.7] (order: 0) Triggered by: isaaclab.python.headless-2.3.0, omni.appwindow-1.1.10, omni.kit.test-2.0.1 (path: /isaac-sim/exts/omni.kit.loop-isaac)
2026-06-20T14:08:42Z [10,214ms] [Info] [omni.kit.app.plugin] [10.234s] [ext: omni.kit.loop-isaac-1.3.7] startup
2026-06-20T14:08:42Z [10,214ms] [Info] [carb] Registered plugin: omni.kit.loop-isaac.plugin (interfaces: [omni::ext::IExt v0.1],[omni::kit::IRunLoopRunnerImpl v1.1]) (impl: omni.kit.loop-isaac.plugin)
2026-06-20T14:08:42Z [10,215ms] [Info] [carb] Initializing plugin: omni.kit.loop-isaac.plugin (interfaces: [omni::ext::IExt v0.1],[omni::kit::IRunLoopRunnerImpl v1.1]) (impl: omni.kit.loop-isaac.plugin)
2026-06-20T14:08:42Z [10,215ms] [Info] [omni.ext.plugin] [ext: omni.kit.loop-isaac-1.3.7] Starting ext::IExt in '/isaac-sim/exts/omni.kit.loop-isaac/bin/libomni.kit.loop-isaac.plugin.so'
2026-06-20T14:08:42Z [10,215ms] [Info] [carb] Plugin omni.kit.loop-isaac.plugin is already a dependency of omni.kit.app.plugin; not changing unload order
2026-06-20T14:08:42Z [10,225ms] [Info] [omni.ext._impl._internal] Searching for classes derived from 'omni.ext.IExt' in 'omni.kit.loop' ('/isaac-sim/exts/omni.kit.loop-isaac')
2026-06-20T14:08:42Z [10,227ms] [Info] [omni.ext._impl._internal] Searching for classes derived from 'omni.ext.IExt' in 'omni.kit.loop.tests' ('/isaac-sim/exts/omni.kit.loop-isaac')
2026-06-20T14:08:42Z [10,228ms] [Info] [omni.ext.plugin] [ext: omni.kit.loop-isaac-1.3.7] started, startup time: 13 (ms)
2026-06-20T14:08:42Z [10,228ms] [Info] [omni.ext.plugin] About to startup: [ext: omni.kit.test-2.0.1] (order: -1000) Triggered by: omni.graph.tools-1.79.2 (path: /isaac-sim/extscache/omni.kit.test-2.0.1+69cbf6ad.lx64.r.cp311)
2026-06-20T14:08:42Z [10,228ms] [Info] [omni.kit.app.plugin] [10.248s] [ext: omni.kit.test-2.0.1] startup
2026-06-20T14:08:42Z [10,229ms] [Info] [carb] Registered plugin: omni.kit.test.plugin (interfaces: [omni::ext::IExt v0.1]) (impl: omni.kit.test.plugin)
2026-06-20T14:08:42Z [10,229ms] [Info] [carb] Initializing plugin: omni.kit.test.plugin (interfaces: [omni::ext::IExt v0.1]) (impl: omni.kit.test.plugin)
2026-06-20T14:08:42Z [10,229ms] [Info] [omni.ext.plugin] [ext: omni.kit.test-2.0.1] Starting ext::IExt in '/isaac-sim/extscache/omni.kit.test-2.0.1+69cbf6ad.lx64.r.cp311/bin/libomni.kit.test.plugin.so'
2026-06-20T14:08:42Z [10,232ms] [Info] [carb.launcher.plugin] [parent 193]: successfully forked the grandchild process 296.
2026-06-20T14:08:42Z [10,531ms] [Info] [omni.ext._impl._internal] Searching for classes derived from 'omni.ext.IExt' in 'omni.kit.test' ('/isaac-sim/extscache/omni.kit.test-2.0.1+69cbf6ad.lx64.r.cp311')
2026-06-20T14:08:42Z [10,531ms] [Info] [omni.ext._impl._internal] Found class `_TestAutoRunner` derived from `omni.ext.IExt` in module: 'omni.kit.test' in '/isaac-sim/extscache/omni.kit.test-2.0.1+69cbf6ad.lx64.r.cp311'. Calling `on_startup`.
2026-06-20T14:08:42Z [10,531ms] [Info] [omni.ext.plugin] [ext: omni.kit.test-2.0.1] started, startup time: 303 (ms)
2026-06-20T14:08:42Z [10,531ms] [Info] [omni.ext.plugin] About to startup: [ext: omni.usd.schema.metrics.assembler-107.3.1] (order: -150) Triggered by: omni.usd.metrics.assembler-107.3.1 (path: /isaac-sim/extscache/omni.usd.schema.metrics.assembler-107.3.1+107.3.0.lx64.r.cp311.u353)
2026-06-20T14:08:42Z [10,531ms] [Info] [omni.kit.app.plugin] [10.551s] [ext: omni.usd.schema.metrics.assembler-107.3.1] startup
2026-06-20T14:08:42Z [10,532ms] [Info] [omni.ext.plugin] Loaded the dynamic library from /isaac-sim/extscache/omni.usd.schema.metrics.assembler-107.3.1+107.3.0.lx64.r.cp311.u353/bin/libmetricsAssembler.so
2026-06-20T14:08:42Z [10,540ms] [Info] [omni.ext._impl._internal] Searching for classes derived from 'omni.ext.IExt' in 'omni.MetricsAssembler' ('/isaac-sim/extscache/omni.usd.schema.metrics.assembler-107.3.1+107.3.0.lx64.r.cp311.u353')
2026-06-20T14:08:42Z [10,551ms] [Info] [omni.ext._impl._internal] Searching for classes derived from 'omni.ext.IExt' in 'usd.schema.metricsassembler' ('/isaac-sim/extscache/omni.usd.schema.metrics.assembler-107.3.1+107.3.0.lx64.r.cp311.u353')
2026-06-20T14:08:42Z [10,551ms] [Info] [omni.ext.plugin] [ext: omni.usd.schema.metrics.assembler-107.3.1] started, startup time: 19 (ms)
2026-06-20T14:08:42Z [10,551ms] [Info] [omni.ext.plugin] About to startup: [ext: omni.usd.schema.geospatial-0.0.0] (order: -100) Triggered by: omni.hydra.scene_delegate-0.3.4 (path: /isaac-sim/extscache/omni.usd.schema.geospatial-0.0.0+69cbf6ad.lx64.r.cp311)
2026-06-20T14:08:42Z [10,551ms] [Info] [omni.kit.app.plugin] [10.571s] [ext: omni.usd.schema.geospatial-0.0.0] startup
2026-06-20T14:08:42Z [10,552ms] [Info] [omni.ext.plugin] Loaded the dynamic library from /isaac-sim/extscache/omni.usd.schema.geospatial-0.0.0+69cbf6ad.lx64.r.cp311/lib/libomniGeospatial.so
2026-06-20T14:08:42Z [10,559ms] [Info] [omni.ext._impl._internal] Searching for classes derived from 'omni.ext.IExt' in 'OmniGeospatial' ('/isaac-sim/extscache/omni.usd.schema.geospatial-0.0.0+69cbf6ad.lx64.r.cp311')
2026-06-20T14:08:42Z [10,567ms] [Info] [omni.ext._impl._internal] Searching for classes derived from 'omni.ext.IExt' in 'usd.schema.geospatial' ('/isaac-sim/extscache/omni.usd.schema.geospatial-0.0.0+69cbf6ad.lx64.r.cp311')
2026-06-20T14:08:42Z [10,567ms] [Info] [omni.ext.plugin] [ext: omni.usd.schema.geospatial-0.0.0] started, startup time: 16 (ms)
2026-06-20T14:08:42Z [10,567ms] [Info] [omni.ext.plugin] About to startup: [ext: omni.usd.schema.audio-0.0.0] (order: -100) Triggered by: omni.usd.core-1.5.3 (path: /isaac-sim/extscache/omni.usd.schema.audio-0.0.0+69cbf6ad.lx64.r.cp311)
2026-06-20T14:08:42Z [10,567ms] [Info] [omni.kit.app.plugin] [10.588s] [ext: omni.usd.schema.audio-0.0.0] startup
2026-06-20T14:08:42Z [10,568ms] [Info] [omni.ext.plugin] Loaded the dynamic library from /isaac-sim/extscache/omni.usd.schema.audio-0.0.0+69cbf6ad.lx64.r.cp311/lib/libomniAudioSchema.so
2026-06-20T14:08:42Z [10,568ms] [Info] [omni.ext._impl._internal] Searching for classes derived from 'omni.ext.IExt' in 'pxr' ('/isaac-sim/extscache/omni.usd.schema.audio-0.0.0+69cbf6ad.lx64.r.cp311')
2026-06-20T14:08:42Z [10,575ms] [Info] [omni.ext._impl._internal] Searching for classes derived from 'omni.ext.IExt' in 'OmniAudioSchema' ('/isaac-sim/extscache/omni.usd.schema.audio-0.0.0+69cbf6ad.lx64.r.cp311')
2026-06-20T14:08:42Z [10,583ms] [Info] [omni.ext._impl._internal] Searching for classes derived from 'omni.ext.IExt' in 'usd.schema.audio' ('/isaac-sim/extscache/omni.usd.schema.audio-0.0.0+69cbf6ad.lx64.r.cp311')
2026-06-20T14:08:42Z [10,583ms] [Info] [omni.ext.plugin] [ext: omni.usd.schema.audio-0.0.0] started, startup time: 16 (ms)
2026-06-20T14:08:42Z [10,583ms] [Info] [omni.ext.plugin] About to startup: [ext: omni.usd.schema.omnigraph-1.0.0] (order: -100) Triggered by: omni.graph.core-2.184.5 (path: /isaac-sim/extscache/omni.usd.schema.omnigraph-1.0.0+69cbf6ad.lx64.r.cp311)
2026-06-20T14:08:42Z [10,583ms] [Info] [omni.kit.app.plugin] [10.604s] [ext: omni.usd.schema.omnigraph-1.0.0] startup
2026-06-20T14:08:42Z [10,584ms] [Info] [omni.ext.plugin] Loaded the dynamic library from /isaac-sim/extscache/omni.usd.schema.omnigraph-1.0.0+69cbf6ad.lx64.r.cp311/lib/libomniGraphSchema.so
2026-06-20T14:08:42Z [10,585ms] [Info] [omni.ext.plugin] Loaded the dynamic library from /isaac-sim/extscache/omni.usd.schema.omnigraph-1.0.0+69cbf6ad.lx64.r.cp311/lib/libomniGraphSchemaTools.so
2026-06-20T14:08:42Z [10,585ms] [Info] [omni.ext._impl._internal] Searching for classes derived from 'omni.ext.IExt' in 'pxr' ('/isaac-sim/extscache/omni.usd.schema.omnigraph-1.0.0+69cbf6ad.lx64.r.cp311')
2026-06-20T14:08:42Z [10,593ms] [Info] [omni.ext._impl._internal] Searching for classes derived from 'omni.ext.IExt' in 'OmniGraphSchema' ('/isaac-sim/extscache/omni.usd.schema.omnigraph-1.0.0+69cbf6ad.lx64.r.cp311')
2026-06-20T14:08:42Z [10,597ms] [Info] [omni.ext._impl._internal] Searching for classes derived from 'omni.ext.IExt' in 'OmniGraphSchemaTools' ('/isaac-sim/extscache/omni.usd.schema.omnigraph-1.0.0+69cbf6ad.lx64.r.cp311')
2026-06-20T14:08:42Z [10,605ms] [Info] [omni.ext._impl._internal] Searching for classes derived from 'omni.ext.IExt' in 'usd.schema.omnigraph' ('/isaac-sim/extscache/omni.usd.schema.omnigraph-1.0.0+69cbf6ad.lx64.r.cp311')
2026-06-20T14:08:42Z [10,605ms] [Info] [omni.ext.plugin] [ext: omni.usd.schema.omnigraph-1.0.0] started, startup time: 21 (ms)
2026-06-20T14:08:42Z [10,605ms] [Info] [omni.ext.plugin] About to startup: [ext: omni.usd.schema.semantics-0.0.0] (order: -100) Triggered by: isaacsim.core.api-4.8.0, isaacsim.core.prims-0.6.1, isaacsim.core.utils-3.5.1, omni.syntheticdata-0.6.13 (path: /isaac-sim/extscache/omni.usd.schema.semantics-0.0.0+69cbf6ad.lx64.r.cp311)
2026-06-20T14:08:42Z [10,605ms] [Info] [omni.kit.app.plugin] [10.625s] [ext: omni.usd.schema.semantics-0.0.0] startup
2026-06-20T14:08:42Z [10,605ms] [Info] [omni.ext.plugin] Loaded the dynamic library from /isaac-sim/extscache/omni.usd.schema.semantics-0.0.0+69cbf6ad.lx64.r.cp311/lib/libsemantics.so
2026-06-20T14:08:42Z [10,606ms] [Info] [omni.ext._impl._internal] Searching for classes derived from 'omni.ext.IExt' in 'pxr' ('/isaac-sim/extscache/omni.usd.schema.semantics-0.0.0+69cbf6ad.lx64.r.cp311')
2026-06-20T14:08:42Z [10,612ms] [Info] [omni.ext._impl._internal] Searching for classes derived from 'omni.ext.IExt' in 'Semantics' ('/isaac-sim/extscache/omni.usd.schema.semantics-0.0.0+69cbf6ad.lx64.r.cp311')
2026-06-20T14:08:42Z [10,620ms] [Info] [omni.ext._impl._internal] Searching for classes derived from 'omni.ext.IExt' in 'usd.schema.semantics' ('/isaac-sim/extscache/omni.usd.schema.semantics-0.0.0+69cbf6ad.lx64.r.cp311')
2026-06-20T14:08:42Z [10,620ms] [Info] [omni.ext.plugin] [ext: omni.usd.schema.semantics-0.0.0] started, startup time: 15 (ms)
2026-06-20T14:08:42Z [10,620ms] [Info] [omni.ext.plugin] About to startup: [ext: omni.usd_resolver-1.0.0] (order: 0) Triggered by: omni.usd.core-1.5.3 (path: /isaac-sim/extscache/omni.usd_resolver-1.0.0+69cbf6ad.lx64.r.cp311)
2026-06-20T14:08:42Z [10,620ms] [Info] [omni.kit.app.plugin] [10.640s] [ext: omni.usd_resolver-1.0.0] startup
2026-06-20T14:08:42Z [10,620ms] [Info] [carb] Registered plugin: omni.ext-usdresolver.plugin (interfaces: [omni::ext::IExt v0.1]) (impl: omni.ext-usdresolver.plugin)
2026-06-20T14:08:42Z [10,621ms] [Info] [carb] Registered plugin: omni.spectree.delegate.plugin (interfaces: [omni::spectree::IChangeListDelegateFactory v0.1]) (impl: omni.spectree.delegate.plugin)
2026-06-20T14:08:42Z [10,622ms] [Info] [carb] Registered plugin: carb.usdresolver.plugin (interfaces: [carb::usdresolver::IUsdResolver v1.1]) (impl: carb.usdresolver.plugin)
2026-06-20T14:08:42Z [10,622ms] [Info] [carb] Initializing plugin: omni.ext-usdresolver.plugin (interfaces: [omni::ext::IExt v0.1]) (impl: omni.ext-usdresolver.plugin)
2026-06-20T14:08:42Z [10,622ms] [Info] [omni.ext.plugin] [ext: omni.usd_resolver-1.0.0] Starting ext::IExt in '/isaac-sim/extscache/omni.usd_resolver-1.0.0+69cbf6ad.lx64.r.cp311/bin/libomni.ext-usd_resolver.plugin.so'
2026-06-20T14:08:42Z [10,622ms] [Info] [carb] Initializing plugin: carb.usdresolver.plugin (interfaces: [carb::usdresolver::IUsdResolver v1.1]) (impl: carb.usdresolver.plugin)
2026-06-20T14:08:42Z [10,631ms] [Info] [omni.ext._impl._internal] Searching for classes derived from 'omni.ext.IExt' in 'omni.usd_resolver' ('/isaac-sim/extscache/omni.usd_resolver-1.0.0+69cbf6ad.lx64.r.cp311')
2026-06-20T14:08:42Z [10,634ms] [Info] [omni.ext._impl._internal] Searching for classes derived from 'omni.ext.IExt' in 'omni.spectree' ('/isaac-sim/extscache/omni.usd_resolver-1.0.0+69cbf6ad.lx64.r.cp311')
2026-06-20T14:08:42Z [10,634ms] [Info] [omni.ext.plugin] [ext: omni.usd_resolver-1.0.0] started, startup time: 14 (ms)
2026-06-20T14:08:42Z [10,634ms] [Info] [omni.ext.plugin] About to startup: [ext: omni.usd.core-1.5.3] (order: 0) Triggered by: omni.hydra.rtx-1.0.0, omni.hydra.scene_delegate-0.3.4, omni.hydra.usdrt_delegate-7.5.1, omni.isaac.dynamic_control-2.0.7, omni.usd-1.13.10,  (path: /isaac-sim/extscache/omni.usd.core-1.5.3+69cbf6ad.lx64.r)
2026-06-20T14:08:42Z [10,634ms] [Info] [omni.kit.app.plugin] [10.655s] [ext: omni.usd.core-1.5.3] startup
2026-06-20T14:08:42Z [10,637ms] [Info] [omni.ext.plugin] Loaded the dynamic library from /isaac-sim/extscache/omni.usd.core-1.5.3+69cbf6ad.lx64.r/bin/libomni.usd.so
2026-06-20T14:08:42Z [10,637ms] [Info] [omni.ext.plugin] [ext: omni.usd.core-1.5.3] started, startup time: 2 (ms)
2026-06-20T14:08:42Z [10,637ms] [Info] [omni.ext.plugin] About to startup: [ext: omni.usd.schema.omni_sensors-0.0.0] (order: -100) Triggered by: omni.replicator.core-1.12.27 (path: /isaac-sim/extscache/omni.usd.schema.omni_sensors-0.0.0+69cbf6ad)
2026-06-20T14:08:42Z [10,637ms] [Info] [omni.kit.app.plugin] [10.657s] [ext: omni.usd.schema.omni_sensors-0.0.0] startup
2026-06-20T14:08:43Z [10,682ms] [Info] [carb.launcher.plugin] [parent]: successfully launched the child process 296.
2026-06-20T14:08:43Z [10,682ms] [Info] [carb.launcher.plugin] [parent]: launched the child process 296 from the parent 193.
2026-06-20T14:08:43Z [10,682ms] [Info] [carb.launcher.plugin] [parent]: successfully launched the child process 296 {process = 0x140e3010}
2026-06-20T14:08:43Z [10,682ms] [Info] [carb.launcher.plugin] destroying the process object 0x140e3010 {pid = 296}
2026-06-20T14:08:43Z [10,682ms] [Info] [carb.launcher.plugin] done destroying the process object 0x140e3010 {pid = 296}
2026-06-20T14:08:43Z [10,710ms] [Info] [omni.ext._impl._internal] Searching for classes derived from 'omni.ext.IExt' in 'omni.usd.schema.omni_sensors' ('/isaac-sim/extscache/omni.usd.schema.omni_sensors-0.0.0+69cbf6ad')
2026-06-20T14:08:43Z [10,711ms] [Info] [omni.ext.plugin] [ext: omni.usd.schema.omni_sensors-0.0.0] started, startup time: 73 (ms)
2026-06-20T14:08:43Z [10,711ms] [Info] [omni.ext.plugin] About to startup: [ext: omni.usd.schema.physx-107.3.26] (order: -100) Triggered by: omni.convexdecomposition-107.3.26, omni.physics.tensors-107.3.26, omni.physx-107.3.26, omni.physx.cooking-107.3.26, omni.usd.metrics.assembler.physics-107.3.26, omni.usdphysics-107.3.26 (path: /isaac-sim/extscache/omni.usd.schema.physx-107.3.26+107.3.3.lx64.r.cp311.u353)
2026-06-20T14:08:43Z [10,711ms] [Info] [omni.kit.app.plugin] [10.731s] [ext: omni.usd.schema.physx-107.3.26] startup
2026-06-20T14:08:43Z [10,712ms] [Info] [omni.ext.plugin] Loaded the dynamic library from /isaac-sim/extscache/omni.usd.schema.physx-107.3.26+107.3.3.lx64.r.cp311.u353/bin/libphysxSchema.so
2026-06-20T14:08:43Z [10,713ms] [Info] [omni.ext.plugin] Loaded the dynamic library from /isaac-sim/extscache/omni.usd.schema.physx-107.3.26+107.3.3.lx64.r.cp311.u353/bin/libphysicsSchemaTools.so
2026-06-20T14:08:43Z [10,752ms] [Info] [omni.ext._impl._internal] Searching for classes derived from 'omni.ext.IExt' in 'pxr.PhysxSchema' ('/isaac-sim/extscache/omni.usd.schema.physx-107.3.26+107.3.3.lx64.r.cp311.u353')
2026-06-20T14:08:43Z [10,761ms] [Info] [omni.ext._impl._internal] Searching for classes derived from 'omni.ext.IExt' in 'usd.schema.physx' ('/isaac-sim/extscache/omni.usd.schema.physx-107.3.26+107.3.3.lx64.r.cp311.u353')
2026-06-20T14:08:43Z [10,766ms] [Info] [omni.ext._impl._internal] Searching for classes derived from 'omni.ext.IExt' in 'pxr.PhysicsSchemaTools' ('/isaac-sim/extscache/omni.usd.schema.physx-107.3.26+107.3.3.lx64.r.cp311.u353')
2026-06-20T14:08:43Z [10,766ms] [Info] [omni.ext.plugin] [ext: omni.usd.schema.physx-107.3.26] started, startup time: 55 (ms)
2026-06-20T14:08:43Z [10,766ms] [Info] [omni.ext.plugin] About to startup: [ext: omni.usd.schema.anim-0.0.0] (order: -100) Triggered by: omni.hydra.usdrt_delegate-7.5.1, omni.replicator.core-1.12.27 (path: /isaac-sim/extscache/omni.usd.schema.anim-0.0.0+69cbf6ad.lx64.r.cp311)
2026-06-20T14:08:43Z [10,766ms] [Info] [omni.kit.app.plugin] [10.787s] [ext: omni.usd.schema.anim-0.0.0] startup
2026-06-20T14:08:43Z [10,767ms] [Info] [omni.ext.plugin] Loaded the dynamic library from /isaac-sim/extscache/omni.usd.schema.anim-0.0.0+69cbf6ad.lx64.r.cp311/lib/libanimationSchema.so
2026-06-20T14:08:43Z [10,768ms] [Info] [omni.ext.plugin] Loaded the dynamic library from /isaac-sim/extscache/omni.usd.schema.anim-0.0.0+69cbf6ad.lx64.r.cp311/lib/libanimationSchemaTools.so
2026-06-20T14:08:43Z [10,769ms] [Info] [omni.ext.plugin] Loaded the dynamic library from /isaac-sim/extscache/omni.usd.schema.anim-0.0.0+69cbf6ad.lx64.r.cp311/lib/libomniSkelSchema.so
2026-06-20T14:08:43Z [10,770ms] [Info] [omni.ext.plugin] Loaded the dynamic library from /isaac-sim/extscache/omni.usd.schema.anim-0.0.0+69cbf6ad.lx64.r.cp311/lib/libretargetingSchema.so
2026-06-20T14:08:43Z [10,771ms] [Info] [omni.ext.plugin] Loaded the dynamic library from /isaac-sim/extscache/omni.usd.schema.anim-0.0.0+69cbf6ad.lx64.r.cp311/lib/libretargetingSchemaTools.so
2026-06-20T14:08:43Z [10,771ms] [Info] [omni.ext._impl._internal] Searching for classes derived from 'omni.ext.IExt' in 'pxr' ('/isaac-sim/extscache/omni.usd.schema.anim-0.0.0+69cbf6ad.lx64.r.cp311')
2026-06-20T14:08:43Z [10,785ms] [Info] [omni.ext._impl._internal] Searching for classes derived from 'omni.ext.IExt' in 'AnimationSchema' ('/isaac-sim/extscache/omni.usd.schema.anim-0.0.0+69cbf6ad.lx64.r.cp311')
2026-06-20T14:08:43Z [10,791ms] [Info] [omni.ext._impl._internal] Searching for classes derived from 'omni.ext.IExt' in 'AnimationSchemaTools' ('/isaac-sim/extscache/omni.usd.schema.anim-0.0.0+69cbf6ad.lx64.r.cp311')
2026-06-20T14:08:43Z [10,796ms] [Info] [omni.ext._impl._internal] Searching for classes derived from 'omni.ext.IExt' in 'OmniSkelSchema' ('/isaac-sim/extscache/omni.usd.schema.anim-0.0.0+69cbf6ad.lx64.r.cp311')
2026-06-20T14:08:43Z [10,801ms] [Info] [omni.ext._impl._internal] Searching for classes derived from 'omni.ext.IExt' in 'RetargetingSchema' ('/isaac-sim/extscache/omni.usd.schema.anim-0.0.0+69cbf6ad.lx64.r.cp311')
2026-06-20T14:08:43Z [10,806ms] [Info] [omni.ext._impl._internal] Searching for classes derived from 'omni.ext.IExt' in 'RetargetingSchemaTools' ('/isaac-sim/extscache/omni.usd.schema.anim-0.0.0+69cbf6ad.lx64.r.cp311')
2026-06-20T14:08:43Z [10,814ms] [Info] [omni.ext._impl._internal] Searching for classes derived from 'omni.ext.IExt' in 'usd.schema.anim' ('/isaac-sim/extscache/omni.usd.schema.anim-0.0.0+69cbf6ad.lx64.r.cp311')
2026-06-20T14:08:43Z [10,814ms] [Info] [omni.ext.plugin] [ext: omni.usd.schema.anim-0.0.0] started, startup time: 47 (ms)
2026-06-20T14:08:43Z [10,814ms] [Info] [omni.ext.plugin] About to startup: [ext: omni.appwindow-1.1.10] (order: 0) Triggered by: omni.kit.clipboard-1.0.5, omni.kit.renderer.core-1.1.0, omni.kit.renderer.imgui-2.0.5, omni.ui-2.27.1 (path: /isaac-sim/extscache/omni.appwindow-1.1.10+69cbf6ad.lx64.r.cp311)
2026-06-20T14:08:43Z [10,814ms] [Info] [omni.kit.app.plugin] [10.834s] [ext: omni.appwindow-1.1.10] startup
2026-06-20T14:08:43Z [10,814ms] [Info] [carb] Registered plugin: omni.appwindow.plugin (interfaces: [omni::ext::IExt v0.1],[omni::kit::IAppWindowFactory v2.4]) (impl: omni.appwindow.plugin)
2026-06-20T14:08:43Z [10,815ms] [Info] [carb] Initializing plugin: omni.appwindow.plugin (interfaces: [omni::ext::IExt v0.1],[omni::kit::IAppWindowFactory v2.4]) (impl: omni.appwindow.plugin)
2026-06-20T14:08:43Z [10,815ms] [Info] [omni.ext.plugin] [ext: omni.appwindow-1.1.10] Starting ext::IExt in '/isaac-sim/extscache/omni.appwindow-1.1.10+69cbf6ad.lx64.r.cp311/bin/libomni.appwindow.plugin.so'
2026-06-20T14:08:43Z [10,815ms] [Info] [carb] Plugin omni.appwindow.plugin is already a dependency of omni.kit.app.plugin; not changing unload order
2026-06-20T14:08:43Z [10,815ms] [Info] [carb] Initializing plugin: carb.windowing-glfw.plugin (interfaces: [carb::windowing::IGLContext v1.0],[carb::windowing::IWindowing v1.5]) (impl: carb.windowing-glfw.plugin)
2026-06-20T14:08:43Z [10,815ms] [Warning] [carb.windowing-glfw.plugin] GLFW initialization failed.
2026-06-20T14:08:43Z [10,815ms] [Warning] [carb] Failed to startup plugin carb.windowing-glfw.plugin (interfaces: [carb::windowing::IGLContext v1.0],[carb::windowing::IWindowing v1.5]) (impl: carb.windowing-glfw.plugin)
2026-06-20T14:08:43Z [10,816ms] [Info] [omni.appwindow.plugin] Created window: width=1440,height=900.
2026-06-20T14:08:43Z [10,824ms] [Info] [omni.ext._impl._internal] Searching for classes derived from 'omni.ext.IExt' in 'omni.appwindow' ('/isaac-sim/extscache/omni.appwindow-1.1.10+69cbf6ad.lx64.r.cp311')
2026-06-20T14:08:43Z [10,824ms] [Info] [omni.ext.plugin] [ext: omni.appwindow-1.1.10] started, startup time: 10 (ms)
2026-06-20T14:08:43Z [10,824ms] [Info] [omni.ext.plugin] About to startup: [ext: omni.kit.renderer.core-1.1.0] (order: 0) Triggered by: omni.graph.core-2.184.5, omni.kit.renderer.capture-0.0.0, omni.kit.renderer.imgui-2.0.5 (path: /isaac-sim/extscache/omni.kit.renderer.core-1.1.0+69cbf6ad.lx64.r.cp311)
2026-06-20T14:08:43Z [10,824ms] [Info] [omni.kit.app.plugin] [10.845s] [ext: omni.kit.renderer.core-1.1.0] startup
2026-06-20T14:08:43Z [10,825ms] [Info] [carb] Registered plugin: omni.kit.renderer_test.plugin (interfaces: [omni::kit::renderer::IRendererTest v0.1]) (impl: omni.kit.renderer_test.plugin)
2026-06-20T14:08:43Z [10,825ms] [Info] [carb] Registered plugin: omni.kit.renderer.plugin (interfaces: [omni::kit::renderer::IGpuFoundation v1.1],[omni::kit::renderer::IRenderer v1.9]) (impl: omni.kit.renderer.plugin)
2026-06-20T14:08:43Z [10,826ms] [Info] [carb] Registered plugin: omni.kit.renderer.ext.plugin (interfaces: [omni::ext::IExt v0.1]) (impl: omni.kit.renderer.ext.plugin)
2026-06-20T14:08:43Z [10,826ms] [Info] [carb] Initializing plugin: omni.kit.renderer.ext.plugin (interfaces: [omni::ext::IExt v0.1]) (impl: omni.kit.renderer.ext.plugin)
2026-06-20T14:08:43Z [10,826ms] [Info] [omni.ext.plugin] [ext: omni.kit.renderer.core-1.1.0] Starting ext::IExt in '/isaac-sim/extscache/omni.kit.renderer.core-1.1.0+69cbf6ad.lx64.r.cp311/bin/libomni.kit.renderer.ext.plugin.so'
2026-06-20T14:08:43Z [10,826ms] [Info] [carb] Initializing plugin: omni.kit.renderer.plugin (interfaces: [omni::kit::renderer::IGpuFoundation v1.1],[omni::kit::renderer::IRenderer v1.9]) (impl: omni.kit.renderer.plugin)
2026-06-20T14:08:43Z [10,826ms] [Info] [omni.kit.renderer.plugin] Added dataSource connection for prefix '/'
2026-06-20T14:08:44Z [12,276ms] [Info] [carb] Initializing plugin: carb.blockcompression.plugin (interfaces: [carb::blockcompression::BlockCompression v0.2]) (impl: carb.blockcompression.plugin)
2026-06-20T14:08:44Z [12,285ms] [Info] [omni.kit.renderer.plugin] Attaching default app window "Omniverse Kit 5.1.0"
2026-06-20T14:08:44Z [12,285ms] [Info] [carb] Initializing plugin: carb.windowing-glfw.plugin (interfaces: [carb::windowing::IGLContext v1.0],[carb::windowing::IWindowing v1.5]) (impl: carb.windowing-glfw.plugin)
2026-06-20T14:08:44Z [12,286ms] [Warning] [carb.windowing-glfw.plugin] GLFW initialization failed.
2026-06-20T14:08:44Z [12,286ms] [Warning] [carb] Failed to startup plugin carb.windowing-glfw.plugin (interfaces: [carb::windowing::IGLContext v1.0],[carb::windowing::IWindowing v1.5]) (impl: carb.windowing-glfw.plugin)
2026-06-20T14:08:44Z [12,288ms] [Info] [gpu.foundation.plugin] Setting mgpu copy backend to 'copyQueue'
2026-06-20T14:08:44Z [12,295ms] [Info] [carb] Plugin omni.kit.renderer.plugin is already a dependency of omni.kit.app.plugin; not changing unload order
2026-06-20T14:08:44Z [12,295ms] [Info] [carb] Initializing plugin: carb.windowing-glfw.plugin (interfaces: [carb::windowing::IGLContext v1.0],[carb::windowing::IWindowing v1.5]) (impl: carb.windowing-glfw.plugin)
2026-06-20T14:08:44Z [12,296ms] [Warning] [carb.windowing-glfw.plugin] GLFW initialization failed.
2026-06-20T14:08:44Z [12,296ms] [Warning] [carb] Failed to startup plugin carb.windowing-glfw.plugin (interfaces: [carb::windowing::IGLContext v1.0],[carb::windowing::IWindowing v1.5]) (impl: carb.windowing-glfw.plugin)
2026-06-20T14:08:44Z [12,310ms] [Info] [omni.ext._impl._internal] Searching for classes derived from 'omni.ext.IExt' in 'omni.kit.renderer.bind' ('/isaac-sim/extscache/omni.kit.renderer.core-1.1.0+69cbf6ad.lx64.r.cp311')
2026-06-20T14:08:44Z [12,310ms] [Info] [omni.ext.plugin] [ext: omni.kit.renderer.core-1.1.0] started, startup time: 1485 (ms)
2026-06-20T14:08:44Z [12,310ms] [Info] [omni.ext.plugin] About to startup: [ext: omni.kit.renderer.capture-0.0.0] (order: 0) Triggered by: omni.kit.renderer.imgui-2.0.5, omni.kit.widget.material_preview-1.0.16 (path: /isaac-sim/extscache/omni.kit.renderer.capture-0.0.0+69cbf6ad.lx64.r.cp311)
2026-06-20T14:08:44Z [12,310ms] [Info] [omni.kit.app.plugin] [12.330s] [ext: omni.kit.renderer.capture-0.0.0] startup
2026-06-20T14:08:44Z [12,310ms] [Info] [carb] Registered plugin: omni.renderercapture.plugin (interfaces: [omni::renderercapture::IRendererCapture v1.5]) (impl: omni.renderercapture.plugin)
2026-06-20T14:08:44Z [12,311ms] [Info] [carb] Registered plugin: omni.kit.renderer_capture_test.plugin (interfaces: [omni::kit::renderercapture::IRendererCaptureTest v1.0]) (impl: omni.kit.renderer_capture_test.plugin)
2026-06-20T14:08:44Z [12,329ms] [Info] [omni.ext._impl._internal] Searching for classes derived from 'omni.ext.IExt' in 'omni.kit.renderer.capture' ('/isaac-sim/extscache/omni.kit.renderer.capture-0.0.0+69cbf6ad.lx64.r.cp311')
2026-06-20T14:08:44Z [12,329ms] [Info] [omni.ext._impl._internal] Found class `Extension` derived from `omni.ext.IExt` in module: 'omni.kit.renderer.capture' in '/isaac-sim/extscache/omni.kit.renderer.capture-0.0.0+69cbf6ad.lx64.r.cp311'. Calling `on_startup`.
2026-06-20T14:08:44Z [12,329ms] [Info] [carb] Initializing plugin: omni.renderercapture.plugin (interfaces: [omni::renderercapture::IRendererCapture v1.5]) (impl: omni.renderercapture.plugin)
2026-06-20T14:08:44Z [12,329ms] [Info] [omni.ext.plugin] [ext: omni.kit.renderer.capture-0.0.0] started, startup time: 19 (ms)
2026-06-20T14:08:44Z [12,329ms] [Info] [omni.ext.plugin] About to startup: [ext: omni.kit.renderer.imgui-2.0.5] (order: 0) Triggered by: omni.ui-2.27.1 (path: /isaac-sim/extscache/omni.kit.renderer.imgui-2.0.5+69cbf6ad.lx64.r.cp311)
2026-06-20T14:08:44Z [12,329ms] [Info] [omni.kit.app.plugin] [12.350s] [ext: omni.kit.renderer.imgui-2.0.5] startup
2026-06-20T14:08:44Z [12,330ms] [Info] [omni.ext.plugin] Loaded the dynamic library from /isaac-sim/extscache/omni.kit.renderer.imgui-2.0.5+69cbf6ad.lx64.r.cp311/bin/deps/libimgui.so
2026-06-20T14:08:44Z [12,330ms] [Info] [carb] Registered plugin: carb.imgui.plugin (interfaces: [carb::imgui::ImGui v1.0],[carb::imgui::NetImGui v1.0]) (impl: carb.imgui.plugin)
2026-06-20T14:08:44Z [12,330ms] [Info] [carb] Registered plugin: carb.imguizmo.plugin (interfaces: [carb::imguizmo::ImGuizmo v1.0]) (impl: carb.imguizmo.plugin)
2026-06-20T14:08:44Z [12,331ms] [Info] [carb] Registered plugin: omni.ui.windowmanager.plugin (interfaces: [omni::ui::windowmanager::IWindowCallbackManager v0.3]) (impl: omni.ui.windowmanager.plugin)
2026-06-20T14:08:44Z [12,331ms] [Info] [carb] Registered plugin: omni.ui.glyphmanager.plugin (interfaces: [omni::ui::IGlyphManager v1.0]) (impl: omni.ui.glyphmanager.plugin)
2026-06-20T14:08:44Z [12,331ms] [Info] [carb] Registered plugin: carb.svg.plugin (interfaces: [carb::svg::Svg v0.1]) (impl: carb.svg.plugin)
2026-06-20T14:08:44Z [12,333ms] [Info] [carb] Registered plugin: omni.kit.imgui_renderer.plugin (interfaces: [omni::kit::renderer::IImGuiRenderer v1.3]) (impl: omni.kit.imgui_renderer.plugin)
2026-06-20T14:08:44Z [12,334ms] [Info] [carb] Registered plugin: omni.kit.imgui_renderer_test.plugin (interfaces: [omni::kit::renderer::IImGuiRendererTest v0.2]) (impl: omni.kit.imgui_renderer_test.plugin)
2026-06-20T14:08:44Z [12,334ms] [Info] [carb] Registered plugin: omni.kit.imgui_renderer.ext.plugin (interfaces: [omni::ext::IExt v0.1]) (impl: omni.kit.imgui_renderer.ext.plugin)
2026-06-20T14:08:44Z [12,334ms] [Info] [carb] Initializing plugin: omni.kit.imgui_renderer.ext.plugin (interfaces: [omni::ext::IExt v0.1]) (impl: omni.kit.imgui_renderer.ext.plugin)
2026-06-20T14:08:44Z [12,334ms] [Info] [omni.ext.plugin] [ext: omni.kit.renderer.imgui-2.0.5] Starting ext::IExt in '/isaac-sim/extscache/omni.kit.renderer.imgui-2.0.5+69cbf6ad.lx64.r.cp311/bin/libomni.kit.imgui_renderer.ext.plugin.so'
2026-06-20T14:08:44Z [12,334ms] [Info] [carb] Initializing plugin: omni.kit.imgui_renderer.plugin (interfaces: [omni::kit::renderer::IImGuiRenderer v1.3]) (impl: omni.kit.imgui_renderer.plugin)
2026-06-20T14:08:44Z [12,334ms] [Info] [carb] Initializing plugin: carb.windowing-glfw.plugin (interfaces: [carb::windowing::IGLContext v1.0],[carb::windowing::IWindowing v1.5]) (impl: carb.windowing-glfw.plugin)
2026-06-20T14:08:44Z [12,335ms] [Warning] [carb.windowing-glfw.plugin] GLFW initialization failed.
2026-06-20T14:08:44Z [12,335ms] [Warning] [carb] Failed to startup plugin carb.windowing-glfw.plugin (interfaces: [carb::windowing::IGLContext v1.0],[carb::windowing::IWindowing v1.5]) (impl: carb.windowing-glfw.plugin)
2026-06-20T14:08:44Z [12,335ms] [Info] [carb] Initializing plugin: omni.ui.windowmanager.plugin (interfaces: [omni::ui::windowmanager::IWindowCallbackManager v0.3]) (impl: omni.ui.windowmanager.plugin)
2026-06-20T14:08:44Z [12,335ms] [Info] [carb] Plugin omni.kit.imgui_renderer.plugin is already a dependency of omni.ui.windowmanager.plugin; not changing unload order
2026-06-20T14:08:44Z [12,335ms] [Info] [carb] Initializing plugin: carb.imgui.plugin (interfaces: [carb::imgui::ImGui v1.0],[carb::imgui::NetImGui v1.0]) (impl: carb.imgui.plugin)
2026-06-20T14:08:44Z [12,335ms] [Info] [carb] Initializing plugin: carb.imguizmo.plugin (interfaces: [carb::imguizmo::ImGuizmo v1.0]) (impl: carb.imguizmo.plugin)
2026-06-20T14:08:44Z [12,337ms] [Info] [carb] Initializing plugin: carb.windowing-glfw.plugin (interfaces: [carb::windowing::IGLContext v1.0],[carb::windowing::IWindowing v1.5]) (impl: carb.windowing-glfw.plugin)
2026-06-20T14:08:44Z [12,338ms] [Warning] [carb.windowing-glfw.plugin] GLFW initialization failed.
2026-06-20T14:08:44Z [12,338ms] [Warning] [carb] Failed to startup plugin carb.windowing-glfw.plugin (interfaces: [carb::windowing::IGLContext v1.0],[carb::windowing::IWindowing v1.5]) (impl: carb.windowing-glfw.plugin)
2026-06-20T14:08:44Z [12,338ms] [Info] [carb] Initializing plugin: omni.ui.glyphmanager.plugin (interfaces: [omni::ui::IGlyphManager v1.0]) (impl: omni.ui.glyphmanager.plugin)
2026-06-20T14:08:44Z [12,339ms] [Info] [carb] Plugin omni.kit.imgui_renderer.plugin is already a dependency of omni.kit.app.plugin; not changing unload order
2026-06-20T14:08:44Z [12,339ms] [Info] [carb] Initializing plugin: carb.windowing-glfw.plugin (interfaces: [carb::windowing::IGLContext v1.0],[carb::windowing::IWindowing v1.5]) (impl: carb.windowing-glfw.plugin)
2026-06-20T14:08:44Z [12,339ms] [Warning] [carb.windowing-glfw.plugin] GLFW initialization failed.
2026-06-20T14:08:44Z [12,339ms] [Warning] [carb] Failed to startup plugin carb.windowing-glfw.plugin (interfaces: [carb::windowing::IGLContext v1.0],[carb::windowing::IWindowing v1.5]) (impl: carb.windowing-glfw.plugin)
2026-06-20T14:08:44Z [12,359ms] [Info] [carb] Initializing plugin: carb.svg.plugin (interfaces: [carb::svg::Svg v0.1]) (impl: carb.svg.plugin)
2026-06-20T14:08:44Z [12,359ms] [Info] [omni.ui.glyphmanager.plugin] Loading font file /isaac-sim/kit/resources/fonts/roboto_medium.ttf
2026-06-20T14:08:44Z [12,360ms] [Info] [omni.ui.glyphmanager.plugin] Attempting to register glyph from file: /isaac-sim/kit/resources/glyphs/share.svg
2026-06-20T14:08:44Z [12,360ms] [Info] [omni.ui.glyphmanager.plugin] Attempting to register glyph from file: /isaac-sim/kit/resources/glyphs/audio_record.svg
2026-06-20T14:08:44Z [12,360ms] [Info] [omni.ui.glyphmanager.plugin] Attempting to register glyph from file: /isaac-sim/kit/resources/glyphs/text.svg
2026-06-20T14:08:44Z [12,360ms] [Info] [omni.ui.glyphmanager.plugin] Attempting to register glyph from file: /isaac-sim/kit/resources/glyphs/link_tint.svg
2026-06-20T14:08:44Z [12,360ms] [Info] [omni.ui.glyphmanager.plugin] Attempting to register glyph from file: /isaac-sim/kit/resources/glyphs/menu_camera.svg
2026-06-20T14:08:44Z [12,360ms] [Info] [omni.ui.glyphmanager.plugin] Attempting to register glyph from file: /isaac-sim/kit/resources/glyphs/cloud.svg
2026-06-20T14:08:44Z [12,360ms] [Info] [omni.ui.glyphmanager.plugin] Attempting to register glyph from file: /isaac-sim/kit/resources/glyphs/angle_left.svg
2026-06-20T14:08:44Z [12,360ms] [Info] [omni.ui.glyphmanager.plugin] Attempting to register glyph from file: /isaac-sim/kit/resources/glyphs/audio_play.svg
2026-06-20T14:08:44Z [12,360ms] [Info] [omni.ui.glyphmanager.plugin] Attempting to register glyph from file: /isaac-sim/kit/resources/glyphs/camera.svg
2026-06-20T14:08:44Z [12,360ms] [Info] [omni.ui.glyphmanager.plugin] Attempting to register glyph from file: /isaac-sim/kit/resources/glyphs/desktop.svg
2026-06-20T14:08:44Z [12,360ms] [Info] [omni.ui.glyphmanager.plugin] Attempting to register glyph from file: /isaac-sim/kit/resources/glyphs/toolbar_pause.svg
2026-06-20T14:08:44Z [12,360ms] [Info] [omni.ui.glyphmanager.plugin] Attempting to register glyph from file: /isaac-sim/kit/resources/glyphs/circle.svg
2026-06-20T14:08:44Z [12,360ms] [Info] [omni.ui.glyphmanager.plugin] Attempting to register glyph from file: /isaac-sim/kit/resources/glyphs/pencil.svg
2026-06-20T14:08:44Z [12,360ms] [Info] [omni.ui.glyphmanager.plugin] Attempting to register glyph from file: /isaac-sim/kit/resources/glyphs/lazy_graph.svg
2026-06-20T14:08:44Z [12,360ms] [Info] [omni.ui.glyphmanager.plugin] Attempting to register glyph from file: /isaac-sim/kit/resources/glyphs/square.svg
2026-06-20T14:08:44Z [12,360ms] [Info] [omni.ui.glyphmanager.plugin] Attempting to register glyph from file: /isaac-sim/kit/resources/glyphs/graph_node_dark.svg
2026-06-20T14:08:44Z [12,361ms] [Info] [omni.ui.glyphmanager.plugin] Attempting to register glyph from file: /isaac-sim/kit/resources/glyphs/menu_paste.svg
2026-06-20T14:08:44Z [12,361ms] [Info] [omni.ui.glyphmanager.plugin] Attempting to register glyph from file: /isaac-sim/kit/resources/glyphs/transform_x.svg
2026-06-20T14:08:44Z [12,361ms] [Info] [omni.ui.glyphmanager.plugin] Attempting to register glyph from file: /isaac-sim/kit/resources/glyphs/show.svg
2026-06-20T14:08:44Z [12,361ms] [Info] [omni.ui.glyphmanager.plugin] Attempting to register glyph from file: /isaac-sim/kit/resources/glyphs/sequence.svg
2026-06-20T14:08:44Z [12,361ms] [Info] [omni.ui.glyphmanager.plugin] Attempting to register glyph from file: /isaac-sim/kit/resources/glyphs/eye_slash.svg
2026-06-20T14:08:44Z [12,361ms] [Info] [omni.ui.glyphmanager.plugin] Attempting to register glyph from file: /isaac-sim/kit/resources/glyphs/timeline_forward.svg
2026-06-20T14:08:44Z [12,361ms] [Info] [omni.ui.glyphmanager.plugin] Attempting to register glyph from file: /isaac-sim/kit/resources/glyphs/lock_open.svg
2026-06-20T14:08:44Z [12,361ms] [Info] [omni.ui.glyphmanager.plugin] Attempting to register glyph from file: /isaac-sim/kit/resources/glyphs/lightning.svg
2026-06-20T14:08:44Z [12,361ms] [Info] [omni.ui.glyphmanager.plugin] Attempting to register glyph from file: /isaac-sim/kit/resources/glyphs/Info_Log.svg
2026-06-20T14:08:44Z [12,362ms] [Info] [omni.ui.glyphmanager.plugin] Attempting to register glyph from file: /isaac-sim/kit/resources/glyphs/hstack.svg
2026-06-20T14:08:44Z [12,362ms] [Info] [omni.ui.glyphmanager.plugin] Attempting to register glyph from file: /isaac-sim/kit/resources/glyphs/Warning_Log.svg
2026-06-20T14:08:44Z [12,362ms] [Info] [omni.ui.glyphmanager.plugin] Attempting to register glyph from file: /isaac-sim/kit/resources/glyphs/none.svg
2026-06-20T14:08:44Z [12,362ms] [Info] [omni.ui.glyphmanager.plugin] Attempting to register glyph from file: /isaac-sim/kit/resources/glyphs/timeline_rewind.svg
2026-06-20T14:08:44Z [12,362ms] [Info] [omni.ui.glyphmanager.plugin] Attempting to register glyph from file: /isaac-sim/kit/resources/glyphs/menu_refresh.svg
2026-06-20T14:08:44Z [12,362ms] [Info] [omni.ui.glyphmanager.plugin] Attempting to register glyph from file: /isaac-sim/kit/resources/glyphs/menu_activate.svg
2026-06-20T14:08:44Z [12,362ms] [Info] [omni.ui.glyphmanager.plugin] Attempting to register glyph from file: /isaac-sim/kit/resources/glyphs/menu_lock.svg
2026-06-20T14:08:44Z [12,362ms] [Info] [omni.ui.glyphmanager.plugin] Attempting to register glyph from file: /isaac-sim/kit/resources/glyphs/timeline_play.svg
2026-06-20T14:08:44Z [12,362ms] [Info] [omni.ui.glyphmanager.plugin] Attempting to register glyph from file: /isaac-sim/kit/resources/glyphs/menu_prim.svg
2026-06-20T14:08:44Z [12,362ms] [Info] [omni.ui.glyphmanager.plugin] Attempting to register glyph from file: /isaac-sim/kit/resources/glyphs/menu_character_system.svg
2026-06-20T14:08:44Z [12,362ms] [Info] [omni.ui.glyphmanager.plugin] Attempting to register glyph from file: /isaac-sim/kit/resources/glyphs/menu_save_as.svg
2026-06-20T14:08:44Z [12,362ms] [Info] [omni.ui.glyphmanager.plugin] Attempting to register glyph from file: /isaac-sim/kit/resources/glyphs/group_selected.svg
2026-06-20T14:08:44Z [12,363ms] [Info] [omni.ui.glyphmanager.plugin] Attempting to register glyph from file: /isaac-sim/kit/resources/glyphs/rectangle.svg
2026-06-20T14:08:44Z [12,363ms] [Info] [omni.ui.glyphmanager.plugin] Attempting to register glyph from file: /isaac-sim/kit/resources/glyphs/toolbar_select_model.svg
2026-06-20T14:08:44Z [12,363ms] [Info] [omni.ui.glyphmanager.plugin] Attempting to register glyph from file: /isaac-sim/kit/resources/glyphs/menu_plus.svg
2026-06-20T14:08:44Z [12,363ms] [Info] [omni.ui.glyphmanager.plugin] Attempting to register glyph from file: /isaac-sim/kit/resources/glyphs/filter.svg
2026-06-20T14:08:44Z [12,363ms] [Info] [omni.ui.glyphmanager.plugin] Attempting to register glyph from file: /isaac-sim/kit/resources/glyphs/layers_switch_global.svg
2026-06-20T14:08:44Z [12,363ms] [Info] [omni.ui.glyphmanager.plugin] Attempting to register glyph from file: /isaac-sim/kit/resources/glyphs/timeline_next.svg
2026-06-20T14:08:44Z [12,363ms] [Info] [omni.ui.glyphmanager.plugin] Attempting to register glyph from file: /isaac-sim/kit/resources/glyphs/toolbar_rotate_global.svg
2026-06-20T14:08:44Z [12,363ms] [Info] [omni.ui.glyphmanager.plugin] Attempting to register glyph from file: /isaac-sim/kit/resources/glyphs/cog.svg
2026-06-20T14:08:44Z [12,363ms] [Info] [omni.ui.glyphmanager.plugin] Attempting to register glyph from file: /isaac-sim/kit/resources/glyphs/curve_dark.svg
2026-06-20T14:08:44Z [12,363ms] [Info] [omni.ui.glyphmanager.plugin] Attempting to register glyph from file: /isaac-sim/kit/resources/glyphs/menu_xform.svg
2026-06-20T14:08:44Z [12,363ms] [Info] [omni.ui.glyphmanager.plugin] Attempting to register glyph from file: /isaac-sim/kit/resources/glyphs/menu_create.svg
2026-06-20T14:08:44Z [12,363ms] [Info] [omni.ui.glyphmanager.plugin] Attempting to register glyph from file: /isaac-sim/kit/resources/glyphs/menu_animation.svg
2026-06-20T14:08:44Z [12,363ms] [Info] [omni.ui.glyphmanager.plugin] Attempting to register glyph from file: /isaac-sim/kit/resources/glyphs/menu_graph.svg
2026-06-20T14:08:44Z [12,364ms] [Info] [omni.ui.glyphmanager.plugin] Attempting to register glyph from file: /isaac-sim/kit/resources/glyphs/timeline_prev.svg
2026-06-20T14:08:44Z [12,364ms] [Info] [omni.ui.glyphmanager.plugin] Attempting to register glyph from file: /isaac-sim/kit/resources/glyphs/spinner.svg
2026-06-20T14:08:44Z [12,364ms] [Info] [omni.ui.glyphmanager.plugin] Attempting to register glyph from file: /isaac-sim/kit/resources/glyphs/triangle.svg
2026-06-20T14:08:44Z [12,364ms] [Info] [omni.ui.glyphmanager.plugin] Attempting to register glyph from file: /isaac-sim/kit/resources/glyphs/asterisk.svg
2026-06-20T14:08:44Z [12,364ms] [Info] [omni.ui.glyphmanager.plugin] Attempting to register glyph from file: /isaac-sim/kit/resources/glyphs/menu_search.svg
2026-06-20T14:08:44Z [12,364ms] [Info] [omni.ui.glyphmanager.plugin] Attempting to register glyph from file: /isaac-sim/kit/resources/glyphs/stylecontainer.svg
2026-06-20T14:08:44Z [12,364ms] [Info] [omni.ui.glyphmanager.plugin] Attempting to register glyph from file: /isaac-sim/kit/resources/glyphs/hdd.svg
2026-06-20T14:08:44Z [12,364ms] [Info] [omni.ui.glyphmanager.plugin] Attempting to register glyph from file: /isaac-sim/kit/resources/glyphs/plug.svg
2026-06-20T14:08:44Z [12,364ms] [Info] [omni.ui.glyphmanager.plugin] Attempting to register glyph from file: /isaac-sim/kit/resources/glyphs/menu_material.svg
2026-06-20T14:08:44Z [12,364ms] [Info] [omni.ui.glyphmanager.plugin] Attempting to register glyph from file: /isaac-sim/kit/resources/glyphs/gamepad.svg
2026-06-20T14:08:44Z [12,364ms] [Info] [omni.ui.glyphmanager.plugin] Attempting to register glyph from file: /isaac-sim/kit/resources/glyphs/menu_light.svg
2026-06-20T14:08:44Z [12,364ms] [Info] [omni.ui.glyphmanager.plugin] Attempting to register glyph from file: /isaac-sim/kit/resources/glyphs/scrollingframe.svg
2026-06-20T14:08:44Z [12,364ms] [Info] [omni.ui.glyphmanager.plugin] Attempting to register glyph from file: /isaac-sim/kit/resources/glyphs/cube.svg
2026-06-20T14:08:44Z [12,365ms] [Info] [omni.ui.glyphmanager.plugin] Attempting to register glyph from file: /isaac-sim/kit/resources/glyphs/hdd_plus_content.svg
2026-06-20T14:08:44Z [12,365ms] [Info] [omni.ui.glyphmanager.plugin] Attempting to register glyph from file: /isaac-sim/kit/resources/glyphs/Open_Folder.svg
2026-06-20T14:08:44Z [12,365ms] [Info] [omni.ui.glyphmanager.plugin] Attempting to register glyph from file: /isaac-sim/kit/resources/glyphs/edit_deactivate.svg
2026-06-20T14:08:44Z [12,365ms] [Info] [omni.ui.glyphmanager.plugin] Attempting to register glyph from file: /isaac-sim/kit/resources/glyphs/data2ui.svg
2026-06-20T14:08:44Z [12,365ms] [Info] [omni.ui.glyphmanager.plugin] Attempting to register glyph from file: /isaac-sim/kit/resources/glyphs/physics_dark.svg
2026-06-20T14:08:44Z [12,365ms] [Info] [omni.ui.glyphmanager.plugin] Attempting to register glyph from file: /isaac-sim/kit/resources/glyphs/list.svg
2026-06-20T14:08:44Z [12,366ms] [Info] [omni.ui.glyphmanager.plugin] Attempting to register glyph from file: /isaac-sim/kit/resources/glyphs/file.svg
2026-06-20T14:08:44Z [12,366ms] [Info] [omni.ui.glyphmanager.plugin] Attempting to register glyph from file: /isaac-sim/kit/resources/glyphs/menu_create_sublayer.svg
2026-06-20T14:08:44Z [12,366ms] [Info] [omni.ui.glyphmanager.plugin] Attempting to register glyph from file: /isaac-sim/kit/resources/glyphs/AOV_dark.svg
2026-06-20T14:08:44Z [12,366ms] [Info] [omni.ui.glyphmanager.plugin] Attempting to register glyph from file: /isaac-sim/kit/resources/glyphs/hdd_content.svg
2026-06-20T14:08:44Z [12,366ms] [Info] [omni.ui.glyphmanager.plugin] Attempting to register glyph from file: /isaac-sim/kit/resources/glyphs/database.svg
2026-06-20T14:08:44Z [12,366ms] [Info] [omni.ui.glyphmanager.plugin] Attempting to register glyph from file: /isaac-sim/kit/resources/glyphs/geometry.svg
2026-06-20T14:08:44Z [12,366ms] [Info] [omni.ui.glyphmanager.plugin] Attempting to register glyph from file: /isaac-sim/kit/resources/glyphs/timeline_time.svg
2026-06-20T14:08:44Z [12,366ms] [Info] [omni.ui.glyphmanager.plugin] Attempting to register glyph from file: /isaac-sim/kit/resources/glyphs/button.svg
2026-06-20T14:08:44Z [12,366ms] [Info] [omni.ui.glyphmanager.plugin] Attempting to register glyph from file: /isaac-sim/kit/resources/glyphs/bookmark.svg
2026-06-20T14:08:44Z [12,366ms] [Info] [omni.ui.glyphmanager.plugin] Attempting to register glyph from file: /isaac-sim/kit/resources/glyphs/trash.svg
2026-06-20T14:08:44Z [12,366ms] [Info] [omni.ui.glyphmanager.plugin] Attempting to register glyph from file: /isaac-sim/kit/resources/glyphs/timeline_pause.svg
2026-06-20T14:08:44Z [12,366ms] [Info] [omni.ui.glyphmanager.plugin] Attempting to register glyph from file: /isaac-sim/kit/resources/glyphs/settings.svg
2026-06-20T14:08:44Z [12,367ms] [Info] [omni.ui.glyphmanager.plugin] Attempting to register glyph from file: /isaac-sim/kit/resources/glyphs/external_link.svg
2026-06-20T14:08:44Z [12,367ms] [Info] [omni.ui.glyphmanager.plugin] Attempting to register glyph from file: /isaac-sim/kit/resources/glyphs/layer_save.svg
2026-06-20T14:08:44Z [12,367ms] [Info] [omni.ui.glyphmanager.plugin] Attempting to register glyph from file: /isaac-sim/kit/resources/glyphs/plus.svg
2026-06-20T14:08:44Z [12,367ms] [Info] [omni.ui.glyphmanager.plugin] Attempting to register glyph from file: /isaac-sim/kit/resources/glyphs/question.svg
2026-06-20T14:08:44Z [12,367ms] [Info] [omni.ui.glyphmanager.plugin] Attempting to register glyph from file: /isaac-sim/kit/resources/glyphs/folder_open.svg
2026-06-20T14:08:44Z [12,367ms] [Info] [omni.ui.glyphmanager.plugin] Attempting to register glyph from file: /isaac-sim/kit/resources/glyphs/omniverse_logo.svg
2026-06-20T14:08:44Z [12,367ms] [Info] [omni.ui.glyphmanager.plugin] Attempting to register glyph from file: /isaac-sim/kit/resources/glyphs/menu_merge_down.svg
2026-06-20T14:08:44Z [12,367ms] [Info] [omni.ui.glyphmanager.plugin] Attempting to register glyph from file: /isaac-sim/kit/resources/glyphs/scroll.svg
2026-06-20T14:08:44Z [12,367ms] [Info] [omni.ui.glyphmanager.plugin] Attempting to register glyph from file: /isaac-sim/kit/resources/glyphs/book.svg
2026-06-20T14:08:44Z [12,367ms] [Info] [omni.ui.glyphmanager.plugin] Attempting to register glyph from file: /isaac-sim/kit/resources/glyphs/layers_switch_local.svg
2026-06-20T14:08:44Z [12,367ms] [Info] [omni.ui.glyphmanager.plugin] Attempting to register glyph from file: /isaac-sim/kit/resources/glyphs/link_tint_off.svg
2026-06-20T14:08:44Z [12,367ms] [Info] [omni.ui.glyphmanager.plugin] Attempting to register glyph from file: /isaac-sim/kit/resources/glyphs/toolbar_select_prims.svg
2026-06-20T14:08:44Z [12,368ms] [Info] [omni.ui.glyphmanager.plugin] Attempting to register glyph from file: /isaac-sim/kit/resources/glyphs/layer_delta.svg
2026-06-20T14:08:44Z [12,368ms] [Info] [omni.ui.glyphmanager.plugin] Attempting to register glyph from file: /isaac-sim/kit/resources/glyphs/timeline_loop.svg
2026-06-20T14:08:44Z [12,368ms] [Info] [omni.ui.glyphmanager.plugin] Attempting to register glyph from file: /isaac-sim/kit/resources/glyphs/eye.svg
2026-06-20T14:08:44Z [12,368ms] [Info] [omni.ui.glyphmanager.plugin] Attempting to register glyph from file: /isaac-sim/kit/resources/glyphs/menu_delete.svg
2026-06-20T14:08:44Z [12,368ms] [Info] [omni.ui.glyphmanager.plugin] Attempting to register glyph from file: /isaac-sim/kit/resources/glyphs/push_graph.svg
2026-06-20T14:08:44Z [12,368ms] [Info] [omni.ui.glyphmanager.plugin] Attempting to register glyph from file: /isaac-sim/kit/resources/glyphs/cloud_upload.svg
2026-06-20T14:08:44Z [12,368ms] [Info] [omni.ui.glyphmanager.plugin] Attempting to register glyph from file: /isaac-sim/kit/resources/glyphs/line.svg
2026-06-20T14:08:44Z [12,368ms] [Info] [omni.ui.glyphmanager.plugin] Attempting to register glyph from file: /isaac-sim/kit/resources/glyphs/times_circle.svg
2026-06-20T14:08:44Z [12,368ms] [Info] [omni.ui.glyphmanager.plugin] Attempting to register glyph from file: /isaac-sim/kit/resources/glyphs/menu_duplicate.svg
2026-06-20T14:08:44Z [12,368ms] [Info] [omni.ui.glyphmanager.plugin] Attempting to register glyph from file: /isaac-sim/kit/resources/glyphs/layers.svg
2026-06-20T14:08:44Z [12,369ms] [Info] [omni.ui.glyphmanager.plugin] Attempting to register glyph from file: /isaac-sim/kit/resources/glyphs/arrow_down.svg
2026-06-20T14:08:44Z [12,369ms] [Info] [omni.ui.glyphmanager.plugin] Attempting to register glyph from file: /isaac-sim/kit/resources/glyphs/link.svg
2026-06-20T14:08:44Z [12,369ms] [Info] [omni.ui.glyphmanager.plugin] Attempting to register glyph from file: /isaac-sim/kit/resources/glyphs/Error_Log.svg
2026-06-20T14:08:44Z [12,369ms] [Info] [omni.ui.glyphmanager.plugin] Attempting to register glyph from file: /isaac-sim/kit/resources/glyphs/user.svg
2026-06-20T14:08:44Z [12,369ms] [Info] [omni.ui.glyphmanager.plugin] Attempting to register glyph from file: /isaac-sim/kit/resources/glyphs/menu_particles.svg
2026-06-20T14:08:44Z [12,369ms] [Info] [omni.ui.glyphmanager.plugin] Attempting to register glyph from file: /isaac-sim/kit/resources/glyphs/toolbar_move_local.svg
2026-06-20T14:08:44Z [12,369ms] [Info] [omni.ui.glyphmanager.plugin] Attempting to register glyph from file: /isaac-sim/kit/resources/glyphs/menu_add.svg
2026-06-20T14:08:44Z [12,369ms] [Info] [omni.ui.glyphmanager.plugin] Attempting to register glyph from file: /isaac-sim/kit/resources/glyphs/toolbar_snap.svg
2026-06-20T14:08:44Z [12,369ms] [Info] [omni.ui.glyphmanager.plugin] Attempting to register glyph from file: /isaac-sim/kit/resources/glyphs/transform_y.svg
2026-06-20T14:08:44Z [12,369ms] [Info] [omni.ui.glyphmanager.plugin] Attempting to register glyph from file: /isaac-sim/kit/resources/glyphs/Open_Log.svg
2026-06-20T14:08:44Z [12,369ms] [Info] [omni.ui.glyphmanager.plugin] Attempting to register glyph from file: /isaac-sim/kit/resources/glyphs/menu_remove_layer.svg
2026-06-20T14:08:44Z [12,370ms] [Info] [omni.ui.glyphmanager.plugin] Attempting to register glyph from file: /isaac-sim/kit/resources/glyphs/cross_check.svg
2026-06-20T14:08:44Z [12,370ms] [Info] [omni.ui.glyphmanager.plugin] Attempting to register glyph from file: /isaac-sim/kit/resources/glyphs/menu_context.svg
2026-06-20T14:08:44Z [12,370ms] [Info] [omni.ui.glyphmanager.plugin] Attempting to register glyph from file: /isaac-sim/kit/resources/glyphs/menu_deactivate.svg
2026-06-20T14:08:44Z [12,370ms] [Info] [omni.ui.glyphmanager.plugin] Attempting to register glyph from file: /isaac-sim/kit/resources/glyphs/info.svg
2026-06-20T14:08:44Z [12,370ms] [Info] [omni.ui.glyphmanager.plugin] Attempting to register glyph from file: /isaac-sim/kit/resources/glyphs/thumbnail.svg
2026-06-20T14:08:44Z [12,370ms] [Info] [omni.ui.glyphmanager.plugin] Attempting to register glyph from file: /isaac-sim/kit/resources/glyphs/save.svg
2026-06-20T14:08:44Z [12,370ms] [Info] [omni.ui.glyphmanager.plugin] Attempting to register glyph from file: /isaac-sim/kit/resources/glyphs/upload.svg
2026-06-20T14:08:44Z [12,371ms] [Info] [omni.ui.glyphmanager.plugin] Attempting to register glyph from file: /isaac-sim/kit/resources/glyphs/menu_flow.svg
2026-06-20T14:08:44Z [12,371ms] [Info] [omni.ui.glyphmanager.plugin] Attempting to register glyph from file: /isaac-sim/kit/resources/glyphs/offset_active_dark.svg
2026-06-20T14:08:44Z [12,371ms] [Info] [omni.ui.glyphmanager.plugin] Attempting to register glyph from file: /isaac-sim/kit/resources/glyphs/materials.svg
2026-06-20T14:08:44Z [12,371ms] [Info] [omni.ui.glyphmanager.plugin] Attempting to register glyph from file: /isaac-sim/kit/resources/glyphs/menu_insert_sublayer.svg
2026-06-20T14:08:44Z [12,371ms] [Info] [omni.ui.glyphmanager.plugin] Attempting to register glyph from file: /isaac-sim/kit/resources/glyphs/toolbar_scale.svg
2026-06-20T14:08:44Z [12,371ms] [Info] [omni.ui.glyphmanager.plugin] Attempting to register glyph from file: /isaac-sim/kit/resources/glyphs/arrow_up.svg
2026-06-20T14:08:44Z [12,371ms] [Info] [omni.ui.glyphmanager.plugin] Attempting to register glyph from file: /isaac-sim/kit/resources/glyphs/angle_right.svg
2026-06-20T14:08:44Z [12,371ms] [Info] [omni.ui.glyphmanager.plugin] Attempting to register glyph from file: /isaac-sim/kit/resources/glyphs/copy.svg
2026-06-20T14:08:44Z [12,372ms] [Info] [omni.ui.glyphmanager.plugin] Attempting to register glyph from file: /isaac-sim/kit/resources/glyphs/menu_curve.svg
2026-06-20T14:08:44Z [12,372ms] [Info] [omni.ui.glyphmanager.plugin] Attempting to register glyph from file: /isaac-sim/kit/resources/glyphs/audio.svg
2026-06-20T14:08:44Z [12,372ms] [Info] [omni.ui.glyphmanager.plugin] Attempting to register glyph from file: /isaac-sim/kit/resources/glyphs/style.svg
2026-06-20T14:08:44Z [12,372ms] [Info] [omni.ui.glyphmanager.plugin] Attempting to register glyph from file: /isaac-sim/kit/resources/glyphs/menu_navigation.svg
2026-06-20T14:08:44Z [12,372ms] [Info] [omni.ui.glyphmanager.plugin] Attempting to register glyph from file: /isaac-sim/kit/resources/glyphs/menu_save.svg
2026-06-20T14:08:44Z [12,372ms] [Info] [omni.ui.glyphmanager.plugin] Attempting to register glyph from file: /isaac-sim/kit/resources/glyphs/check_square.svg
2026-06-20T14:08:44Z [12,372ms] [Info] [omni.ui.glyphmanager.plugin] Attempting to register glyph from file: /isaac-sim/kit/resources/glyphs/restore.svg
2026-06-20T14:08:44Z [12,372ms] [Info] [omni.ui.glyphmanager.plugin] Attempting to register glyph from file: /isaac-sim/kit/resources/glyphs/unlink.svg
2026-06-20T14:08:44Z [12,372ms] [Info] [omni.ui.glyphmanager.plugin] Attempting to register glyph from file: /isaac-sim/kit/resources/glyphs/square_regular.svg
2026-06-20T14:08:44Z [12,372ms] [Info] [omni.ui.glyphmanager.plugin] Attempting to register glyph from file: /isaac-sim/kit/resources/glyphs/toolbar_rotate_local.svg
2026-06-20T14:08:44Z [12,372ms] [Info] [omni.ui.glyphmanager.plugin] Attempting to register glyph from file: /isaac-sim/kit/resources/glyphs/vstack.svg
2026-06-20T14:08:44Z [12,373ms] [Info] [omni.ui.glyphmanager.plugin] Attempting to register glyph from file: /isaac-sim/kit/resources/glyphs/placer.svg
2026-06-20T14:08:44Z [12,373ms] [Info] [omni.ui.glyphmanager.plugin] Attempting to register glyph from file: /isaac-sim/kit/resources/glyphs/toolbar_stop.svg
2026-06-20T14:08:44Z [12,373ms] [Info] [omni.ui.glyphmanager.plugin] Attempting to register glyph from file: /isaac-sim/kit/resources/glyphs/lock.svg
2026-06-20T14:08:44Z [12,373ms] [Info] [omni.ui.glyphmanager.plugin] Attempting to register glyph from file: /isaac-sim/kit/resources/glyphs/cloud_download.svg
2026-06-20T14:08:44Z [12,373ms] [Info] [omni.ui.glyphmanager.plugin] Attempting to register glyph from file: /isaac-sim/kit/resources/glyphs/toolbar_select_prim.svg
2026-06-20T14:08:44Z [12,373ms] [Info] [omni.ui.glyphmanager.plugin] Attempting to register glyph from file: /isaac-sim/kit/resources/glyphs/shading.svg
2026-06-20T14:08:44Z [12,373ms] [Info] [omni.ui.glyphmanager.plugin] Attempting to register glyph from file: /isaac-sim/kit/resources/glyphs/toolbar_select_models.svg
2026-06-20T14:08:44Z [12,373ms] [Info] [omni.ui.glyphmanager.plugin] Attempting to register glyph from file: /isaac-sim/kit/resources/glyphs/toolbar_play.svg
2026-06-20T14:08:44Z [12,373ms] [Info] [omni.ui.glyphmanager.plugin] Attempting to register glyph from file: /isaac-sim/kit/resources/glyphs/frame.svg
2026-06-20T14:08:44Z [12,373ms] [Info] [omni.ui.glyphmanager.plugin] Attempting to register glyph from file: /isaac-sim/kit/resources/glyphs/zstack.svg
2026-06-20T14:08:44Z [12,373ms] [Info] [omni.ui.glyphmanager.plugin] Attempting to register glyph from file: /isaac-sim/kit/resources/glyphs/menu_minus.svg
2026-06-20T14:08:44Z [12,373ms] [Info] [omni.ui.glyphmanager.plugin] Attempting to register glyph from file: /isaac-sim/kit/resources/glyphs/menu_audio.svg
2026-06-20T14:08:44Z [12,374ms] [Info] [omni.ui.glyphmanager.plugin] Attempting to register glyph from file: /isaac-sim/kit/resources/glyphs/paste.svg
2026-06-20T14:08:44Z [12,374ms] [Info] [omni.ui.glyphmanager.plugin] Attempting to register glyph from file: /isaac-sim/kit/resources/glyphs/sync.svg
2026-06-20T14:08:44Z [12,374ms] [Info] [omni.ui.glyphmanager.plugin] Attempting to register glyph from file: /isaac-sim/kit/resources/glyphs/my_computer.svg
2026-06-20T14:08:44Z [12,374ms] [Info] [omni.ui.glyphmanager.plugin] Attempting to register glyph from file: /isaac-sim/kit/resources/glyphs/menu_scope.svg
2026-06-20T14:08:44Z [12,374ms] [Info] [omni.ui.glyphmanager.plugin] Attempting to register glyph from file: /isaac-sim/kit/resources/glyphs/docs.svg
2026-06-20T14:08:44Z [12,374ms] [Info] [omni.ui.glyphmanager.plugin] Attempting to register glyph from file: /isaac-sim/kit/resources/glyphs/flow_dark.svg
2026-06-20T14:08:44Z [12,374ms] [Info] [omni.ui.glyphmanager.plugin] Attempting to register glyph from file: /isaac-sim/kit/resources/glyphs/mixed_checkbox.svg
2026-06-20T14:08:44Z [12,374ms] [Info] [omni.ui.glyphmanager.plugin] Attempting to register glyph from file: /isaac-sim/kit/resources/glyphs/offset_dark.svg
2026-06-20T14:08:44Z [12,374ms] [Info] [omni.ui.glyphmanager.plugin] Attempting to register glyph from file: /isaac-sim/kit/resources/glyphs/Clear_Log.svg
2026-06-20T14:08:44Z [12,374ms] [Info] [omni.ui.glyphmanager.plugin] Attempting to register glyph from file: /isaac-sim/kit/resources/glyphs/label.svg
2026-06-20T14:08:44Z [12,374ms] [Info] [omni.ui.glyphmanager.plugin] Attempting to register glyph from file: /isaac-sim/kit/resources/glyphs/menu_link.svg
2026-06-20T14:08:44Z [12,375ms] [Info] [omni.ui.glyphmanager.plugin] Attempting to register glyph from file: /isaac-sim/kit/resources/glyphs/menu_rename.svg
2026-06-20T14:08:44Z [12,375ms] [Info] [omni.ui.glyphmanager.plugin] Attempting to register glyph from file: /isaac-sim/kit/resources/glyphs/menu_flatten_layers.svg
2026-06-20T14:08:44Z [12,375ms] [Info] [omni.ui.glyphmanager.plugin] Attempting to register glyph from file: /isaac-sim/kit/resources/glyphs/toolbar_move_global.svg
2026-06-20T14:08:44Z [12,375ms] [Info] [omni.ui.glyphmanager.plugin] Attempting to register glyph from file: /isaac-sim/kit/resources/glyphs/transform_z.svg
2026-06-20T14:08:44Z [12,375ms] [Info] [omni.ui.glyphmanager.plugin] Attempting to register glyph from file: /isaac-sim/kit/resources/glyphs/error.svg
2026-06-20T14:08:44Z [12,375ms] [Info] [omni.ui.glyphmanager.plugin] Attempting to register glyph from file: /isaac-sim/kit/resources/glyphs/check_solid.svg
2026-06-20T14:08:44Z [12,375ms] [Info] [omni.ui.glyphmanager.plugin] Attempting to register glyph from file: /isaac-sim/kit/resources/glyphs/folder.svg
2026-06-20T14:08:44Z [12,375ms] [Info] [omni.ui.glyphmanager.plugin] Attempting to register glyph from file: /isaac-sim/kit/resources/glyphs/light.svg
2026-06-20T14:08:44Z [12,375ms] [Info] [omni.ui.glyphmanager.plugin] Attempting to register glyph from file: /isaac-sim/kit/resources/glyphs/image.svg
2026-06-20T14:08:44Z [12,375ms] [Info] [omni.ui.glyphmanager.plugin] Attempting to register glyph from file: /isaac-sim/kit/resources/glyphs/spacer.svg
2026-06-20T14:08:44Z [12,375ms] [Info] [omni.ui.glyphmanager.plugin] Attempting to register glyph from file: /isaac-sim/kit/resources/glyphs/timeline_stop.svg
2026-06-20T14:08:44Z [12,375ms] [Info] [omni.ui.glyphmanager.plugin] Attempting to register glyph from file: /isaac-sim/kit/resources/glyphs/menu_sequence.svg
2026-06-20T14:08:44Z [12,376ms] [Info] [omni.ui.glyphmanager.plugin] Attempting to register glyph from file: /isaac-sim/kit/resources/glyphs/action_graph.svg
2026-06-20T14:08:44Z [12,376ms] [Info] [omni.ui.glyphmanager.plugin] Attempting to register glyph from file: /isaac-sim/kit/resources/glyphs/animation_graph.svg
2026-06-20T14:08:44Z [12,376ms] [Info] [omni.ui.glyphmanager.plugin] Attempting to register glyph from file: /isaac-sim/kit/resources/glyphs/menu_physics.svg
2026-06-20T14:08:44Z [12,376ms] [Info] [omni.ui.glyphmanager.plugin] Attempting to register glyph from file: /isaac-sim/kit/resources/glyphs/exclamation.svg
2026-06-20T14:08:44Z [12,397ms] [Info] [omni.kit.imgui_renderer.plugin] Creating font texture 1024 x 2672
2026-06-20T14:08:44Z [12,417ms] [Info] [omni.ext._impl._internal] Searching for classes derived from 'omni.ext.IExt' in 'omni.kit.imgui_renderer' ('/isaac-sim/extscache/omni.kit.renderer.imgui-2.0.5+69cbf6ad.lx64.r.cp311')
2026-06-20T14:08:44Z [12,418ms] [Info] [omni.ext._impl._internal] Searching for classes derived from 'omni.ext.IExt' in 'omni.kit.imgui' ('/isaac-sim/extscache/omni.kit.renderer.imgui-2.0.5+69cbf6ad.lx64.r.cp311')
2026-06-20T14:08:44Z [12,419ms] [Info] [omni.ext.plugin] [ext: omni.kit.renderer.imgui-2.0.5] started, startup time: 89 (ms)
2026-06-20T14:08:44Z [12,419ms] [Info] [omni.ext.plugin] About to startup: [ext: omni.ui-2.27.1] (order: 0) Triggered by: omni.graph.ui_nodes-1.50.5, omni.kit.graph.delegate.default-1.2.3, omni.kit.graph.editor.core-1.5.3, omni.kit.graph.usd.commands-1.3.1, omni.kit.hotkeys.core-1.3.10, omni.kit.material.library-2.0.7, omni.kit.menu.core-1.1.2, omni.kit.menu.utils-2.0.5, omni.kit.notification_manager-1.0.10, omni.kit.viewport.registry-104.0.6, omni.kit.viewport.window-107.2.0, omni.kit.widget.browser_bar-2.0.10, omni.kit.widget.context_menu-1.2.5, omni.kit.widget.filebrowser-2.12.3, omni.kit.widget.filter-1.1.4, omni.kit.widget.graph-2.0.0, omni.kit.widget.material_preview-1.0.16, omni.kit.widget.nucleus_connector-2.0.1, omni.kit.widget.options_button-1.0.3, omni.kit.widget.options_menu-1.1.6, omni.kit.widget.path_field-2.0.11, omni.kit.widget.searchfield-1.1.8, omni.kit.widget.settings-1.2.6, omni.kit.widget.stage-3.1.4, omni.kit.widget.viewport-107.1.3, omni.kit.window.file_exporter-1.0.33, omni.kit.window.filepicker-2.13.4, omni.kit.window.material_graph-1.9.1, omni.kit.window.popup_dialog-2.0.24, omni.kit.window.preferences-1.8.0, omni.syntheticdata-0.6.13, omni.ui.scene-1.11.5,  (path: /isaac-sim/extscache/omni.ui-2.27.1+69cbf6ad.lx64.r.cp311)
2026-06-20T14:08:44Z [12,419ms] [Info] [omni.kit.app.plugin] [12.439s] [ext: omni.ui-2.27.1] startup
2026-06-20T14:08:44Z [12,420ms] [Info] [carb] Registered plugin: omni.ui (interfaces: [omni::ext::IExt v0.1]) (impl: omni.ui)
2026-06-20T14:08:44Z [12,420ms] [Info] [carb] Initializing plugin: omni.ui (interfaces: [omni::ext::IExt v0.1]) (impl: omni.ui)
2026-06-20T14:08:44Z [12,420ms] [Info] [omni.ext.plugin] [ext: omni.ui-2.27.1] Starting ext::IExt in '/isaac-sim/extscache/omni.ui-2.27.1+69cbf6ad.lx64.r.cp311/bin/libomni.ui.so'
2026-06-20T14:08:44Z [12,445ms] [Info] [omni.ext._impl._internal] Searching for classes derived from 'omni.ext.IExt' in 'omni.ui' ('/isaac-sim/extscache/omni.ui-2.27.1+69cbf6ad.lx64.r.cp311')
2026-06-20T14:08:44Z [12,445ms] [Info] [omni.ext._impl._internal] Found class `UIPreferencesExtension` derived from `omni.ext.IExt` in module: 'omni.ui' in '/isaac-sim/extscache/omni.ui-2.27.1+69cbf6ad.lx64.r.cp311'. Calling `on_startup`.
2026-06-20T14:08:44Z [12,445ms] [Info] [omni.ext.plugin] [ext: omni.ui-2.27.1] started, startup time: 26 (ms)
2026-06-20T14:08:44Z [12,445ms] [Info] [omni.ext.plugin] About to startup: [ext: omni.kit.window.popup_dialog-2.0.24] (order: 0) Triggered by: omni.kit.widget.nucleus_connector-2.0.1, omni.kit.window.filepicker-2.13.4, omni.kit.window.preferences-1.8.0 (path: /isaac-sim/extscache/omni.kit.window.popup_dialog-2.0.24+69cbf6ad)
2026-06-20T14:08:44Z [12,445ms] [Info] [omni.kit.app.plugin] [12.466s] [ext: omni.kit.window.popup_dialog-2.0.24] startup
2026-06-20T14:08:44Z [12,469ms] [Info] [omni.ext._impl._internal] Searching for classes derived from 'omni.ext.IExt' in 'omni.kit.window.popup_dialog' ('/isaac-sim/extscache/omni.kit.window.popup_dialog-2.0.24+69cbf6ad')
2026-06-20T14:08:44Z [12,469ms] [Info] [omni.ext.plugin] [ext: omni.kit.window.popup_dialog-2.0.24] started, startup time: 23 (ms)
2026-06-20T14:08:44Z [12,469ms] [Info] [omni.ext.plugin] About to startup: [ext: usdrt.scenegraph-7.6.1] (order: 0) Triggered by: isaaclab.python.headless-2.3.0, omni.graph-1.141.2, omni.graph.core-2.184.5, omni.graph.nodes-1.170.10, omni.hydra.usdrt_delegate-7.5.1, omni.physx-107.3.26, omni.physx.fabric-107.3.26, omni.warp-1.8.2 (path: /isaac-sim/extscache/usdrt.scenegraph-7.6.1+69cbf6ad.lx64.r.cp311)
2026-06-20T14:08:44Z [12,469ms] [Info] [omni.kit.app.plugin] [12.489s] [ext: usdrt.scenegraph-7.6.1] startup
2026-06-20T14:08:44Z [12,480ms] [Info] [omni.ext._impl._internal] Searching for classes derived from 'omni.ext.IExt' in 'usdrt.helpers' ('/isaac-sim/extscache/usdrt.scenegraph-7.6.1+69cbf6ad.lx64.r.cp311')
2026-06-20T14:08:44Z [12,491ms] [Info] [omni.ext._impl._internal] Searching for classes derived from 'omni.ext.IExt' in 'usdrt.Gf' ('/isaac-sim/extscache/usdrt.scenegraph-7.6.1+69cbf6ad.lx64.r.cp311')
2026-06-20T14:08:44Z [12,498ms] [Info] [omni.ext._impl._internal] Searching for classes derived from 'omni.ext.IExt' in 'usdrt.Vt' ('/isaac-sim/extscache/usdrt.scenegraph-7.6.1+69cbf6ad.lx64.r.cp311')
2026-06-20T14:08:44Z [12,502ms] [Info] [omni.ext._impl._internal] Searching for classes derived from 'omni.ext.IExt' in 'usdrt.Sdf' ('/isaac-sim/extscache/usdrt.scenegraph-7.6.1+69cbf6ad.lx64.r.cp311')
2026-06-20T14:08:44Z [12,506ms] [Info] [omni.ext._impl._internal] Searching for classes derived from 'omni.ext.IExt' in 'usdrt.Usd' ('/isaac-sim/extscache/usdrt.scenegraph-7.6.1+69cbf6ad.lx64.r.cp311')
2026-06-20T14:08:44Z [12,512ms] [Info] [omni.ext._impl._internal] Searching for classes derived from 'omni.ext.IExt' in 'usdrt.UsdGeom' ('/isaac-sim/extscache/usdrt.scenegraph-7.6.1+69cbf6ad.lx64.r.cp311')
2026-06-20T14:08:44Z [12,515ms] [Info] [omni.ext._impl._internal] Searching for classes derived from 'omni.ext.IExt' in 'usdrt.Rt' ('/isaac-sim/extscache/usdrt.scenegraph-7.6.1+69cbf6ad.lx64.r.cp311')
2026-06-20T14:08:44Z [12,520ms] [Info] [omni.ext._impl._internal] Searching for classes derived from 'omni.ext.IExt' in 'usdrt.UsdPhysics' ('/isaac-sim/extscache/usdrt.scenegraph-7.6.1+69cbf6ad.lx64.r.cp311')
2026-06-20T14:08:44Z [12,531ms] [Info] [omni.ext._impl._internal] Searching for classes derived from 'omni.ext.IExt' in 'usdrt.PhysxSchema' ('/isaac-sim/extscache/usdrt.scenegraph-7.6.1+69cbf6ad.lx64.r.cp311')
2026-06-20T14:08:44Z [12,535ms] [Info] [omni.ext._impl._internal] Searching for classes derived from 'omni.ext.IExt' in 'usdrt.ForceFieldSchema' ('/isaac-sim/extscache/usdrt.scenegraph-7.6.1+69cbf6ad.lx64.r.cp311')
2026-06-20T14:08:44Z [12,540ms] [Info] [omni.ext._impl._internal] Searching for classes derived from 'omni.ext.IExt' in 'usdrt.UsdLux' ('/isaac-sim/extscache/usdrt.scenegraph-7.6.1+69cbf6ad.lx64.r.cp311')
2026-06-20T14:08:44Z [12,543ms] [Info] [omni.ext._impl._internal] Searching for classes derived from 'omni.ext.IExt' in 'usdrt.UsdMedia' ('/isaac-sim/extscache/usdrt.scenegraph-7.6.1+69cbf6ad.lx64.r.cp311')
2026-06-20T14:08:44Z [12,547ms] [Info] [omni.ext._impl._internal] Searching for classes derived from 'omni.ext.IExt' in 'usdrt.UsdRender' ('/isaac-sim/extscache/usdrt.scenegraph-7.6.1+69cbf6ad.lx64.r.cp311')
2026-06-20T14:08:44Z [12,551ms] [Info] [omni.ext._impl._internal] Searching for classes derived from 'omni.ext.IExt' in 'usdrt.UsdShade' ('/isaac-sim/extscache/usdrt.scenegraph-7.6.1+69cbf6ad.lx64.r.cp311')
2026-06-20T14:08:44Z [12,555ms] [Info] [omni.ext._impl._internal] Searching for classes derived from 'omni.ext.IExt' in 'usdrt.UsdSkel' ('/isaac-sim/extscache/usdrt.scenegraph-7.6.1+69cbf6ad.lx64.r.cp311')
2026-06-20T14:08:44Z [12,558ms] [Info] [omni.ext._impl._internal] Searching for classes derived from 'omni.ext.IExt' in 'usdrt.UsdUI' ('/isaac-sim/extscache/usdrt.scenegraph-7.6.1+69cbf6ad.lx64.r.cp311')
2026-06-20T14:08:44Z [12,562ms] [Info] [omni.ext._impl._internal] Searching for classes derived from 'omni.ext.IExt' in 'usdrt.UsdVol' ('/isaac-sim/extscache/usdrt.scenegraph-7.6.1+69cbf6ad.lx64.r.cp311')
2026-06-20T14:08:44Z [12,565ms] [Info] [omni.ext._impl._internal] Searching for classes derived from 'omni.ext.IExt' in 'usdrt.xformcache' ('/isaac-sim/extscache/usdrt.scenegraph-7.6.1+69cbf6ad.lx64.r.cp311')
2026-06-20T14:08:44Z [12,568ms] [Info] [omni.ext._impl._internal] Searching for classes derived from 'omni.ext.IExt' in 'usdrt.internal' ('/isaac-sim/extscache/usdrt.scenegraph-7.6.1+69cbf6ad.lx64.r.cp311')
2026-06-20T14:08:44Z [12,568ms] [Info] [omni.ext.plugin] [ext: usdrt.scenegraph-7.6.1] started, startup time: 99 (ms)
2026-06-20T14:08:44Z [12,568ms] [Info] [omni.ext.plugin] About to startup: [ext: omni.timeline-1.0.14] (order: 0) Triggered by: omni.graph.action_nodes-1.50.4, omni.graph.ui_nodes-1.50.5, omni.isaac.dynamic_control-2.0.7, omni.kit.viewport.window-107.2.0, omni.replicator.core-1.12.27, omni.usd-1.13.10, omni.warp-1.8.2 (path: /isaac-sim/extscache/omni.timeline-1.0.14+69cbf6ad.lx64.r.cp311)
2026-06-20T14:08:44Z [12,568ms] [Info] [omni.kit.app.plugin] [12.588s] [ext: omni.timeline-1.0.14] startup
2026-06-20T14:08:44Z [12,569ms] [Info] [carb] Registered plugin: omni.timeline.plugin (interfaces: [omni::ext::IExt v0.1],[omni::timeline::ITimeline v1.0]) (impl: omni.timeline.plugin)
2026-06-20T14:08:44Z [12,569ms] [Info] [carb] Initializing plugin: omni.timeline.plugin (interfaces: [omni::ext::IExt v0.1],[omni::timeline::ITimeline v1.0]) (impl: omni.timeline.plugin)
2026-06-20T14:08:44Z [12,569ms] [Info] [omni.ext.plugin] [ext: omni.timeline-1.0.14] Starting ext::IExt in '/isaac-sim/extscache/omni.timeline-1.0.14+69cbf6ad.lx64.r.cp311/bin/libomni.timeline.plugin.so'
2026-06-20T14:08:44Z [12,577ms] [Info] [omni.ext._impl._internal] Searching for classes derived from 'omni.ext.IExt' in 'omni.timeline' ('/isaac-sim/extscache/omni.timeline-1.0.14+69cbf6ad.lx64.r.cp311')
2026-06-20T14:08:44Z [12,577ms] [Info] [omni.ext.plugin] [ext: omni.timeline-1.0.14] started, startup time: 9 (ms)
2026-06-20T14:08:44Z [12,577ms] [Info] [omni.ext.plugin] About to startup: [ext: omni.resourcemonitor-107.0.1] (order: 0) Triggered by: omni.hydra.usdrt_delegate-7.5.1 (path: /isaac-sim/extscache/omni.resourcemonitor-107.0.1+69cbf6ad.lx64.r.cp311)
2026-06-20T14:08:44Z [12,577ms] [Info] [omni.kit.app.plugin] [12.598s] [ext: omni.resourcemonitor-107.0.1] startup
2026-06-20T14:08:44Z [12,578ms] [Info] [carb] Registered plugin: omni.resourcemonitor.plugin (interfaces: [omni::resourcemonitor::IResourceMonitor v1.0]) (impl: omni.resourcemonitor.plugin)
2026-06-20T14:08:44Z [12,590ms] [Info] [omni.ext._impl._internal] Searching for classes derived from 'omni.ext.IExt' in 'omni.resourcemonitor' ('/isaac-sim/extscache/omni.resourcemonitor-107.0.1+69cbf6ad.lx64.r.cp311')
2026-06-20T14:08:44Z [12,590ms] [Info] [omni.ext._impl._internal] Found class `PublicExtension` derived from `omni.ext.IExt` in module: 'omni.resourcemonitor' in '/isaac-sim/extscache/omni.resourcemonitor-107.0.1+69cbf6ad.lx64.r.cp311'. Calling `on_startup`.
2026-06-20T14:08:44Z [12,590ms] [Info] [carb] Initializing plugin: omni.resourcemonitor.plugin (interfaces: [omni::resourcemonitor::IResourceMonitor v1.0]) (impl: omni.resourcemonitor.plugin)
2026-06-20T14:08:44Z [12,593ms] [Info] [omni.ext._impl._internal] Searching for classes derived from 'omni.ext.IExt' in 'omni.resourcemonitor.tests' ('/isaac-sim/extscache/omni.resourcemonitor-107.0.1+69cbf6ad.lx64.r.cp311')
2026-06-20T14:08:44Z [12,593ms] [Info] [omni.ext.plugin] [ext: omni.resourcemonitor-107.0.1] started, startup time: 15 (ms)
2026-06-20T14:08:44Z [12,593ms] [Info] [omni.ext.plugin] About to startup: [ext: omni.activity.core-1.0.3] (order: 0) Triggered by: omni.hydra.usdrt_delegate-7.5.1, omni.kit.widget.stage-3.1.4,  (path: /isaac-sim/extscache/omni.activity.core-1.0.3+69cbf6ad.lx64.r.cp311)
2026-06-20T14:08:44Z [12,593ms] [Info] [omni.kit.app.plugin] [12.613s] [ext: omni.activity.core-1.0.3] startup
2026-06-20T14:08:44Z [12,604ms] [Info] [omni.ext._impl._internal] Searching for classes derived from 'omni.ext.IExt' in 'omni.activity.core' ('/isaac-sim/extscache/omni.activity.core-1.0.3+69cbf6ad.lx64.r.cp311')
2026-06-20T14:08:44Z [12,604ms] [Info] [omni.ext.plugin] [ext: omni.activity.core-1.0.3] started, startup time: 11 (ms)
2026-06-20T14:08:44Z [12,604ms] [Info] [omni.ext.plugin] About to startup: [ext: omni.kit.widget.nucleus_connector-2.0.1] (order: 0) Triggered by: omni.kit.window.filepicker-2.13.4,  (path: /isaac-sim/extscache/omni.kit.widget.nucleus_connector-2.0.1+69cbf6ad)
2026-06-20T14:08:44Z [12,604ms] [Info] [omni.kit.app.plugin] [12.624s] [ext: omni.kit.widget.nucleus_connector-2.0.1] startup
2026-06-20T14:08:44Z [12,626ms] [Info] [omni.ext._impl._internal] Searching for classes derived from 'omni.ext.IExt' in 'omni.kit.widget.nucleus_connector' ('/isaac-sim/extscache/omni.kit.widget.nucleus_connector-2.0.1+69cbf6ad')
2026-06-20T14:08:44Z [12,626ms] [Info] [omni.ext._impl._internal] Found class `NucleusConnectorExtension` derived from `omni.ext.IExt` in module: 'omni.kit.widget.nucleus_connector' in '/isaac-sim/extscache/omni.kit.widget.nucleus_connector-2.0.1+69cbf6ad'. Calling `on_startup`.
2026-06-20T14:08:44Z [12,626ms] [Info] [omni.ext.plugin] [ext: omni.kit.widget.nucleus_connector-2.0.1] started, startup time: 21 (ms)
2026-06-20T14:08:44Z [12,626ms] [Info] [omni.ext.plugin] About to startup: [ext: omni.hydra.usdrt_delegate-7.5.1] (order: 0) Triggered by: isaacsim.core.api-4.8.0, omni.replicator.core-1.12.27,  (path: /isaac-sim/extscache/omni.hydra.usdrt_delegate-7.5.1+69cbf6ad.lx64.r.cp311)
2026-06-20T14:08:44Z [12,626ms] [Info] [omni.kit.app.plugin] [12.646s] [ext: omni.hydra.usdrt_delegate-7.5.1] startup
2026-06-20T14:08:44Z [12,632ms] [Info] [carb] Registered plugin: omni.hydra.usdrt_delegate.plugin (interfaces: [omni::hydra::usdrt::ISceneDelegateFactory v0.1]) (impl: omni.hydra.usdrt_delegate.plugin)
2026-06-20T14:08:44Z [12,640ms] [Info] [omni.ext._impl._internal] Searching for classes derived from 'omni.ext.IExt' in 'usdrt.population' ('/isaac-sim/extscache/omni.hydra.usdrt_delegate-7.5.1+69cbf6ad.lx64.r.cp311')
2026-06-20T14:08:44Z [12,644ms] [Info] [omni.ext._impl._internal] Searching for classes derived from 'omni.ext.IExt' in 'usdrt.hierarchy' ('/isaac-sim/extscache/omni.hydra.usdrt_delegate-7.5.1+69cbf6ad.lx64.r.cp311')
2026-06-20T14:08:44Z [12,644ms] [Info] [omni.ext.plugin] [ext: omni.hydra.usdrt_delegate-7.5.1] started, startup time: 17 (ms)
2026-06-20T14:08:44Z [12,644ms] [Info] [omni.ext.plugin] About to startup: [ext: omni.hydra.scene_delegate-0.3.4] (order: 0) Triggered by: omni.graph.nodes-1.170.10, omni.hydra.rtx-1.0.0,  (path: /isaac-sim/extscache/omni.hydra.scene_delegate-0.3.4+69cbf6ad.lx64.r)
2026-06-20T14:08:44Z [12,644ms] [Info] [omni.kit.app.plugin] [12.664s] [ext: omni.hydra.scene_delegate-0.3.4] startup
2026-06-20T14:08:45Z [12,646ms] [Info] [carb] Registered plugin: omni.hydra.scene_delegate.plugin (interfaces: [omni::hydra::IDebug v0.1],[omni::hydra::IOmniHydra v2.0],[omni::hydra::ISceneDelegateFactory v0.1]) (impl: omni.hydra.scene_delegate.plugin)
2026-06-20T14:08:45Z [12,648ms] [Info] [carb] Registered plugin: omni.fabric.endframe.plugin (interfaces: [omni::ext::IExt v0.1]) (impl: omni.fabric.endframe.plugin)
2026-06-20T14:08:45Z [12,648ms] [Info] [carb] Initializing plugin: omni.fabric.endframe.plugin (interfaces: [omni::ext::IExt v0.1]) (impl: omni.fabric.endframe.plugin)
2026-06-20T14:08:45Z [12,648ms] [Info] [omni.ext.plugin] [ext: omni.hydra.scene_delegate-0.3.4] Starting ext::IExt in '/isaac-sim/extscache/omni.hydra.scene_delegate-0.3.4+69cbf6ad.lx64.r/bin/libomni.fabric.endframe.plugin.so'
2026-06-20T14:08:45Z [12,648ms] [Info] [omni.ext.plugin] [ext: omni.hydra.scene_delegate-0.3.4] started, startup time: 4 (ms)
2026-06-20T14:08:45Z [12,648ms] [Info] [omni.ext.plugin] About to startup: [ext: omni.kit.actions.core-1.0.0] (order: 0) Triggered by: omni.kit.commands-1.4.10, omni.kit.hotkeys.core-1.3.10, omni.kit.material.library-2.0.7, omni.kit.menu.utils-2.0.5, omni.kit.primitive.mesh-1.0.17, omni.kit.stage_templates-2.0.0, omni.kit.viewport.window-107.2.0, omni.kit.widget.stage-3.1.4, omni.kit.window.preferences-1.8.0, omni.warp-1.8.2 (path: /isaac-sim/extscache/omni.kit.actions.core-1.0.0+69cbf6ad.lx64.r.cp311)
2026-06-20T14:08:45Z [12,648ms] [Info] [omni.kit.app.plugin] [12.669s] [ext: omni.kit.actions.core-1.0.0] startup
2026-06-20T14:08:45Z [12,649ms] [Info] [carb] Registered plugin: omni.kit.actions.core.plugin (interfaces: [omni::ext::IExt v0.1],[omni::kit::actions::core::IActionRegistry v1.0]) (impl: omni.kit.actions.core.plugin)
2026-06-20T14:08:45Z [12,649ms] [Info] [carb] Registered plugin: omni.kit.actions.core_tests.plugin (interfaces: [omni::kit::actions::core_tests::IActionTests v1.0]) (impl: omni.kit.actions.core_tests.plugin)
2026-06-20T14:08:45Z [12,649ms] [Info] [carb] Initializing plugin: omni.kit.actions.core.plugin (interfaces: [omni::ext::IExt v0.1],[omni::kit::actions::core::IActionRegistry v1.0]) (impl: omni.kit.actions.core.plugin)
2026-06-20T14:08:45Z [12,649ms] [Info] [omni.ext.plugin] [ext: omni.kit.actions.core-1.0.0] Starting ext::IExt in '/isaac-sim/extscache/omni.kit.actions.core-1.0.0+69cbf6ad.lx64.r.cp311/bin/libomni.kit.actions.core.plugin.so'
2026-06-20T14:08:45Z [12,663ms] [Info] [omni.ext._impl._internal] Searching for classes derived from 'omni.ext.IExt' in 'omni.kit.actions.core' ('/isaac-sim/extscache/omni.kit.actions.core-1.0.0+69cbf6ad.lx64.r.cp311')
2026-06-20T14:08:45Z [12,663ms] [Info] [omni.ext._impl._internal] Found class `ActionsExtension` derived from `omni.ext.IExt` in module: 'omni.kit.actions.core' in '/isaac-sim/extscache/omni.kit.actions.core-1.0.0+69cbf6ad.lx64.r.cp311'. Calling `on_startup`.
2026-06-20T14:08:45Z [12,664ms] [Info] [omni.ext.plugin] [ext: omni.kit.actions.core-1.0.0] started, startup time: 16 (ms)
2026-06-20T14:08:45Z [12,664ms] [Info] [omni.ext.plugin] About to startup: [ext: omni.graph.exec-0.9.6] (order: 0) Triggered by: omni.graph.image.core-0.6.1, omni.kit.exec.core-0.13.4 (path: /isaac-sim/extscache/omni.graph.exec-0.9.6+69cbf6ad.lx64.r)
2026-06-20T14:08:45Z [12,664ms] [Info] [omni.kit.app.plugin] [12.685s] [ext: omni.graph.exec-0.9.6] startup
2026-06-20T14:08:45Z [12,665ms] [Info] [omni.graph.exec.unstable.passRegistry] IPassRegistry::registerPass: registered PassStronglyConnectedComponents as pass id 1
2026-06-20T14:08:45Z [12,665ms] [Info] [omni.ext.plugin] [ext: omni.graph.exec-0.9.6] started, startup time: 0 (ms)
2026-06-20T14:08:45Z [12,665ms] [Info] [omni.ext.plugin] About to startup: [ext: carb.audio-0.1.0] (order: 0) Triggered by: omni.graph.nodes-1.170.10, omni.kit.audiodeviceenum-1.0.2, omni.usd-1.13.10 (path: /isaac-sim/extscache/carb.audio-0.1.0+69cbf6ad.lx64.r.cp311)
2026-06-20T14:08:45Z [12,665ms] [Info] [omni.kit.app.plugin] [12.685s] [ext: carb.audio-0.1.0] startup
2026-06-20T14:08:45Z [12,671ms] [Info] [carb] Registered plugin: carb.audio-forge.plugin (interfaces: [carb::audio::IAudioCapture v1.0],[carb::audio::IAudioData v1.0],[carb::audio::IAudioDevice v1.1],[carb::audio::IAudioGroup v1.0],[carb::audio::IAudioPlayback v1.1],[carb::audio::IAudioUtils v1.0],[omni::audio::IAudioCapture v0.0]) (impl: carb.audio-forge.plugin)
2026-06-20T14:08:45Z [12,671ms] [Info] [omni.ext.plugin] [ext: carb.audio-0.1.0] started, startup time: 6 (ms)
2026-06-20T14:08:45Z [12,671ms] [Info] [omni.ext.plugin] About to startup: [ext: omni.kit.commands-1.4.10] (order: 0) Triggered by: omni.graph-1.141.2, omni.graph.action_nodes-1.50.4, omni.graph.nodes-1.170.10, omni.graph.ui_nodes-1.50.5, omni.isaac.dynamic_control-2.0.7, omni.kit.graph.usd.commands-1.3.1, omni.kit.material.library-2.0.7, omni.kit.primitive.mesh-1.0.17, omni.kit.stage_templates-2.0.0, omni.kit.usd.layers-2.2.11, omni.kit.widget.graph-2.0.0, omni.kit.widget.settings-1.2.6, omni.kit.window.material_graph-1.9.1, omni.syntheticdata-0.6.13, omni.usd-1.13.10 (path: /isaac-sim/extscache/omni.kit.commands-1.4.10+69cbf6ad.lx64.r.cp311)
2026-06-20T14:08:45Z [12,671ms] [Info] [omni.kit.app.plugin] [12.692s] [ext: omni.kit.commands-1.4.10] startup
2026-06-20T14:08:45Z [12,671ms] [Info] [carb] Registered plugin: omni.kit.commands.plugin (interfaces: [omni::kit::commands::ICommandBridge v1.0]) (impl: omni.kit.commands.plugin)
2026-06-20T14:08:45Z [12,672ms] [Info] [carb] Registered plugin: omni.kit.command_tests.plugin (interfaces: [omni::kit::command_tests::ICommandTests v1.0]) (impl: omni.kit.command_tests.plugin)
2026-06-20T14:08:45Z [12,694ms] [Info] [omni.ext._impl._internal] Searching for classes derived from 'omni.ext.IExt' in 'omni.kit.undo' ('/isaac-sim/extscache/omni.kit.commands-1.4.10+69cbf6ad.lx64.r.cp311')
2026-06-20T14:08:45Z [12,694ms] [Info] [omni.ext._impl._internal] Searching for classes derived from 'omni.ext.IExt' in 'omni.kit.commands' ('/isaac-sim/extscache/omni.kit.commands-1.4.10+69cbf6ad.lx64.r.cp311')
2026-06-20T14:08:45Z [12,694ms] [Info] [omni.ext._impl._internal] Found class `CommandExt` derived from `omni.ext.IExt` in module: 'omni.kit.commands' in '/isaac-sim/extscache/omni.kit.commands-1.4.10+69cbf6ad.lx64.r.cp311'. Calling `on_startup`.
2026-06-20T14:08:45Z [12,694ms] [Info] [carb] Initializing plugin: omni.kit.commands.plugin (interfaces: [omni::kit::commands::ICommandBridge v1.0]) (impl: omni.kit.commands.plugin)
2026-06-20T14:08:45Z [12,698ms] [Info] [omni.ext._impl._internal] Searching for classes derived from 'omni.ext.IExt' in 'omni.kit.commands.builtin' ('/isaac-sim/extscache/omni.kit.commands-1.4.10+69cbf6ad.lx64.r.cp311')
2026-06-20T14:08:45Z [12,698ms] [Info] [omni.ext.plugin] [ext: omni.kit.commands-1.4.10] started, startup time: 26 (ms)
2026-06-20T14:08:45Z [12,698ms] [Info] [omni.ext.plugin] About to startup: [ext: omni.kit.usd_undo-0.1.8] (order: 0) Triggered by: omni.graph-1.141.2, omni.usd-1.13.10 (path: /isaac-sim/extscache/omni.kit.usd_undo-0.1.8+69cbf6ad)
2026-06-20T14:08:45Z [12,698ms] [Info] [omni.kit.app.plugin] [12.719s] [ext: omni.kit.usd_undo-0.1.8] startup
2026-06-20T14:08:45Z [12,709ms] [Info] [omni.ext._impl._internal] Searching for classes derived from 'omni.ext.IExt' in 'omni.kit.usd_undo' ('/isaac-sim/extscache/omni.kit.usd_undo-0.1.8+69cbf6ad')
2026-06-20T14:08:45Z [12,709ms] [Info] [omni.ext.plugin] [ext: omni.kit.usd_undo-0.1.8] started, startup time: 10 (ms)
2026-06-20T14:08:45Z [12,709ms] [Info] [omni.ext.plugin] About to startup: [ext: omni.kit.exec.core-0.13.4] (order: 0) Triggered by: omni.graph.core-2.184.5, omni.graph.image.core-0.6.1, omni.usd-1.13.10 (path: /isaac-sim/extscache/omni.kit.exec.core-0.13.4+69cbf6ad.lx64.r.cp311)
2026-06-20T14:08:45Z [12,709ms] [Info] [omni.kit.app.plugin] [12.729s] [ext: omni.kit.exec.core-0.13.4] startup
2026-06-20T14:08:45Z [12,728ms] [Info] [omni.ext._impl._internal] Searching for classes derived from 'omni.ext.IExt' in 'omni.kit.exec.core.unstable' ('/isaac-sim/extscache/omni.kit.exec.core-0.13.4+69cbf6ad.lx64.r.cp311')
2026-06-20T14:08:45Z [12,728ms] [Info] [omni.ext._impl._internal] Found class `_PublicExtension` derived from `omni.ext.IExt` in module: 'omni.kit.exec.core.unstable' in '/isaac-sim/extscache/omni.kit.exec.core-0.13.4+69cbf6ad.lx64.r.cp311'. Calling `on_startup`.
2026-06-20T14:08:45Z [12,728ms] [Info] [omni.ext.plugin] [ext: omni.kit.exec.core-0.13.4] started, startup time: 18 (ms)
2026-06-20T14:08:45Z [12,728ms] [Info] [omni.ext.plugin] About to startup: [ext: omni.kit.audiodeviceenum-1.0.2] (order: 0) Triggered by: omni.usd-1.13.10 (path: /isaac-sim/extscache/omni.kit.audiodeviceenum-1.0.2+69cbf6ad.lx64.r.cp311)
2026-06-20T14:08:45Z [12,728ms] [Info] [omni.kit.app.plugin] [12.748s] [ext: omni.kit.audiodeviceenum-1.0.2] startup
2026-06-20T14:08:45Z [12,728ms] [Info] [carb] Registered plugin: omni.audiodeviceenum.plugin (interfaces: [omni::audio::IAudioDeviceEnum v0.1]) (impl: omni.audiodeviceenum.plugin)
2026-06-20T14:08:45Z [12,739ms] [Info] [omni.ext._impl._internal] Searching for classes derived from 'omni.ext.IExt' in 'omni.kit.audiodeviceenum' ('/isaac-sim/extscache/omni.kit.audiodeviceenum-1.0.2+69cbf6ad.lx64.r.cp311')
2026-06-20T14:08:45Z [12,739ms] [Info] [omni.ext._impl._internal] Found class `_AudioExtension` derived from `omni.ext.IExt` in module: 'omni.kit.audiodeviceenum' in '/isaac-sim/extscache/omni.kit.audiodeviceenum-1.0.2+69cbf6ad.lx64.r.cp311'. Calling `on_startup`.
2026-06-20T14:08:45Z [12,739ms] [Info] [omni.ext.plugin] [ext: omni.kit.audiodeviceenum-1.0.2] started, startup time: 11 (ms)
2026-06-20T14:08:45Z [12,740ms] [Info] [omni.ext.plugin] About to startup: [ext: omni.kit.widget.options_menu-1.1.6] (order: 0) Triggered by: omni.kit.widget.filter-1.1.4, omni.kit.widget.options_button-1.0.3 (path: /isaac-sim/extscache/omni.kit.widget.options_menu-1.1.6+69cbf6ad)
2026-06-20T14:08:45Z [12,740ms] [Info] [omni.kit.app.plugin] [12.760s] [ext: omni.kit.widget.options_menu-1.1.6] startup
2026-06-20T14:08:45Z [12,764ms] [Info] [omni.ext._impl._internal] Searching for classes derived from 'omni.ext.IExt' in 'omni.kit.widget.options_menu' ('/isaac-sim/extscache/omni.kit.widget.options_menu-1.1.6+69cbf6ad')
2026-06-20T14:08:45Z [12,764ms] [Info] [omni.ext.plugin] [ext: omni.kit.widget.options_menu-1.1.6] started, startup time: 24 (ms)
2026-06-20T14:08:45Z [12,764ms] [Info] [omni.ext.plugin] About to startup: [ext: omni.usd-1.13.10] (order: 0) Triggered by: isaacsim.core.cloner-1.4.10, isaacsim.core.deprecation_manager-0.2.7, isaacsim.simulation_app-2.12.2, omni.graph-1.141.2, omni.graph.action_nodes-1.50.4, omni.graph.core-2.184.5, omni.graph.nodes-1.170.10, omni.graph.ui_nodes-1.50.5, omni.hydra.engine.stats-1.0.3, omni.isaac.dynamic_control-2.0.7, omni.kit.context_menu-1.8.6, omni.kit.graph.usd.commands-1.3.1, omni.kit.hydra_texture-1.4.6, omni.kit.material.library-2.0.7, omni.kit.primitive.mesh-1.0.17, omni.kit.stage_template.core-1.1.22, omni.kit.stage_templates-2.0.0, omni.kit.usd.layers-2.2.11, omni.kit.viewport.window-107.2.0, omni.kit.widget.material_preview-1.0.16, omni.kit.widget.stage-3.1.4, omni.kit.window.material_graph-1.9.1, omni.physics.stageupdate-107.3.26, omni.physx.tensors-107.3.26, omni.syntheticdata-0.6.13, omni.usd.metrics.assembler.ui-107.3.1, omni.warp-1.8.2 (path: /isaac-sim/extscache/omni.usd-1.13.10+69cbf6ad.lx64.r.cp311)
2026-06-20T14:08:45Z [12,764ms] [Info] [omni.kit.app.plugin] [12.784s] [ext: omni.usd-1.13.10] startup
2026-06-20T14:08:45Z [12,766ms] [Info] [carb] Registered plugin: omni.usd.cppcommands (interfaces: [omni::ext::IExt v0.1]) (impl: omni.usd.cppcommands)
2026-06-20T14:08:45Z [12,767ms] [Info] [carb] Registered plugin: omni.stageupdate.plugin (interfaces: [omni::kit::IStageUpdate v1.0]) (impl: omni.stageupdate.plugin)
2026-06-20T14:08:45Z [12,767ms] [Info] [carb] Initializing plugin: omni.usd.cppcommands (interfaces: [omni::ext::IExt v0.1]) (impl: omni.usd.cppcommands)
2026-06-20T14:08:45Z [12,767ms] [Info] [omni.ext.plugin] [ext: omni.usd-1.13.10] Starting ext::IExt in '/isaac-sim/extscache/omni.usd-1.13.10+69cbf6ad.lx64.r.cp311/bin/libomni.usd.cppcommands.plugin.so'
2026-06-20T14:08:45Z [12,767ms] [Info] [omni.ext._impl._internal] Searching for classes derived from 'omni.ext.IExt' in 'omni.usd' ('/isaac-sim/extscache/omni.usd-1.13.10+69cbf6ad.lx64.r.cp311')
2026-06-20T14:08:45Z [12,767ms] [Info] [omni.ext._impl._internal] Found class `UsdExtension` derived from `omni.ext.IExt` in module: 'omni.usd' in '/isaac-sim/extscache/omni.usd-1.13.10+69cbf6ad.lx64.r.cp311'. Calling `on_startup`.
2026-06-20T14:08:45Z [12,768ms] [Info] [carb] Initializing plugin: omni.stageupdate.plugin (interfaces: [omni::kit::IStageUpdate v1.0]) (impl: omni.stageupdate.plugin)
2026-06-20T14:08:45Z [12,768ms] [Info] [omni.graph.exec.unstable.passRegistry] IPassRegistry::registerPass: registered PopulatePass as pass id 2
2026-06-20T14:08:45Z [12,787ms] [Info] [omni.ext._impl._internal] Searching for classes derived from 'omni.ext.IExt' in 'omni.usd.audio' ('/isaac-sim/extscache/omni.usd-1.13.10+69cbf6ad.lx64.r.cp311')
2026-06-20T14:08:45Z [12,829ms] [Info] [omni.ext._impl._internal] Searching for classes derived from 'omni.ext.IExt' in 'omni.usd.commands' ('/isaac-sim/extscache/omni.usd-1.13.10+69cbf6ad.lx64.r.cp311')
2026-06-20T14:08:45Z [12,832ms] [Info] [omni.ext._impl._internal] Searching for classes derived from 'omni.ext.IExt' in 'omni.usd.editor' ('/isaac-sim/extscache/omni.usd-1.13.10+69cbf6ad.lx64.r.cp311')
2026-06-20T14:08:45Z [12,836ms] [Info] [omni.ext._impl._internal] Searching for classes derived from 'omni.ext.IExt' in 'omni.stageupdate' ('/isaac-sim/extscache/omni.usd-1.13.10+69cbf6ad.lx64.r.cp311')
2026-06-20T14:08:45Z [12,844ms] [Info] [omni.ext._impl._internal] Searching for classes derived from 'omni.ext.IExt' in 'usd.schema.kit' ('/isaac-sim/extscache/omni.usd-1.13.10+69cbf6ad.lx64.r.cp311')
2026-06-20T14:08:45Z [12,844ms] [Info] [omni.ext.plugin] [ext: omni.usd-1.13.10] started, startup time: 79 (ms)
2026-06-20T14:08:45Z [12,844ms] [Info] [omni.ext.plugin] About to startup: [ext: omni.kit.widget.options_button-1.0.3] (order: 0) Triggered by: omni.kit.widget.stage-3.1.4, omni.kit.window.filepicker-2.13.4 (path: /isaac-sim/extscache/omni.kit.widget.options_button-1.0.3+69cbf6ad)
2026-06-20T14:08:45Z [12,844ms] [Info] [omni.kit.app.plugin] [12.864s] [ext: omni.kit.widget.options_button-1.0.3] startup
2026-06-20T14:08:45Z [12,857ms] [Info] [omni.ext._impl._internal] Searching for classes derived from 'omni.ext.IExt' in 'omni.kit.widget.options_button' ('/isaac-sim/extscache/omni.kit.widget.options_button-1.0.3+69cbf6ad')
2026-06-20T14:08:45Z [12,857ms] [Info] [omni.ext.plugin] [ext: omni.kit.widget.options_button-1.0.3] started, startup time: 13 (ms)
2026-06-20T14:08:45Z [12,857ms] [Info] [omni.ext.plugin] About to startup: [ext: omni.ui.scene-1.11.5] (order: 0) Triggered by: omni.graph.ui_nodes-1.50.5, omni.kit.viewport.window-107.2.0, omni.kit.window.filepicker-2.13.4 (path: /isaac-sim/extscache/omni.ui.scene-1.11.5+69cbf6ad.lx64.r.cp311)
2026-06-20T14:08:45Z [12,857ms] [Info] [omni.kit.app.plugin] [12.878s] [ext: omni.ui.scene-1.11.5] startup
2026-06-20T14:08:45Z [12,859ms] [Info] [omni.ext.plugin] Loaded the dynamic library from /isaac-sim/extscache/omni.ui.scene-1.11.5+69cbf6ad.lx64.r.cp311/bin/libomni.ui.scene.so
2026-06-20T14:08:45Z [12,869ms] [Info] [omni.ext._impl._internal] Searching for classes derived from 'omni.ext.IExt' in 'omni.ui.scene' ('/isaac-sim/extscache/omni.ui.scene-1.11.5+69cbf6ad.lx64.r.cp311')
2026-06-20T14:08:45Z [12,869ms] [Info] [omni.ext._impl._internal] Searching for classes derived from 'omni.ext.IExt' in 'omni.ui_scene' ('/isaac-sim/extscache/omni.ui.scene-1.11.5+69cbf6ad.lx64.r.cp311')
2026-06-20T14:08:45Z [12,870ms] [Info] [omni.ext.plugin] [ext: omni.ui.scene-1.11.5] started, startup time: 12 (ms)
2026-06-20T14:08:45Z [12,870ms] [Info] [omni.ext.plugin] About to startup: [ext: omni.kit.helper.file_utils-0.1.9] (order: 0) Triggered by: omni.kit.widget.filebrowser-2.12.3, omni.kit.widget.stage-3.1.4, omni.kit.window.filepicker-2.13.4 (path: /isaac-sim/extscache/omni.kit.helper.file_utils-0.1.9+69cbf6ad)
2026-06-20T14:08:45Z [12,870ms] [Info] [omni.kit.app.plugin] [12.890s] [ext: omni.kit.helper.file_utils-0.1.9] startup
2026-06-20T14:08:45Z [12,886ms] [Info] [omni.ext._impl._internal] Searching for classes derived from 'omni.ext.IExt' in 'omni.kit.helper.file_utils' ('/isaac-sim/extscache/omni.kit.helper.file_utils-0.1.9+69cbf6ad')
2026-06-20T14:08:45Z [12,886ms] [Info] [omni.ext._impl._internal] Found class `FileEventHistoryExtension` derived from `omni.ext.IExt` in module: 'omni.kit.helper.file_utils' in '/isaac-sim/extscache/omni.kit.helper.file_utils-0.1.9+69cbf6ad'. Calling `on_startup`.
2026-06-20T14:08:45Z [12,887ms] [Info] [omni.ext.plugin] [ext: omni.kit.helper.file_utils-0.1.9] started, startup time: 17 (ms)
2026-06-20T14:08:45Z [12,887ms] [Info] [omni.ext.plugin] About to startup: [ext: omni.index.libs-380600.8087.0] (order: 0) Triggered by: omni.index-1.0.1 (path: /isaac-sim/extscache/omni.index.libs-380600.8087.0+69cbf6ad.lx64.r)
2026-06-20T14:08:45Z [12,887ms] [Info] [omni.kit.app.plugin] [12.907s] [ext: omni.index.libs-380600.8087.0] startup
2026-06-20T14:08:45Z [12,887ms] [Info] [omni.ext.plugin] [ext: omni.index.libs-380600.8087.0] started, startup time: 0 (ms)
2026-06-20T14:08:45Z [12,887ms] [Info] [omni.ext.plugin] About to startup: [ext: omni.kit.widget.filebrowser-2.12.3] (order: 0) Triggered by: omni.kit.window.filepicker-2.13.4, omni.kit.window.material_graph-1.9.1 (path: /isaac-sim/extscache/omni.kit.widget.filebrowser-2.12.3+69cbf6ad)
2026-06-20T14:08:45Z [12,887ms] [Info] [omni.kit.app.plugin] [12.907s] [ext: omni.kit.widget.filebrowser-2.12.3] startup
2026-06-20T14:08:45Z [12,929ms] [Info] [omni.ext._impl._internal] Searching for classes derived from 'omni.ext.IExt' in 'omni.kit.widget.filebrowser' ('/isaac-sim/extscache/omni.kit.widget.filebrowser-2.12.3+69cbf6ad')
2026-06-20T14:08:45Z [12,929ms] [Info] [omni.ext.plugin] [ext: omni.kit.widget.filebrowser-2.12.3] started, startup time: 42 (ms)
2026-06-20T14:08:45Z [12,929ms] [Info] [omni.ext.plugin] About to startup: [ext: omni.index-1.0.1] (order: 0) Triggered by: omni.hydra.rtx-1.0.0 (path: /isaac-sim/extscache/omni.index-1.0.1+69cbf6ad.lx64.r)
2026-06-20T14:08:45Z [12,929ms] [Info] [omni.kit.app.plugin] [12.949s] [ext: omni.index-1.0.1] startup
2026-06-20T14:08:45Z [12,929ms] [Info] [carb] Registered plugin: rtx.indexlib.plugin (interfaces: [rtx::index::IndexInstance v0.1]) (impl: rtx.indexlib.plugin)
2026-06-20T14:08:45Z [12,929ms] [Info] [omni.ext.plugin] [ext: omni.index-1.0.1] started, startup time: 0 (ms)
2026-06-20T14:08:45Z [12,929ms] [Info] [omni.ext.plugin] About to startup: [ext: omni.volume-0.5.2] (order: 0) Triggered by: omni.hydra.rtx-1.0.0 (path: /isaac-sim/extscache/omni.volume-0.5.2+69cbf6ad.lx64.r.cp311)
2026-06-20T14:08:45Z [12,929ms] [Info] [omni.kit.app.plugin] [12.950s] [ext: omni.volume-0.5.2] startup
2026-06-20T14:08:45Z [12,930ms] [Info] [omni.ext.plugin] Loaded the dynamic library from /isaac-sim/extscache/omni.volume-0.5.2+69cbf6ad.lx64.r.cp311/bin/libtbb.so
2026-06-20T14:08:45Z [12,930ms] [Info] [omni.ext.plugin] Loaded the dynamic library from /isaac-sim/extscache/omni.volume-0.5.2+69cbf6ad.lx64.r.cp311/bin/libopenvdb.so
2026-06-20T14:08:45Z [12,931ms] [Info] [carb] Registered plugin: carb.volume.plugin (interfaces: [carb::volume::IVolume v0.1]) (impl: carb.volume.plugin)
2026-06-20T14:08:45Z [12,931ms] [Info] [carb] Registered plugin: omni.volume.plugin (interfaces: [omni::ext::IExt v0.1]) (impl: omni.volume.plugin)
2026-06-20T14:08:45Z [12,931ms] [Info] [carb] Initializing plugin: omni.volume.plugin (interfaces: [omni::ext::IExt v0.1]) (impl: omni.volume.plugin)
2026-06-20T14:08:45Z [12,931ms] [Info] [omni.ext.plugin] [ext: omni.volume-0.5.2] Starting ext::IExt in '/isaac-sim/extscache/omni.volume-0.5.2+69cbf6ad.lx64.r.cp311/bin/libomni.volume.plugin.so'
2026-06-20T14:08:45Z [12,931ms] [Info] [carb] Initializing plugin: carb.volume.plugin (interfaces: [carb::volume::IVolume v0.1]) (impl: carb.volume.plugin)
2026-06-20T14:08:45Z [12,939ms] [Info] [omni.ext._impl._internal] Searching for classes derived from 'omni.ext.IExt' in 'omni.volume' ('/isaac-sim/extscache/omni.volume-0.5.2+69cbf6ad.lx64.r.cp311')
2026-06-20T14:08:45Z [12,939ms] [Info] [omni.ext.plugin] [ext: omni.volume-0.5.2] started, startup time: 9 (ms)
2026-06-20T14:08:45Z [12,939ms] [Info] [omni.ext.plugin] About to startup: [ext: omni.ujitso.client-0.0.0] (order: 0) Triggered by: omni.hydra.rtx-1.0.0 (path: /isaac-sim/extscache/omni.ujitso.client-0.0.0+69cbf6ad.lx64.r)
2026-06-20T14:08:45Z [12,939ms] [Info] [omni.kit.app.plugin] [12.960s] [ext: omni.ujitso.client-0.0.0] startup
2026-06-20T14:08:45Z [12,940ms] [Info] [carb] Registered plugin: omni.ujitso.client.ext.plugin (interfaces: [omni::ext::IExt v0.1]) (impl: omni.ujitso.client.ext.plugin)
2026-06-20T14:08:45Z [12,940ms] [Info] [carb] Initializing plugin: omni.ujitso.client.ext.plugin (interfaces: [omni::ext::IExt v0.1]) (impl: omni.ujitso.client.ext.plugin)
2026-06-20T14:08:45Z [12,940ms] [Info] [omni.ext.plugin] [ext: omni.ujitso.client-0.0.0] Starting ext::IExt in '/isaac-sim/extscache/omni.ujitso.client-0.0.0+69cbf6ad.lx64.r/bin/libomni.ujitso.client.ext.plugin.so'
2026-06-20T14:08:45Z [12,940ms] [Info] [omni.ext.plugin] [ext: omni.ujitso.client-0.0.0] started, startup time: 0 (ms)
2026-06-20T14:08:45Z [12,940ms] [Info] [omni.ext.plugin] About to startup: [ext: omni.hydra.rtx.shadercache.vulkan-1.0.0] (order: 0) Triggered by: omni.hydra.rtx-1.0.0 (path: /isaac-sim/extscache/omni.hydra.rtx.shadercache.vulkan-1.0.0+69cbf6ad.lx64.r)
2026-06-20T14:08:45Z [12,940ms] [Info] [omni.kit.app.plugin] [12.960s] [ext: omni.hydra.rtx.shadercache.vulkan-1.0.0] startup
2026-06-20T14:08:45Z [12,955ms] [Info] [omni.ext._impl._internal] Searching for classes derived from 'omni.ext.IExt' in 'omni.hydra.rtx.shadercache.vulkan' ('/isaac-sim/extscache/omni.hydra.rtx.shadercache.vulkan-1.0.0+69cbf6ad.lx64.r')
2026-06-20T14:08:45Z [12,955ms] [Info] [omni.ext._impl._internal] Found class `ShaderCacheExt` derived from `omni.ext.IExt` in module: 'omni.hydra.rtx.shadercache.vulkan' in '/isaac-sim/extscache/omni.hydra.rtx.shadercache.vulkan-1.0.0+69cbf6ad.lx64.r'. Calling `on_startup`.
2026-06-20T14:08:45Z [12,956ms] [Info] [omni.gpu_foundation_factory.impl.foundation_extension] appShaderCachePathList: /isaac-sim/extscache/omni.gpu_foundation.shadercache.vulkan-1.0.0+69cbf6ad.lx64.r/cache/shadercache, /isaac-sim/extscache/omni.hydra.rtx.shadercache.vulkan-1.0.0+69cbf6ad.lx64.r/cache/shadercache
2026-06-20T14:08:45Z [12,956ms] [Info] [omni.ext.plugin] [ext: omni.hydra.rtx.shadercache.vulkan-1.0.0] started, startup time: 15 (ms)
2026-06-20T14:08:45Z [12,956ms] [Info] [omni.ext.plugin] About to startup: [ext: omni.kit.widget.filter-1.1.4] (order: 0) Triggered by: omni.kit.widget.stage-3.1.4 (path: /isaac-sim/extscache/omni.kit.widget.filter-1.1.4+69cbf6ad)
2026-06-20T14:08:45Z [12,956ms] [Info] [omni.kit.app.plugin] [12.976s] [ext: omni.kit.widget.filter-1.1.4] startup
2026-06-20T14:08:45Z [12,969ms] [Info] [omni.ext._impl._internal] Searching for classes derived from 'omni.ext.IExt' in 'omni.kit.widget.filter' ('/isaac-sim/extscache/omni.kit.widget.filter-1.1.4+69cbf6ad')
2026-06-20T14:08:45Z [12,969ms] [Info] [omni.ext.plugin] [ext: omni.kit.widget.filter-1.1.4] started, startup time: 13 (ms)
2026-06-20T14:08:45Z [12,969ms] [Info] [omni.ext.plugin] About to startup: [ext: omni.hydra.rtx-1.0.0] (order: 0) Triggered by: omni.kit.viewport.rtx-104.0.1, omni.replicator.core-1.12.27 (path: /isaac-sim/extscache/omni.hydra.rtx-1.0.0+69cbf6ad.lx64.r)
2026-06-20T14:08:45Z [12,969ms] [Info] [omni.kit.app.plugin] [12.990s] [ext: omni.hydra.rtx-1.0.0] startup
2026-06-20T14:08:45Z [12,985ms] [Info] [omni.ext.plugin] Loaded the dynamic library from /isaac-sim/extscache/omni.hydra.rtx-1.0.0+69cbf6ad.lx64.r/bin/deps/librtx.hydra.so
2026-06-20T14:08:45Z [12,989ms] [Warning] [omni.log] Source: omni.hydra was already registered.
2026-06-20T14:08:45Z [12,989ms] [Info] [omni.ext.plugin] Loaded the dynamic library from /isaac-sim/extscache/omni.hydra.rtx-1.0.0+69cbf6ad.lx64.r/bin/deps/liblegacy.hydra.so
2026-06-20T14:08:45Z [12,989ms] [Info] [omni.ext.plugin] Loaded the dynamic library from /isaac-sim/extscache/omni.hydra.rtx-1.0.0+69cbf6ad.lx64.r/bin/deps/libnvrtc-builtins.so
2026-06-20T14:08:45Z [12,989ms] [Info] [omni.ext.plugin] Loaded the dynamic library from /isaac-sim/extscache/omni.hydra.rtx-1.0.0+69cbf6ad.lx64.r/bin/deps/libnvflow_rtx.so
2026-06-20T14:08:45Z [12,989ms] [Info] [omni.ext.plugin] Loaded the dynamic library from /isaac-sim/extscache/omni.hydra.rtx-1.0.0+69cbf6ad.lx64.r/bin/deps/libnvflowext_rtx.so
2026-06-20T14:08:45Z [12,990ms] [Info] [carb] Registered plugin: carb.scenerenderer-rtx.plugin (interfaces: [carb::renderer::SceneRenderer v9.4],[carb::renderer::SceneRendererRTX v0.1]) (impl: carb.scenerenderer-rtx.plugin)
2026-06-20T14:08:45Z [12,991ms] [Info] [carb] Registered plugin: rtx.reshade.plugin (interfaces: [rtx::reshade::Reshade v0.3]) (impl: rtx.reshade.plugin)
2026-06-20T14:08:45Z [12,991ms] [Info] [carb] Registered plugin: rtx.rtxsensor.memutil.plugin (interfaces: [rtx::rtxsensor::MemUtil_v10 v1.0]) (impl: rtx.rtxsensor.memutil.plugin)
2026-06-20T14:08:45Z [12,992ms] [Info] [carb] Registered plugin: rtx.rtxsensor.plugin (interfaces: [rtx::rtxsensor::RtxSensor v2.0]) (impl: rtx.rtxsensor.plugin)
2026-06-20T14:08:45Z [12,992ms] [Info] [carb] Registered plugin: rtx.rtxsensormodel_20.example.plugin (interfaces: [rtx::rtxsensor::RtxSensorModel v2.0]) (impl: rtx.rtxsensormodel_20.example.plugin)
2026-06-20T14:08:45Z [12,992ms] [Info] [carb] Registered plugin: rtx.rtxsensor.example.plugin (interfaces: [rtx::rtxsensor::RtxSensorModel v1.0]) (impl: rtx.rtxsensor.example.plugin)
2026-06-20T14:08:45Z [12,992ms] [Info] [carb] Registered plugin: rtx.rtxsensor.example_legacy.plugin (interfaces: [rtx::rtxsensor::RtxSensorModel v0.5]) (impl: rtx.rtxsensor.example_legacy.plugin)
2026-06-20T14:08:45Z [12,993ms] [Info] [carb] Registered plugin: rtx.cameraisp.plugin (interfaces: [rtx::cameraisp::CameraIsp v0.5]) (impl: rtx.cameraisp.plugin)
2026-06-20T14:08:45Z [12,993ms] [Info] [carb] Registered plugin: rtx.multigpumanager.plugin (interfaces: [rtx::multigpumanager::MultiGpuManager v0.9]) (impl: rtx.multigpumanager.plugin)
2026-06-20T14:08:45Z [12,995ms] [Info] [carb] Registered plugin: rtx.scenedb.plugin (interfaces: [rtx::scenedb::FabricSceneDb v0.1],[rtx::scenedb::SceneDb v4.4]) (impl: rtx.scenedb.plugin)
2026-06-20T14:08:45Z [12,995ms] [Info] [carb] Registered plugin: rtx.mdltranslator.plugin (interfaces: [rtx::mdltranslator::MdlTranslator v12.0]) (impl: rtx.mdltranslator.plugin)
2026-06-20T14:08:45Z [12,996ms] [Info] [carb] Registered plugin: rtx.materialdb.plugin (interfaces: [rtx::materialdb::MaterialDb v1.10]) (impl: rtx.materialdb.plugin)
2026-06-20T14:08:45Z [12,997ms] [Info] [carb] Registered plugin: rtx.raytracing.plugin (interfaces: [rtx::raytracing::AmbientOcclusion v1.0],[rtx::raytracing::AovConverter v1.4],[rtx::raytracing::Caustics v1.0],[rtx::raytracing::Compositing v1.0],[rtx::raytracing::CopyDepth v1.0],[rtx::raytracing::DebugView v1.1],[rtx::raytracing::DirectLightingLtc v1.0],[rtx::raytracing::DirectLightingSampled v1.0],[rtx::raytracing::GBuffer v4.0],[rtx::raytracing::GlobalVolumetricEffects v0.6],[rtx::raytracing::Hair v1.0],[rtx::raytracing::IndirectDiffuse v2.0],[rtx::raytracing::MaterialBaking v0.2],[rtx::raytracing::PathTracing v1.4],[rtx::raytracing::Picking v1.1],[rtx::raytracing::RTXRaycastQueryManager v0.1],[rtx::raytracing::RaycastQueryManager v1.0],[rtx::raytracing::Reflections v2.0],[rtx::raytracing::SamplerFeedback v2.0],[rtx::raytracing::Selection v0.1],[rtx::raytracing::Shadows v2.0],[rtx::raytracing::SpatialHashGrid v0.2],[rtx::raytracing::Subsurface v1.0],[rtx::raytracing::SyntheticAttributeData v0.1],[rtx::raytracing::SyntheticImageData v1.0],[rtx::raytracing::Translucency v5.2]) (impl: rtx.raytracing.plugin)
2026-06-20T14:08:45Z [12,997ms] [Info] [carb] Registered plugin: rtx.denoising.plugin (interfaces: [denoising::RtDenoising v1.0],[rtx::denoising::Caustics v0.1],[rtx::denoising::DirectLighting v0.1],[rtx::denoising::GIReprojection v0.1],[rtx::denoising::IndirectDiffuse v0.1]) (impl: rtx.denoising.plugin)
2026-06-20T14:08:45Z [12,998ms] [Info] [carb] Registered plugin: rtx.optixdenoising.plugin (interfaces: [rtx::optixdenoising::OptixDenoising75 v0.2]) (impl: rtx.optixdenoising.plugin)
2026-06-20T14:08:45Z [12,998ms] [Info] [carb] Registered plugin: rtx.optixdenoising73.plugin (interfaces: [rtx::optixdenoising::OptixDenoising73 v0.2]) (impl: rtx.optixdenoising73.plugin)
2026-06-20T14:08:45Z [12,999ms] [Info] [carb] Registered plugin: rtx.postprocessing.plugin (interfaces: [rtx::postprocessing::AlphaZeroMask v3.0],[rtx::postprocessing::ChromaticAberration v1.0],[rtx::postprocessing::DLSS v2.2],[rtx::postprocessing::DepthSensor v1.0],[rtx::postprocessing::Downsample v0.1],[rtx::postprocessing::Downsample2x v0.1],[rtx::postprocessing::Fullscreen v0.1],[rtx::postprocessing::Fxaa v1.0],[rtx::postprocessing::Histogram v1.0],[rtx::postprocessing::LensFlare v1.0],[rtx::postprocessing::MotionBlur v2.0],[rtx::postprocessing::NuRecVolumeCompositing v1.0],[rtx::postprocessing::Outline v0.2],[rtx::postprocessing::Postprocessing v5.0],[rtx::postprocessing::RegisterCompositing v0.0],[rtx::postprocessing::RegisteredCompositing v4.0],[rtx::postprocessing::TemporalAA v2.0],[rtx::postprocessing::TileCompositing v0.1],[rtx::postprocessing::Tonemapping v1.1],[rtx::postprocessing::TvNoise v1.0],[rtx::postprocessing::ViewCombiner v0.1]) (impl: rtx.postprocessing.plugin)
2026-06-20T14:08:45Z [13,000ms] [Info] [carb] Registered plugin: rtx.syntheticdata.plugin (interfaces: [rtx::syntheticdataannotation::SyntheticDataAnnotation v0.2]) (impl: rtx.syntheticdata.plugin)
2026-06-20T14:08:45Z [13,001ms] [Info] [carb] Registered plugin: rtx.rasterizing.plugin (interfaces: [rtx::rasterizing::Primitive v0.1],[rtx::rasterizing::Selection v0.1]) (impl: rtx.rasterizing.plugin)
2026-06-20T14:08:45Z [13,002ms] [Info] [carb] Registered plugin: carb.ocio.plugin (interfaces: [carb::ocio::OpenColorIo v0.1]) (impl: carb.ocio.plugin)
2026-06-20T14:08:45Z [13,002ms] [Info] [carb] Registered plugin: rtx.flow.plugin (interfaces: [rtx::flow::FlowRayMarch v0.1],[rtx::flow::FlowRayMarchIsosurface v0.1],[rtx::flow::FlowSelfShadow v0.1],[rtx::raytracing::Flow v0.3]) (impl: rtx.flow.plugin)
2026-06-20T14:08:45Z [13,005ms] [Info] [carb] Registered plugin: omni.hydra.rtx (interfaces: [omni::ext::IExt v0.1]) (impl: omni.hydra.rtx)
2026-06-20T14:08:45Z [13,006ms] [Info] [carb] Registered plugin: carb.omnimesh.plugin (interfaces: [carb::omnimesh::IDecimate v0.1]) (impl: carb.omnimesh.plugin)
2026-06-20T14:08:45Z [13,008ms] [Info] [carb] Registered plugin: carb.ujitso.processor.geometry.plugin (interfaces: [carb::ujitso::processor::IGeometryProcessorLoader v0.1]) (impl: carb.ujitso.processor.geometry.plugin)
2026-06-20T14:08:45Z [13,008ms] [Info] [carb] Initializing plugin: omni.hydra.rtx (interfaces: [omni::ext::IExt v0.1]) (impl: omni.hydra.rtx)
2026-06-20T14:08:45Z [13,009ms] [Info] [omni.ext.plugin] [ext: omni.hydra.rtx-1.0.0] Starting ext::IExt in '/isaac-sim/extscache/omni.hydra.rtx-1.0.0+69cbf6ad.lx64.r/bin/libomni.hydra.rtx.plugin.so'
2026-06-20T14:08:45Z [13,009ms] [Info] [omni.usd] UsdManager::registerHydraEngineFactory - name: 'rtx'
2026-06-20T14:08:45Z [13,009ms] [Info] [omni.usd] UsdManager::registerHydraEngineFactory - added with name: 'rtx'
2026-06-20T14:08:45Z [13,009ms] [Info] [carb] Initializing plugin: carb.ujitso.processor.geometry.plugin (interfaces: [carb::ujitso::processor::IGeometryProcessorLoader v0.1]) (impl: carb.ujitso.processor.geometry.plugin)
2026-06-20T14:08:45Z [13,009ms] [Info] [carb.ujitso.processor.geometry.plugin] skipping initialization as '/UJITSO/geometry'=false
2026-06-20T14:08:45Z [13,009ms] [Info] [omni.ext.plugin] [ext: omni.hydra.rtx-1.0.0] started, startup time: 39 (ms)
2026-06-20T14:08:45Z [13,009ms] [Info] [omni.ext.plugin] About to startup: [ext: omni.kit.hotkeys.core-1.3.10] (order: 0) Triggered by: omni.kit.widget.stage-3.1.4,  (path: /isaac-sim/extscache/omni.kit.hotkeys.core-1.3.10+69cbf6ad)
2026-06-20T14:08:45Z [13,009ms] [Info] [omni.kit.app.plugin] [13.029s] [ext: omni.kit.hotkeys.core-1.3.10] startup
2026-06-20T14:08:45Z [13,035ms] [Info] [omni.ext._impl._internal] Searching for classes derived from 'omni.ext.IExt' in 'omni.kit.hotkeys.core' ('/isaac-sim/extscache/omni.kit.hotkeys.core-1.3.10+69cbf6ad')
2026-06-20T14:08:45Z [13,035ms] [Info] [omni.ext._impl._internal] Found class `HotkeysExtension` derived from `omni.ext.IExt` in module: 'omni.kit.hotkeys.core' in '/isaac-sim/extscache/omni.kit.hotkeys.core-1.3.10+69cbf6ad'. Calling `on_startup`.
2026-06-20T14:08:45Z [13,035ms] [Info] [omni.kit.hotkeys.core.storage] [Hotkey] 0 user defined hotkeys
2026-06-20T14:08:45Z [13,036ms] [Info] [omni.ext.plugin] [ext: omni.kit.hotkeys.core-1.3.10] started, startup time: 26 (ms)
2026-06-20T14:08:45Z [13,036ms] [Info] [omni.ext.plugin] About to startup: [ext: omni.kit.hydra_texture-1.4.6] (order: 0) Triggered by: omni.kit.widget.material_preview-1.0.16, omni.kit.widget.viewport-107.1.3 (path: /isaac-sim/extscache/omni.kit.hydra_texture-1.4.6+69cbf6ad.lx64.r.cp311)
2026-06-20T14:08:45Z [13,036ms] [Info] [omni.kit.app.plugin] [13.056s] [ext: omni.kit.hydra_texture-1.4.6] startup
2026-06-20T14:08:45Z [13,038ms] [Info] [carb] Registered plugin: omni.hydratexture.plugin (interfaces: [omni::hydratexture::IHydraTextureFactory v1.3]) (impl: omni.hydratexture.plugin)
2026-06-20T14:08:45Z [13,052ms] [Info] [omni.ext._impl._internal] Searching for classes derived from 'omni.ext.IExt' in 'omni.kit.hydra_texture' ('/isaac-sim/extscache/omni.kit.hydra_texture-1.4.6+69cbf6ad.lx64.r.cp311')
2026-06-20T14:08:45Z [13,052ms] [Info] [omni.ext._impl._internal] Found class `Extension` derived from `omni.ext.IExt` in module: 'omni.kit.hydra_texture' in '/isaac-sim/extscache/omni.kit.hydra_texture-1.4.6+69cbf6ad.lx64.r.cp311'. Calling `on_startup`.
2026-06-20T14:08:45Z [13,052ms] [Info] [carb] Initializing plugin: omni.hydratexture.plugin (interfaces: [omni::hydratexture::IHydraTextureFactory v1.3]) (impl: omni.hydratexture.plugin)
2026-06-20T14:08:45Z [13,052ms] [Info] [omni.ext.plugin] [ext: omni.kit.hydra_texture-1.4.6] started, startup time: 16 (ms)
2026-06-20T14:08:45Z [13,052ms] [Info] [omni.ext.plugin] About to startup: [ext: omni.kit.menu.core-1.1.2] (order: 0) Triggered by: omni.kit.menu.utils-2.0.5, omni.kit.widget.context_menu-1.2.5 (path: /isaac-sim/extscache/omni.kit.menu.core-1.1.2+69cbf6ad)
2026-06-20T14:08:45Z [13,052ms] [Info] [omni.kit.app.plugin] [13.072s] [ext: omni.kit.menu.core-1.1.2] startup
2026-06-20T14:08:45Z [13,067ms] [Info] [omni.ext._impl._internal] Searching for classes derived from 'omni.ext.IExt' in 'omni.kit.menu.core' ('/isaac-sim/extscache/omni.kit.menu.core-1.1.2+69cbf6ad')
2026-06-20T14:08:45Z [13,067ms] [Info] [omni.ext.plugin] [ext: omni.kit.menu.core-1.1.2] started, startup time: 15 (ms)
2026-06-20T14:08:45Z [13,067ms] [Info] [omni.ext.plugin] About to startup: [ext: omni.kit.widget.path_field-2.0.11] (order: 0) Triggered by: omni.kit.widget.browser_bar-2.0.10 (path: /isaac-sim/extscache/omni.kit.widget.path_field-2.0.11+69cbf6ad)
2026-06-20T14:08:45Z [13,067ms] [Info] [omni.kit.app.plugin] [13.088s] [ext: omni.kit.widget.path_field-2.0.11] startup
2026-06-20T14:08:45Z [13,084ms] [Info] [omni.ext._impl._internal] Searching for classes derived from 'omni.ext.IExt' in 'omni.kit.widget.path_field' ('/isaac-sim/extscache/omni.kit.widget.path_field-2.0.11+69cbf6ad')
2026-06-20T14:08:45Z [13,084ms] [Info] [omni.ext.plugin] [ext: omni.kit.widget.path_field-2.0.11] started, startup time: 16 (ms)
2026-06-20T14:08:45Z [13,084ms] [Info] [omni.ext.plugin] About to startup: [ext: omni.kit.notification_manager-1.0.10] (order: 0) Triggered by: omni.kit.window.filepicker-2.13.4,  (path: /isaac-sim/extscache/omni.kit.notification_manager-1.0.10+69cbf6ad)
2026-06-20T14:08:45Z [13,084ms] [Info] [omni.kit.app.plugin] [13.105s] [ext: omni.kit.notification_manager-1.0.10] startup
2026-06-20T14:08:45Z [13,100ms] [Info] [omni.ext._impl._internal] Searching for classes derived from 'omni.ext.IExt' in 'omni.kit.notification_manager' ('/isaac-sim/extscache/omni.kit.notification_manager-1.0.10+69cbf6ad')
2026-06-20T14:08:45Z [13,100ms] [Info] [omni.ext._impl._internal] Found class `NotificationManagerExtension` derived from `omni.ext.IExt` in module: 'omni.kit.notification_manager' in '/isaac-sim/extscache/omni.kit.notification_manager-1.0.10+69cbf6ad'. Calling `on_startup`.
2026-06-20T14:08:45Z [13,100ms] [Info] [omni.ext.plugin] [ext: omni.kit.notification_manager-1.0.10] started, startup time: 15 (ms)
2026-06-20T14:08:45Z [13,100ms] [Info] [omni.ext.plugin] About to startup: [ext: omni.kit.widget.context_menu-1.2.5] (order: 0) Triggered by: omni.kit.context_menu-1.8.6, omni.kit.window.filepicker-2.13.4 (path: /isaac-sim/extscache/omni.kit.widget.context_menu-1.2.5+69cbf6ad)
2026-06-20T14:08:45Z [13,100ms] [Info] [omni.kit.app.plugin] [13.120s] [ext: omni.kit.widget.context_menu-1.2.5] startup
2026-06-20T14:08:45Z [13,117ms] [Info] [omni.ext._impl._internal] Searching for classes derived from 'omni.ext.IExt' in 'omni.kit.widget.context_menu' ('/isaac-sim/extscache/omni.kit.widget.context_menu-1.2.5+69cbf6ad')
2026-06-20T14:08:45Z [13,117ms] [Info] [omni.ext._impl._internal] Found class `ContextMenuWidgetExtension` derived from `omni.ext.IExt` in module: 'omni.kit.widget.context_menu' in '/isaac-sim/extscache/omni.kit.widget.context_menu-1.2.5+69cbf6ad'. Calling `on_startup`.
2026-06-20T14:08:45Z [13,117ms] [Info] [omni.ext.plugin] [ext: omni.kit.widget.context_menu-1.2.5] started, startup time: 17 (ms)
2026-06-20T14:08:45Z [13,117ms] [Info] [omni.ext.plugin] About to startup: [ext: omni.kit.widget.browser_bar-2.0.10] (order: 0) Triggered by: omni.kit.window.filepicker-2.13.4 (path: /isaac-sim/extscache/omni.kit.widget.browser_bar-2.0.10+69cbf6ad)
2026-06-20T14:08:45Z [13,117ms] [Info] [omni.kit.app.plugin] [13.137s] [ext: omni.kit.widget.browser_bar-2.0.10] startup
2026-06-20T14:08:45Z [13,133ms] [Info] [omni.ext._impl._internal] Searching for classes derived from 'omni.ext.IExt' in 'omni.kit.widget.browser_bar' ('/isaac-sim/extscache/omni.kit.widget.browser_bar-2.0.10+69cbf6ad')
2026-06-20T14:08:45Z [13,133ms] [Info] [omni.ext.plugin] [ext: omni.kit.widget.browser_bar-2.0.10] started, startup time: 15 (ms)
2026-06-20T14:08:45Z [13,133ms] [Info] [omni.ext.plugin] About to startup: [ext: omni.kit.clipboard-1.0.5] (order: 0) Triggered by: omni.kit.window.filepicker-2.13.4 (path: /isaac-sim/extscache/omni.kit.clipboard-1.0.5+69cbf6ad.lx64.r.cp311)
2026-06-20T14:08:45Z [13,133ms] [Info] [omni.kit.app.plugin] [13.153s] [ext: omni.kit.clipboard-1.0.5] startup
2026-06-20T14:08:45Z [13,133ms] [Info] [carb] Registered plugin: omni.kit.clipboard.plugin (interfaces: [carb::clipboard::IClipboard v1.0],[omni::ext::IExt v0.1]) (impl: omni.kit.clipboard.plugin)
2026-06-20T14:08:45Z [13,133ms] [Info] [carb] Initializing plugin: omni.kit.clipboard.plugin (interfaces: [carb::clipboard::IClipboard v1.0],[omni::ext::IExt v0.1]) (impl: omni.kit.clipboard.plugin)
2026-06-20T14:08:45Z [13,133ms] [Info] [omni.ext.plugin] [ext: omni.kit.clipboard-1.0.5] Starting ext::IExt in '/isaac-sim/extscache/omni.kit.clipboard-1.0.5+69cbf6ad.lx64.r.cp311/bin/libomni.kit.clipboard.plugin.so'
2026-06-20T14:08:45Z [13,143ms] [Info] [omni.ext._impl._internal] Searching for classes derived from 'omni.ext.IExt' in 'omni.kit.clipboard' ('/isaac-sim/extscache/omni.kit.clipboard-1.0.5+69cbf6ad.lx64.r.cp311')
2026-06-20T14:08:45Z [13,143ms] [Info] [omni.ext.plugin] [ext: omni.kit.clipboard-1.0.5] started, startup time: 10 (ms)
2026-06-20T14:08:45Z [13,143ms] [Info] [omni.ext.plugin] About to startup: [ext: omni.kit.usd.layers-2.2.11] (order: 0) Triggered by: isaacsim.core.api-4.8.0, omni.isaac.dynamic_control-2.0.7, omni.kit.context_menu-1.8.6, omni.kit.material.library-2.0.7, omni.kit.primitive.mesh-1.0.17, omni.kit.widget.stage-3.1.4, omni.usd.metrics.assembler.ui-107.3.1 (path: /isaac-sim/extscache/omni.kit.usd.layers-2.2.11+69cbf6ad.lx64.r.cp311)
2026-06-20T14:08:45Z [13,143ms] [Info] [omni.kit.app.plugin] [13.164s] [ext: omni.kit.usd.layers-2.2.11] startup
2026-06-20T14:08:45Z [13,146ms] [Info] [carb] Registered plugin: omni.kit.usd.layers.plugin (interfaces: [omni::kit::usd::layers::ILayers v1.0],[omni::kit::usd::layers::ILayersState v1.1],[omni::kit::usd::layers::IWorkflowAutoAuthoring v1.0],[omni::kit::usd::layers::IWorkflowLiveSyncing v2.2],[omni::kit::usd::layers::IWorkflowSpecsLinking v1.0],[omni::kit::usd::layers::IWorkflowSpecsLocking v1.0]) (impl: omni.kit.usd.layers.plugin)
2026-06-20T14:08:45Z [13,191ms] [Info] [omni.ext._impl._internal] Searching for classes derived from 'omni.ext.IExt' in 'omni.kit.usd.layers' ('/isaac-sim/extscache/omni.kit.usd.layers-2.2.11+69cbf6ad.lx64.r.cp311')
2026-06-20T14:08:45Z [13,192ms] [Info] [omni.ext.plugin] [ext: omni.kit.usd.layers-2.2.11] started, startup time: 48 (ms)
2026-06-20T14:08:45Z [13,192ms] [Info] [omni.ext.plugin] About to startup: [ext: omni.kit.window.filepicker-2.13.4] (order: 0) Triggered by: omni.kit.window.file_exporter-1.0.33, omni.kit.window.material_graph-1.9.1 (path: /isaac-sim/extscache/omni.kit.window.filepicker-2.13.4+69cbf6ad)
2026-06-20T14:08:45Z [13,192ms] [Info] [omni.kit.app.plugin] [13.212s] [ext: omni.kit.window.filepicker-2.13.4] startup
2026-06-20T14:08:45Z [13,312ms] [Info] [omni.ext._impl._internal] Searching for classes derived from 'omni.ext.IExt' in 'omni.kit.window.filepicker' ('/isaac-sim/extscache/omni.kit.window.filepicker-2.13.4+69cbf6ad')
2026-06-20T14:08:45Z [13,312ms] [Info] [omni.ext._impl._internal] Found class `FilePickerExtension` derived from `omni.ext.IExt` in module: 'omni.kit.window.filepicker' in '/isaac-sim/extscache/omni.kit.window.filepicker-2.13.4+69cbf6ad'. Calling `on_startup`.
2026-06-20T14:08:45Z [13,312ms] [Info] [omni.ext.plugin] [ext: omni.kit.window.filepicker-2.13.4] started, startup time: 120 (ms)
2026-06-20T14:08:45Z [13,313ms] [Info] [omni.ext.plugin] About to startup: [ext: omni.kit.context_menu-1.8.6] (order: 0) Triggered by: omni.kit.window.material_graph-1.9.1 (path: /isaac-sim/extscache/omni.kit.context_menu-1.8.6+69cbf6ad)
2026-06-20T14:08:45Z [13,313ms] [Info] [omni.kit.app.plugin] [13.333s] [ext: omni.kit.context_menu-1.8.6] startup
2026-06-20T14:08:45Z [13,335ms] [Info] [omni.ext._impl._internal] Searching for classes derived from 'omni.ext.IExt' in 'omni.kit.context_menu' ('/isaac-sim/extscache/omni.kit.context_menu-1.8.6+69cbf6ad')
2026-06-20T14:08:45Z [13,335ms] [Info] [omni.ext._impl._internal] Found class `ContextMenuExtension` derived from `omni.ext.IExt` in module: 'omni.kit.context_menu' in '/isaac-sim/extscache/omni.kit.context_menu-1.8.6+69cbf6ad'. Calling `on_startup`.
2026-06-20T14:08:45Z [13,335ms] [Info] [omni.ext.plugin] [ext: omni.kit.context_menu-1.8.6] started, startup time: 22 (ms)
2026-06-20T14:08:45Z [13,335ms] [Info] [omni.ext.plugin] About to startup: [ext: omni.kit.menu.utils-2.0.5] (order: 0) Triggered by: omni.kit.window.material_graph-1.9.1, omni.kit.window.preferences-1.8.0,  (path: /isaac-sim/extscache/omni.kit.menu.utils-2.0.5+69cbf6ad)
2026-06-20T14:08:45Z [13,335ms] [Info] [omni.kit.app.plugin] [13.356s] [ext: omni.kit.menu.utils-2.0.5] startup
2026-06-20T14:08:45Z [13,369ms] [Info] [omni.ext._impl._internal] Searching for classes derived from 'omni.ext.IExt' in 'omni.kit.menu.utils' ('/isaac-sim/extscache/omni.kit.menu.utils-2.0.5+69cbf6ad')
2026-06-20T14:08:45Z [13,369ms] [Info] [omni.ext._impl._internal] Found class `MenuUtilsDebugExtension` derived from `omni.ext.IExt` in module: 'omni.kit.menu.utils' in '/isaac-sim/extscache/omni.kit.menu.utils-2.0.5+69cbf6ad'. Calling `on_startup`.
2026-06-20T14:08:45Z [13,369ms] [Info] [omni.ext._impl._internal] Found class `MenuUtilsExtension` derived from `omni.ext.IExt` in module: 'omni.kit.menu.utils' in '/isaac-sim/extscache/omni.kit.menu.utils-2.0.5+69cbf6ad'. Calling `on_startup`.
2026-06-20T14:08:45Z [13,371ms] [Info] [omni.kit.menu.utils.app_menu] omni.kit.mainwindow is not loaded. Menus are disabled
2026-06-20T14:08:45Z [13,371ms] [Info] [omni.ext.plugin] [ext: omni.kit.menu.utils-2.0.5] started, startup time: 35 (ms)
2026-06-20T14:08:45Z [13,371ms] [Info] [omni.ext.plugin] About to startup: [ext: omni.kit.window.file_exporter-1.0.33] (order: 0) Triggered by: omni.kit.widget.stage-3.1.4 (path: /isaac-sim/extscache/omni.kit.window.file_exporter-1.0.33+69cbf6ad)
2026-06-20T14:08:45Z [13,371ms] [Info] [omni.kit.app.plugin] [13.392s] [ext: omni.kit.window.file_exporter-1.0.33] startup
2026-06-20T14:08:45Z [13,387ms] [Info] [omni.ext._impl._internal] Searching for classes derived from 'omni.ext.IExt' in 'omni.kit.window.file_exporter' ('/isaac-sim/extscache/omni.kit.window.file_exporter-1.0.33+69cbf6ad')
2026-06-20T14:08:45Z [13,387ms] [Info] [omni.ext._impl._internal] Found class `FileExporterExtension` derived from `omni.ext.IExt` in module: 'omni.kit.window.file_exporter' in '/isaac-sim/extscache/omni.kit.window.file_exporter-1.0.33+69cbf6ad'. Calling `on_startup`.
2026-06-20T14:08:45Z [13,388ms] [Info] [omni.ext.plugin] [ext: omni.kit.window.file_exporter-1.0.33] started, startup time: 16 (ms)
2026-06-20T14:08:45Z [13,388ms] [Info] [omni.ext.plugin] About to startup: [ext: omni.kit.widget.searchfield-1.1.8] (order: 0) Triggered by: omni.kit.graph.editor.core-1.5.3, omni.kit.widget.stage-3.1.4,  (path: /isaac-sim/extscache/omni.kit.widget.searchfield-1.1.8+69cbf6ad)
2026-06-20T14:08:45Z [13,388ms] [Info] [omni.kit.app.plugin] [13.408s] [ext: omni.kit.widget.searchfield-1.1.8] startup
2026-06-20T14:08:45Z [13,405ms] [Info] [omni.ext._impl._internal] Searching for classes derived from 'omni.ext.IExt' in 'omni.kit.widget.searchfield' ('/isaac-sim/extscache/omni.kit.widget.searchfield-1.1.8+69cbf6ad')
2026-06-20T14:08:45Z [13,405ms] [Info] [omni.ext.plugin] [ext: omni.kit.widget.searchfield-1.1.8] started, startup time: 17 (ms)
2026-06-20T14:08:45Z [13,405ms] [Info] [omni.ext.plugin] About to startup: [ext: omni.kit.material.library-2.0.7] (order: 0) Triggered by: isaaclab.python.headless.rendering-2.3.0, omni.kit.window.material_graph-1.9.1, omni.replicator.core-1.12.27 (path: /isaac-sim/extscache/omni.kit.material.library-2.0.7+69cbf6ad)
2026-06-20T14:08:45Z [13,405ms] [Info] [omni.kit.app.plugin] [13.426s] [ext: omni.kit.material.library-2.0.7] startup
2026-06-20T14:08:45Z [13,446ms] [Info] [omni.ext._impl._internal] Searching for classes derived from 'omni.ext.IExt' in 'omni.kit.material.library' ('/isaac-sim/extscache/omni.kit.material.library-2.0.7+69cbf6ad')
2026-06-20T14:08:45Z [13,447ms] [Info] [omni.ext._impl._internal] Found class `MaterialLibraryExtension` derived from `omni.ext.IExt` in module: 'omni.kit.material.library' in '/isaac-sim/extscache/omni.kit.material.library-2.0.7+69cbf6ad'. Calling `on_startup`.
2026-06-20T14:08:45Z [13,447ms] [Info] [omni.ext.plugin] [ext: omni.kit.material.library-2.0.7] started, startup time: 42 (ms)
2026-06-20T14:08:45Z [13,447ms] [Info] [omni.ext.plugin] About to startup: [ext: omni.kit.widget.stage-3.1.4] (order: 0) Triggered by: omni.kit.window.material_graph-1.9.1 (path: /isaac-sim/extscache/omni.kit.widget.stage-3.1.4+69cbf6ad)
2026-06-20T14:08:45Z [13,447ms] [Info] [omni.kit.app.plugin] [13.468s] [ext: omni.kit.widget.stage-3.1.4] startup
2026-06-20T14:08:45Z [13,520ms] [Info] [omni.ext._impl._internal] Searching for classes derived from 'omni.ext.IExt' in 'omni.kit.widget.stage' ('/isaac-sim/extscache/omni.kit.widget.stage-3.1.4+69cbf6ad')
2026-06-20T14:08:45Z [13,520ms] [Info] [omni.ext._impl._internal] Found class `StageWidgetExtension` derived from `omni.ext.IExt` in module: 'omni.kit.widget.stage' in '/isaac-sim/extscache/omni.kit.widget.stage-3.1.4+69cbf6ad'. Calling `on_startup`.
2026-06-20T14:08:45Z [13,521ms] [Info] [omni.ext.plugin] [ext: omni.kit.widget.stage-3.1.4] started, startup time: 73 (ms)
2026-06-20T14:08:45Z [13,521ms] [Info] [omni.ext.plugin] About to startup: [ext: omni.kit.widget.material_preview-1.0.16] (order: 0) Triggered by: omni.kit.window.material_graph-1.9.1 (path: /isaac-sim/extscache/omni.kit.widget.material_preview-1.0.16)
2026-06-20T14:08:45Z [13,521ms] [Info] [omni.kit.app.plugin] [13.542s] [ext: omni.kit.widget.material_preview-1.0.16] startup
2026-06-20T14:08:45Z [13,540ms] [Info] [omni.ext._impl._internal] Searching for classes derived from 'omni.ext.IExt' in 'omni.kit.widget.material_preview' ('/isaac-sim/extscache/omni.kit.widget.material_preview-1.0.16')
2026-06-20T14:08:45Z [13,540ms] [Info] [omni.ext.plugin] [ext: omni.kit.widget.material_preview-1.0.16] started, startup time: 19 (ms)
2026-06-20T14:08:45Z [13,540ms] [Info] [omni.ext.plugin] About to startup: [ext: omni.kit.graph.usd.commands-1.3.1] (order: 0) Triggered by: omni.kit.window.material_graph-1.9.1 (path: /isaac-sim/extscache/omni.kit.graph.usd.commands-1.3.1)
2026-06-20T14:08:45Z [13,540ms] [Info] [omni.kit.app.plugin] [13.561s] [ext: omni.kit.graph.usd.commands-1.3.1] startup
2026-06-20T14:08:45Z [13,557ms] [Info] [omni.ext._impl._internal] Searching for classes derived from 'omni.ext.IExt' in 'omni.kit.graph.usd.commands' ('/isaac-sim/extscache/omni.kit.graph.usd.commands-1.3.1')
2026-06-20T14:08:45Z [13,557ms] [Info] [omni.ext.plugin] [ext: omni.kit.graph.usd.commands-1.3.1] started, startup time: 16 (ms)
2026-06-20T14:08:45Z [13,557ms] [Info] [omni.ext.plugin] About to startup: [ext: omni.inspect-1.0.2] (order: 0) Triggered by: omni.replicator.core-1.12.27 (path: /isaac-sim/extscache/omni.inspect-1.0.2+69cbf6ad.lx64.r.cp311)
2026-06-20T14:08:45Z [13,557ms] [Info] [omni.kit.app.plugin] [13.578s] [ext: omni.inspect-1.0.2] startup
2026-06-20T14:08:45Z [13,558ms] [Info] [omni.ext.plugin] [ext: omni.inspect-1.0.2] Starting ext::IExtensionHooks in '/isaac-sim/extscache/omni.inspect-1.0.2+69cbf6ad.lx64.r.cp311/bin/libomni.inspect.plugin.so'
2026-06-20T14:08:45Z [13,566ms] [Info] [omni.ext._impl._internal] Searching for classes derived from 'omni.ext.IExt' in 'omni.inspect' ('/isaac-sim/extscache/omni.inspect-1.0.2+69cbf6ad.lx64.r.cp311')
2026-06-20T14:08:45Z [13,566ms] [Info] [omni.ext.plugin] [ext: omni.inspect-1.0.2] started, startup time: 8 (ms)
2026-06-20T14:08:45Z [13,566ms] [Info] [omni.ext.plugin] About to startup: [ext: omni.kit.widget.graph-2.0.0] (order: 0) Triggered by: omni.kit.graph.delegate.default-1.2.3, omni.kit.graph.editor.core-1.5.3, omni.kit.window.material_graph-1.9.1 (path: /isaac-sim/extscache/omni.kit.widget.graph-2.0.0+69cbf6ad)
2026-06-20T14:08:45Z [13,566ms] [Info] [omni.kit.app.plugin] [13.586s] [ext: omni.kit.widget.graph-2.0.0] startup
2026-06-20T14:08:45Z [13,619ms] [Info] [omni.ext._impl._internal] Searching for classes derived from 'omni.ext.IExt' in 'omni.kit.widget.graph' ('/isaac-sim/extscache/omni.kit.widget.graph-2.0.0+69cbf6ad')
2026-06-20T14:08:45Z [13,619ms] [Info] [omni.ext.plugin] [ext: omni.kit.widget.graph-2.0.0] started, startup time: 53 (ms)
2026-06-20T14:08:45Z [13,619ms] [Info] [omni.ext.plugin] About to startup: [ext: omni.graph.tools-1.79.2] (order: 0) Triggered by: omni.graph-1.141.2, omni.graph.action_nodes-1.50.4, omni.graph.image.nodes-1.3.1, omni.graph.scriptnode-1.50.0, omni.graph.ui_nodes-1.50.5 (path: /isaac-sim/extscache/omni.graph.tools-1.79.2+69cbf6ad)
2026-06-20T14:08:45Z [13,619ms] [Info] [omni.kit.app.plugin] [13.640s] [ext: omni.graph.tools-1.79.2] startup
2026-06-20T14:08:46Z [13,777ms] [Info] [omni.ext._impl._internal] Searching for classes derived from 'omni.ext.IExt' in 'omni.graph.tools' ('/isaac-sim/extscache/omni.graph.tools-1.79.2+69cbf6ad')
2026-06-20T14:08:46Z [13,778ms] [Info] [omni.ext._impl._internal] Found class `_PublicExtension` derived from `omni.ext.IExt` in module: 'omni.graph.tools' in '/isaac-sim/extscache/omni.graph.tools-1.79.2+69cbf6ad'. Calling `on_startup`.
2026-06-20T14:08:46Z [13,778ms] [Info] [omni.ext.plugin] [ext: omni.graph.tools-1.79.2] started, startup time: 158 (ms)
2026-06-20T14:08:46Z [13,778ms] [Info] [omni.ext.plugin] About to startup: [ext: omni.graph.core-2.184.5] (order: 0) Triggered by: omni.graph-1.141.2, omni.graph.action_core-1.1.7, omni.graph.action_nodes-1.50.4, omni.graph.image.core-0.6.1, omni.graph.image.nodes-1.3.1, omni.graph.nodes-1.170.10, omni.graph.scriptnode-1.50.0, omni.graph.ui_nodes-1.50.5, omni.replicator.core-1.12.27, omni.warp-1.8.2 (path: /isaac-sim/extscache/omni.graph.core-2.184.5+69cbf6ad.lx64.r)
2026-06-20T14:08:46Z [13,778ms] [Info] [omni.kit.app.plugin] [13.798s] [ext: omni.graph.core-2.184.5] startup
2026-06-20T14:08:46Z [13,780ms] [Info] [carb] Registered plugin: omni.graph.core.plugin (interfaces: [omni::graph::core::ComputeGraph v2.12],[omni::graph::core::IAttribute v1.15],[omni::graph::core::IAttributeData v1.6],[omni::graph::core::IAttributeType v1.4],[omni::graph::core::IBundle v1.7],[omni::graph::core::IDataModel v1.1],[omni::graph::core::IDataStealingPrototype v1.1],[omni::graph::core::IDirtyID v1.0],[omni::graph::core::IGraph v3.16],[omni::graph::core::IGraphContext v3.9],[omni::graph::core::IGraphRegistry v1.5],[omni::graph::core::IInternal v1.3],[omni::graph::core::INode v4.10],[omni::graph::core::IScheduleNode v2.0],[omni::graph::core::unstable::IAttributeTemplate v0.2],[omni::graph::core::unstable::ICompoundNodeType v0.2]) (impl: omni.graph.core.plugin)
2026-06-20T14:08:46Z [13,780ms] [Info] [omni.ext.plugin] [ext: omni.graph.core-2.184.5] started, startup time: 2 (ms)
2026-06-20T14:08:46Z [13,780ms] [Info] [carb] Initializing plugin: omni.graph.core.plugin (interfaces: [omni::graph::core::ComputeGraph v2.12],[omni::graph::core::IAttribute v1.15],[omni::graph::core::IAttributeData v1.6],[omni::graph::core::IAttributeType v1.4],[omni::graph::core::IBundle v1.7],[omni::graph::core::IDataModel v1.1],[omni::graph::core::IDataStealingPrototype v1.1],[omni::graph::core::IDirtyID v1.0],[omni::graph::core::IGraph v3.16],[omni::graph::core::IGraphContext v3.9],[omni::graph::core::IGraphRegistry v1.5],[omni::graph::core::IInternal v1.3],[omni::graph::core::INode v4.10],[omni::graph::core::IScheduleNode v2.0],[omni::graph::core::unstable::IAttributeTemplate v0.2],[omni::graph::core::unstable::ICompoundNodeType v0.2]) (impl: omni.graph.core.plugin)
2026-06-20T14:08:46Z [13,780ms] [Info] [omni.graph.exec.unstable.passRegistry] IPassRegistry::registerPass: registered PopulateOmniGraphPass as pass id 3
2026-06-20T14:08:46Z [13,780ms] [Info] [omni.graph.exec.unstable.passRegistry] IPassRegistry::registerPass: registered PopulateOnDemandPass as pass id 4
2026-06-20T14:08:46Z [13,780ms] [Info] [omni.graph.exec.unstable.passRegistry] IPassRegistry::registerPass: registered PopulatePreSimulationPass as pass id 5
2026-06-20T14:08:46Z [13,780ms] [Info] [omni.graph.exec.unstable.passRegistry] IPassRegistry::registerPass: registered PopulatePostSimulationPass as pass id 6
2026-06-20T14:08:46Z [13,780ms] [Info] [omni.graph.exec.unstable.passRegistry] IPassRegistry::registerPass: registered PopulateSimulationPass as pass id 7
2026-06-20T14:08:46Z [13,780ms] [Info] [omni.graph.exec.unstable.passRegistry] IPassRegistry::registerPass: registered PopulatePushGraphPass as pass id 8
2026-06-20T14:08:46Z [13,780ms] [Info] [omni.graph.exec.unstable.passRegistry] IPassRegistry::registerPass: registered PopulateLazyGraphPass as pass id 9
2026-06-20T14:08:46Z [13,781ms] [Info] [omni.ext.plugin] About to startup: [ext: omni.kit.widget.settings-1.2.6] (order: 0) Triggered by: omni.kit.window.preferences-1.8.0,  (path: /isaac-sim/extscache/omni.kit.widget.settings-1.2.6+69cbf6ad)
2026-06-20T14:08:46Z [13,781ms] [Info] [omni.kit.app.plugin] [13.801s] [ext: omni.kit.widget.settings-1.2.6] startup
2026-06-20T14:08:46Z [13,805ms] [Info] [omni.ext._impl._internal] Searching for classes derived from 'omni.ext.IExt' in 'omni.kit.widget.settings' ('/isaac-sim/extscache/omni.kit.widget.settings-1.2.6+69cbf6ad')
2026-06-20T14:08:46Z [13,805ms] [Info] [omni.ext.plugin] [ext: omni.kit.widget.settings-1.2.6] started, startup time: 24 (ms)
2026-06-20T14:08:46Z [13,805ms] [Info] [omni.ext.plugin] About to startup: [ext: omni.kit.graph.delegate.default-1.2.3] (order: 0) Triggered by: omni.kit.graph.editor.core-1.5.3, omni.kit.window.material_graph-1.9.1 (path: /isaac-sim/extscache/omni.kit.graph.delegate.default-1.2.3)
2026-06-20T14:08:46Z [13,805ms] [Info] [omni.kit.app.plugin] [13.826s] [ext: omni.kit.graph.delegate.default-1.2.3] startup
2026-06-20T14:08:46Z [13,820ms] [Info] [omni.ext._impl._internal] Searching for classes derived from 'omni.ext.IExt' in 'omni.kit.graph.delegate.default' ('/isaac-sim/extscache/omni.kit.graph.delegate.default-1.2.3')
2026-06-20T14:08:46Z [13,820ms] [Info] [omni.ext.plugin] [ext: omni.kit.graph.delegate.default-1.2.3] started, startup time: 14 (ms)
2026-06-20T14:08:46Z [13,820ms] [Info] [omni.ext.plugin] About to startup: [ext: omni.graph-1.141.2] (order: 0) Triggered by: omni.graph.action_nodes-1.50.4, omni.graph.scriptnode-1.50.0, omni.graph.ui_nodes-1.50.5, omni.replicator.core-1.12.27, omni.syntheticdata-0.6.13, omni.warp-1.8.2 (path: /isaac-sim/extscache/omni.graph-1.141.2+69cbf6ad.lx64.r.cp311)
2026-06-20T14:08:46Z [13,820ms] [Info] [omni.kit.app.plugin] [13.840s] [ext: omni.graph-1.141.2] startup
2026-06-20T14:08:46Z [13,999ms] [Info] [omni.ext._impl._internal] Searching for classes derived from 'omni.ext.IExt' in 'omni.graph.core' ('/isaac-sim/extscache/omni.graph-1.141.2+69cbf6ad.lx64.r.cp311')
2026-06-20T14:08:46Z [13,999ms] [Info] [omni.ext._impl._internal] Found class `_PublicExtension` derived from `omni.ext.IExt` in module: 'omni.graph.core' in '/isaac-sim/extscache/omni.graph-1.141.2+69cbf6ad.lx64.r.cp311'. Calling `on_startup`.
2026-06-20T14:08:46Z [14,001ms] [Info] [omni.ext.plugin] [ext: omni.graph-1.141.2] started, startup time: 180 (ms)
2026-06-20T14:08:46Z [14,001ms] [Info] [omni.ext.plugin] About to startup: [ext: omni.kit.window.preferences-1.8.0] (order: 0) Triggered by: omni.kit.window.material_graph-1.9.1,  (path: /isaac-sim/extscache/omni.kit.window.preferences-1.8.0+69cbf6ad)
2026-06-20T14:08:46Z [14,001ms] [Info] [omni.kit.app.plugin] [14.022s] [ext: omni.kit.window.preferences-1.8.0] startup
2026-06-20T14:08:46Z [14,021ms] [Info] [omni.ext._impl._internal] Searching for classes derived from 'omni.ext.IExt' in 'omni.kit.window.preferences' ('/isaac-sim/extscache/omni.kit.window.preferences-1.8.0+69cbf6ad')
2026-06-20T14:08:46Z [14,021ms] [Info] [omni.ext._impl._internal] Found class `PreferencesExtension` derived from `omni.ext.IExt` in module: 'omni.kit.window.preferences' in '/isaac-sim/extscache/omni.kit.window.preferences-1.8.0+69cbf6ad'. Calling `on_startup`.
2026-06-20T14:08:46Z [14,032ms] [Info] [omni.ext.plugin] [ext: omni.kit.window.preferences-1.8.0] started, startup time: 30 (ms)
2026-06-20T14:08:46Z [14,035ms] [Info] [carb] Initializing plugin: omni.audiodeviceenum.plugin (interfaces: [omni::audio::IAudioDeviceEnum v0.1]) (impl: omni.audiodeviceenum.plugin)
2026-06-20T14:08:46Z [14,035ms] [Info] [carb] Initializing plugin: carb.audio-forge.plugin (interfaces: [carb::audio::IAudioCapture v1.0],[carb::audio::IAudioData v1.0],[carb::audio::IAudioDevice v1.1],[carb::audio::IAudioGroup v1.0],[carb::audio::IAudioPlayback v1.1],[carb::audio::IAudioUtils v1.0],[omni::audio::IAudioCapture v0.0]) (impl: carb.audio-forge.plugin)
2026-06-20T14:08:46Z [14,037ms] [Info] [carb.audio.device] audio device backend = 'eNull'
2026-06-20T14:08:46Z [14,037ms] [Info] [carb.audio.notify] created notifier {direction = playback, callback = 0x71a4b43c9830, context = 0x1f6f1a20}
2026-06-20T14:08:46Z [14,050ms] [Info] [omni.ext.plugin] About to startup: [ext: omni.kit.graph.editor.core-1.5.3] (order: 0) Triggered by: omni.kit.window.material_graph-1.9.1 (path: /isaac-sim/extscache/omni.kit.graph.editor.core-1.5.3)
2026-06-20T14:08:46Z [14,050ms] [Info] [omni.kit.app.plugin] [14.070s] [ext: omni.kit.graph.editor.core-1.5.3] startup
2026-06-20T14:08:46Z [14,050ms] [Info] [omni.ext.plugin] [ext manager] preferLocalVersions: 1
2026-06-20T14:08:46Z [14,080ms] [Info] [omni.ext._impl._internal] Searching for classes derived from 'omni.ext.IExt' in 'omni.kit.graph.editor.core' ('/isaac-sim/extscache/omni.kit.graph.editor.core-1.5.3')
2026-06-20T14:08:46Z [14,080ms] [Info] [omni.ext.plugin] [ext: omni.kit.graph.editor.core-1.5.3] started, startup time: 30 (ms)
2026-06-20T14:08:46Z [14,081ms] [Info] [omni.ext.plugin] About to startup: [ext: omni.graph.scriptnode-1.50.0] (order: 0) Triggered by: omni.replicator.core-1.12.27 (path: /isaac-sim/extscache/omni.graph.scriptnode-1.50.0+107.3.0)
2026-06-20T14:08:46Z [14,081ms] [Info] [omni.kit.app.plugin] [14.101s] [ext: omni.graph.scriptnode-1.50.0] startup
2026-06-20T14:08:46Z [14,081ms] [Info] [omni.ext.plugin] [ext manager] preferLocalVersions: 1
2026-06-20T14:08:46Z [14,095ms] [Info] [omni.ext._impl._internal] Searching for classes derived from 'omni.ext.IExt' in 'omni.graph.scriptnode' ('/isaac-sim/extscache/omni.graph.scriptnode-1.50.0+107.3.0')
2026-06-20T14:08:46Z [14,095ms] [Info] [omni.ext._impl._internal] Found class `_PublicExtension` derived from `omni.ext.IExt` in module: 'omni.graph.scriptnode' in '/isaac-sim/extscache/omni.graph.scriptnode-1.50.0+107.3.0'. Calling `on_startup`.
2026-06-20T14:08:46Z [14,095ms] [Info] [omni.ext.plugin] [ext: omni.graph.scriptnode-1.50.0] started, startup time: 14 (ms)
2026-06-20T14:08:46Z [14,095ms] [Info] [omni.ext.plugin] About to startup: [ext: omni.kit.window.material_graph-1.9.1] (order: 0) Triggered by: omni.replicator.core-1.12.27 (path: /isaac-sim/extscache/omni.kit.window.material_graph-1.9.1)
2026-06-20T14:08:46Z [14,095ms] [Info] [omni.kit.app.plugin] [14.115s] [ext: omni.kit.window.material_graph-1.9.1] startup
2026-06-20T14:08:46Z [14,095ms] [Info] [omni.ext.plugin] [ext manager] preferLocalVersions: 1
2026-06-20T14:08:46Z [14,139ms] [Info] [omni.graph.core.plugin] Creating unregistered node type omni.graph.scriptnode.ScriptNode (version 2)
2026-06-20T14:08:46Z [14,177ms] [Info] [omni.ext._impl._internal] Searching for classes derived from 'omni.ext.IExt' in 'omni.kit.window.material_graph' ('/isaac-sim/extscache/omni.kit.window.material_graph-1.9.1')
2026-06-20T14:08:46Z [14,177ms] [Info] [omni.ext._impl._internal] Found class `GraphExtension` derived from `omni.ext.IExt` in module: 'omni.kit.window.material_graph' in '/isaac-sim/extscache/omni.kit.window.material_graph-1.9.1'. Calling `on_startup`.
2026-06-20T14:08:46Z [14,181ms] [Info] [omni.ext.plugin] [ext: omni.kit.window.material_graph-1.9.1] started, startup time: 85 (ms)
2026-06-20T14:08:46Z [14,181ms] [Info] [omni.ext.plugin] About to startup: [ext: isaacsim.simulation_app-2.12.2] (order: 0) Triggered by: isaaclab.python.headless-2.3.0 (path: /isaac-sim/exts/isaacsim.simulation_app)
2026-06-20T14:08:46Z [14,181ms] [Info] [omni.kit.app.plugin] [14.201s] [ext: isaacsim.simulation_app-2.12.2] startup
2026-06-20T14:08:46Z [14,181ms] [Info] [omni.ext.plugin] [ext manager] preferLocalVersions: 1
2026-06-20T14:08:46Z [14,182ms] [Info] [omni.ext._impl._internal] Searching for classes derived from 'omni.ext.IExt' in 'isaacsim.simulation_app' ('/isaac-sim/exts/isaacsim.simulation_app')
2026-06-20T14:08:46Z [14,182ms] [Info] [omni.ext.plugin] [ext: isaacsim.simulation_app-2.12.2] started, startup time: 1 (ms)
2026-06-20T14:08:46Z [14,182ms] [Info] [omni.ext.plugin] About to startup: [ext: omni.graph.action_core-1.1.7] (order: 0) Triggered by: omni.graph.action_nodes-1.50.4, omni.syntheticdata-0.6.13 (path: /isaac-sim/extscache/omni.graph.action_core-1.1.7+69cbf6ad.lx64.r.cp311)
2026-06-20T14:08:46Z [14,182ms] [Info] [omni.kit.app.plugin] [14.203s] [ext: omni.graph.action_core-1.1.7] startup
2026-06-20T14:08:46Z [14,182ms] [Info] [omni.ext.plugin] [ext manager] preferLocalVersions: 1
2026-06-20T14:08:46Z [14,183ms] [Info] [omni.graph.exec.unstable.passRegistry] IPassRegistry::registerPass: registered ActionGraphPass as pass id 10
2026-06-20T14:08:46Z [14,183ms] [Info] [omni.graph.exec.unstable.passRegistry] IPassRegistry::registerPass: registered DependencyFoldPass as pass id 11
2026-06-20T14:08:46Z [14,196ms] [Info] [omni.ext._impl._internal] Searching for classes derived from 'omni.ext.IExt' in 'omni.graph.action_core' ('/isaac-sim/extscache/omni.graph.action_core-1.1.7+69cbf6ad.lx64.r.cp311')
2026-06-20T14:08:46Z [14,196ms] [Info] [omni.ext._impl._internal] Found class `_PublicExtension` derived from `omni.ext.IExt` in module: 'omni.graph.action_core' in '/isaac-sim/extscache/omni.graph.action_core-1.1.7+69cbf6ad.lx64.r.cp311'. Calling `on_startup`.
2026-06-20T14:08:46Z [14,196ms] [Info] [omni.ext.plugin] [ext: omni.graph.action_core-1.1.7] started, startup time: 14 (ms)
2026-06-20T14:08:46Z [14,197ms] [Info] [omni.ext.plugin] About to startup: [ext: omni.kit.numpy.common-0.1.3] (order: 0) Triggered by: omni.isaac.dynamic_control-2.0.7 (path: /isaac-sim/extscache/omni.kit.numpy.common-0.1.3+69cbf6ad.lx64.r.cp311)
2026-06-20T14:08:46Z [14,197ms] [Info] [omni.kit.app.plugin] [14.217s] [ext: omni.kit.numpy.common-0.1.3] startup
2026-06-20T14:08:46Z [14,197ms] [Info] [omni.ext.plugin] [ext manager] preferLocalVersions: 1
2026-06-20T14:08:46Z [14,211ms] [Info] [omni.ext._impl._internal] Searching for classes derived from 'omni.ext.IExt' in 'omni.kit.numpy.common' ('/isaac-sim/extscache/omni.kit.numpy.common-0.1.3+69cbf6ad.lx64.r.cp311')
2026-06-20T14:08:46Z [14,211ms] [Info] [omni.ext.plugin] [ext: omni.kit.numpy.common-0.1.3] started, startup time: 14 (ms)
2026-06-20T14:08:46Z [14,211ms] [Info] [omni.ext.plugin] About to startup: [ext: omni.convexdecomposition-107.3.26] (order: 0) Triggered by: omni.physx.cooking-107.3.26 (path: /isaac-sim/extscache/omni.convexdecomposition-107.3.26+107.3.3.lx64.r.cp311.u353)
2026-06-20T14:08:46Z [14,211ms] [Info] [omni.kit.app.plugin] [14.231s] [ext: omni.convexdecomposition-107.3.26] startup
2026-06-20T14:08:46Z [14,211ms] [Info] [omni.ext.plugin] [ext manager] preferLocalVersions: 1
2026-06-20T14:08:46Z [14,212ms] [Info] [carb] Registered plugin: omni.convexdecomposition.plugin (interfaces: [omni::convexdecomposition::ConvexDecomposition v2.0]) (impl: omni.convexdecomposition.plugin)
2026-06-20T14:08:46Z [14,224ms] [Info] [omni.ext._impl._internal] Searching for classes derived from 'omni.ext.IExt' in 'omni.convexdecomposition' ('/isaac-sim/extscache/omni.convexdecomposition-107.3.26+107.3.3.lx64.r.cp311.u353')
2026-06-20T14:08:46Z [14,224ms] [Info] [omni.ext._impl._internal] Found class `ConvexDecompositionExtension` derived from `omni.ext.IExt` in module: 'omni.convexdecomposition' in '/isaac-sim/extscache/omni.convexdecomposition-107.3.26+107.3.3.lx64.r.cp311.u353'. Calling `on_startup`.
2026-06-20T14:08:46Z [14,224ms] [Info] [carb] Initializing plugin: omni.convexdecomposition.plugin (interfaces: [omni::convexdecomposition::ConvexDecomposition v2.0]) (impl: omni.convexdecomposition.plugin)
2026-06-20T14:08:46Z [14,224ms] [Info] [omni.ext.plugin] [ext: omni.convexdecomposition-107.3.26] started, startup time: 12 (ms)
2026-06-20T14:08:46Z [14,224ms] [Info] [omni.ext.plugin] About to startup: [ext: omni.kit.viewport.registry-104.0.6] (order: 0) Triggered by: omni.kit.viewport.window-107.2.0,  (path: /isaac-sim/extscache/omni.kit.viewport.registry-104.0.6+69cbf6ad)
2026-06-20T14:08:46Z [14,224ms] [Info] [omni.kit.app.plugin] [14.244s] [ext: omni.kit.viewport.registry-104.0.6] startup
2026-06-20T14:08:46Z [14,224ms] [Info] [omni.ext.plugin] [ext manager] preferLocalVersions: 1
2026-06-20T14:08:46Z [14,237ms] [Info] [omni.ext._impl._internal] Searching for classes derived from 'omni.ext.IExt' in 'omni.kit.viewport.registry' ('/isaac-sim/extscache/omni.kit.viewport.registry-104.0.6+69cbf6ad')
2026-06-20T14:08:46Z [14,237ms] [Info] [omni.ext.plugin] [ext: omni.kit.viewport.registry-104.0.6] started, startup time: 13 (ms)
2026-06-20T14:08:46Z [14,238ms] [Info] [omni.ext.plugin] About to startup: [ext: omni.kit.widget.viewport-107.1.3] (order: 0) Triggered by: omni.kit.viewport.window-107.2.0 (path: /isaac-sim/extscache/omni.kit.widget.viewport-107.1.3+69cbf6ad)
2026-06-20T14:08:46Z [14,238ms] [Info] [omni.kit.app.plugin] [14.258s] [ext: omni.kit.widget.viewport-107.1.3] startup
2026-06-20T14:08:46Z [14,238ms] [Info] [omni.ext.plugin] [ext manager] preferLocalVersions: 1
2026-06-20T14:08:46Z [14,277ms] [Info] [omni.ext._impl._internal] Searching for classes derived from 'omni.ext.IExt' in 'omni.kit.widget.viewport' ('/isaac-sim/extscache/omni.kit.widget.viewport-107.1.3+69cbf6ad')
2026-06-20T14:08:46Z [14,277ms] [Info] [omni.ext._impl._internal] Found class `ViewportWidgetExtension` derived from `omni.ext.IExt` in module: 'omni.kit.widget.viewport' in '/isaac-sim/extscache/omni.kit.widget.viewport-107.1.3+69cbf6ad'. Calling `on_startup`.
2026-06-20T14:08:46Z [14,277ms] [Info] [omni.ext.plugin] [ext: omni.kit.widget.viewport-107.1.3] started, startup time: 39 (ms)
2026-06-20T14:08:46Z [14,277ms] [Info] [omni.ext.plugin] About to startup: [ext: omni.hydra.engine.stats-1.0.3] (order: 0) Triggered by: omni.replicator.core-1.12.27 (path: /isaac-sim/extscache/omni.hydra.engine.stats-1.0.3+69cbf6ad.lx64.r.cp311)
2026-06-20T14:08:46Z [14,277ms] [Info] [omni.kit.app.plugin] [14.298s] [ext: omni.hydra.engine.stats-1.0.3] startup
2026-06-20T14:08:46Z [14,277ms] [Info] [omni.ext.plugin] [ext manager] preferLocalVersions: 1
2026-06-20T14:08:46Z [14,292ms] [Info] [omni.ext._impl._internal] Searching for classes derived from 'omni.ext.IExt' in 'omni.hydra.engine.stats' ('/isaac-sim/extscache/omni.hydra.engine.stats-1.0.3+69cbf6ad.lx64.r.cp311')
2026-06-20T14:08:46Z [14,292ms] [Info] [omni.ext.plugin] [ext: omni.hydra.engine.stats-1.0.3] started, startup time: 15 (ms)
2026-06-20T14:08:46Z [14,292ms] [Info] [omni.ext.plugin] About to startup: [ext: isaacsim.core.deprecation_manager-0.2.7] (order: 0) Triggered by: isaacsim.core.api-4.8.0, isaacsim.core.cloner-1.4.10, isaacsim.core.prims-0.6.1, isaacsim.core.utils-3.5.1, isaacsim.core.version-2.0.6 (path: /isaac-sim/exts/isaacsim.core.deprecation_manager)
2026-06-20T14:08:46Z [14,292ms] [Info] [omni.kit.app.plugin] [14.313s] [ext: isaacsim.core.deprecation_manager-0.2.7] startup
2026-06-20T14:08:46Z [14,293ms] [Info] [omni.ext.plugin] [ext manager] preferLocalVersions: 1
2026-06-20T14:08:46Z [14,304ms] [Info] [omni.ext._impl._internal] Searching for classes derived from 'omni.ext.IExt' in 'isaacsim.core.deprecation_manager' ('/isaac-sim/exts/isaacsim.core.deprecation_manager')
2026-06-20T14:08:46Z [14,304ms] [Info] [omni.ext._impl._internal] Found class `Extension` derived from `omni.ext.IExt` in module: 'isaacsim.core.deprecation_manager' in '/isaac-sim/exts/isaacsim.core.deprecation_manager'. Calling `on_startup`.
2026-06-20T14:08:46Z [14,304ms] [Info] [omni.ext.plugin] [ext: isaacsim.core.deprecation_manager-0.2.7] started, startup time: 11 (ms)
2026-06-20T14:08:46Z [14,305ms] [Info] [omni.ext.plugin] About to startup: [ext: omni.kit.viewport.window-107.2.0] (order: 0) Triggered by: omni.replicator.core-1.12.27,  (path: /isaac-sim/extscache/omni.kit.viewport.window-107.2.0+69cbf6ad)
2026-06-20T14:08:46Z [14,305ms] [Info] [omni.kit.app.plugin] [14.325s] [ext: omni.kit.viewport.window-107.2.0] startup
2026-06-20T14:08:46Z [14,305ms] [Info] [omni.ext.plugin] [ext manager] preferLocalVersions: 1
2026-06-20T14:08:46Z [14,336ms] [Info] [omni.ext._impl._internal] Searching for classes derived from 'omni.ext.IExt' in 'omni.kit.viewport.window' ('/isaac-sim/extscache/omni.kit.viewport.window-107.2.0+69cbf6ad')
2026-06-20T14:08:46Z [14,336ms] [Info] [omni.ext._impl._internal] Found class `ViewportWindowExtension` derived from `omni.ext.IExt` in module: 'omni.kit.viewport.window' in '/isaac-sim/extscache/omni.kit.viewport.window-107.2.0+69cbf6ad'. Calling `on_startup`.
2026-06-20T14:08:46Z [14,336ms] [Info] [omni.kit.viewport.window.menu_entry] Creating Viewport menu-entry: 'Viewport 1' to show 'Viewport' with visibility: True as default: True
2026-06-20T14:08:46Z [14,336ms] [Info] [carb] Plugin omni.ui is already a dependency of omni.ui.windowmanager.plugin; not changing unload order
2026-06-20T14:08:46Z [14,345ms] [Info] [omni.kit.viewport.window.window] Enable omni.kit.window.drop_support for external drop support
2026-06-20T14:08:46Z [14,345ms] [Info] [omni.kit.viewport.window.menu_entry] Creating Viewport menu-entry: 'Viewport 2' to show 'Viewport 2' with visibility: False as default: False
2026-06-20T14:08:46Z [14,347ms] [Info] [omni.kit.viewport.window.extension] omni.kit.manipulator.camera is not loaded, adding extension enabled hooks
2026-06-20T14:08:46Z [14,347ms] [Info] [omni.kit.viewport.window.extension] omni.kit.manipulator.selection is not loaded, adding extension enabled hooks
2026-06-20T14:08:46Z [14,355ms] [Info] [omni.kit.viewport.window.extension] omni.kit.viewport.legacy_gizmos is not loaded, adding extension enabled hooks
2026-06-20T14:08:46Z [14,355ms] [Info] [omni.kit.viewport.window.extension] Adding embedded ui.scenes fallbacks for "omni.kit.viewport.legacy_gizmos"
2026-06-20T14:08:46Z [14,387ms] [Info] [omni.ext.plugin] [ext: omni.kit.viewport.window-107.2.0] started, startup time: 82 (ms)
2026-06-20T14:08:46Z [14,387ms] [Info] [omni.ext.plugin] About to startup: [ext: omni.graph.image.core-0.6.1] (order: 0) Triggered by: omni.graph.image.nodes-1.3.1, omni.syntheticdata-0.6.13 (path: /isaac-sim/extscache/omni.graph.image.core-0.6.1+69cbf6ad.lx64.r)
2026-06-20T14:08:46Z [14,387ms] [Info] [omni.kit.app.plugin] [14.408s] [ext: omni.graph.image.core-0.6.1] startup
2026-06-20T14:08:46Z [14,388ms] [Info] [omni.ext.plugin] [ext manager] preferLocalVersions: 1
2026-06-20T14:08:46Z [14,388ms] [Info] [omni.graph.exec.unstable.passRegistry] IPassRegistry::registerPass: registered PopulateRenderingPass as pass id 12
2026-06-20T14:08:46Z [14,388ms] [Info] [omni.graph.exec.unstable.passRegistry] IPassRegistry::registerPass: registered PopulatePreRenderingPass as pass id 13
2026-06-20T14:08:46Z [14,388ms] [Info] [omni.graph.exec.unstable.passRegistry] IPassRegistry::registerPass: registered PopulatePostRenderingPass as pass id 14
2026-06-20T14:08:46Z [14,388ms] [Info] [omni.graph.exec.unstable.passRegistry] IPassRegistry::registerPass: registered PopulatePreRenderingDefPass as pass id 15
2026-06-20T14:08:46Z [14,388ms] [Info] [omni.graph.exec.unstable.passRegistry] IPassRegistry::registerPass: registered PopulatePostRenderingDefPass as pass id 16
2026-06-20T14:08:46Z [14,388ms] [Info] [omni.ext.plugin] [ext: omni.graph.image.core-0.6.1] started, startup time: 0 (ms)
2026-06-20T14:08:46Z [14,389ms] [Info] [omni.ext.plugin] About to startup: [ext: isaacsim.core.version-2.0.6] (order: 0) Triggered by: isaaclab.python.headless-2.3.0, isaacsim.core.api-4.8.0, isaacsim.storage.native-1.5.1 (path: /isaac-sim/exts/isaacsim.core.version)
2026-06-20T14:08:46Z [14,389ms] [Info] [omni.kit.app.plugin] [14.409s] [ext: isaacsim.core.version-2.0.6] startup
2026-06-20T14:08:46Z [14,399ms] [Info] [omni.ext._impl._internal] Searching for classes derived from 'omni.ext.IExt' in 'isaacsim.core.version' ('/isaac-sim/exts/isaacsim.core.version')
2026-06-20T14:08:46Z [14,402ms] [Info] [omni.ext._impl._internal] Searching for classes derived from 'omni.ext.IExt' in 'isaacsim.core.version.tests' ('/isaac-sim/exts/isaacsim.core.version')
2026-06-20T14:08:46Z [14,402ms] [Info] [omni.ext.plugin] [ext: isaacsim.core.version-2.0.6] started, startup time: 13 (ms)
2026-06-20T14:08:46Z [14,402ms] [Info] [omni.ext.plugin] About to startup: [ext: omni.kit.viewport.utility-1.1.2] (order: 0) Triggered by: omni.graph.ui_nodes-1.50.5, omni.replicator.core-1.12.27, omni.syntheticdata-0.6.13,  (path: /isaac-sim/extscache/omni.kit.viewport.utility-1.1.2+69cbf6ad)
2026-06-20T14:08:46Z [14,402ms] [Info] [omni.kit.app.plugin] [14.423s] [ext: omni.kit.viewport.utility-1.1.2] startup
2026-06-20T14:08:46Z [14,402ms] [Info] [omni.ext.plugin] [ext manager] preferLocalVersions: 1
2026-06-20T14:08:46Z [14,403ms] [Info] [omni.ext.plugin] [ext manager] preferLocalVersions: 1
2026-06-20T14:08:46Z [14,419ms] [Info] [omni.ext._impl._internal] Searching for classes derived from 'omni.ext.IExt' in 'omni.kit.viewport.utility' ('/isaac-sim/extscache/omni.kit.viewport.utility-1.1.2+69cbf6ad')
2026-06-20T14:08:46Z [14,419ms] [Info] [omni.ext.plugin] [ext: omni.kit.viewport.utility-1.1.2] started, startup time: 16 (ms)
2026-06-20T14:08:46Z [14,419ms] [Info] [omni.ext.plugin] About to startup: [ext: omni.graph.image.nodes-1.3.1] (order: 0) Triggered by: omni.graph.nodes-1.170.10, omni.syntheticdata-0.6.13 (path: /isaac-sim/extscache/omni.graph.image.nodes-1.3.1+69cbf6ad.lx64.r)
2026-06-20T14:08:46Z [14,419ms] [Info] [omni.kit.app.plugin] [14.439s] [ext: omni.graph.image.nodes-1.3.1] startup
2026-06-20T14:08:46Z [14,419ms] [Info] [omni.ext.plugin] [ext manager] preferLocalVersions: 1
2026-06-20T14:08:46Z [14,419ms] [Info] [carb] Initializing plugin: omni.fabric.plugin (interfaces: [omni::fabric::IChangeTrackerConfig v0.5],[omni::fabric::IConnectivity v1.7],[omni::fabric::IFabric v0.9],[omni::fabric::IFabricContextManager v1.0],[omni::fabric::IFabricInspector v0.2],[omni::fabric::IFabricRingBuffer v1.2],[omni::fabric::IFabricSampleStorage v0.3],[omni::fabric::IFabricUsd v0.2],[omni::fabric::IFineGrainedChangeTracker v0.2],[omni::fabric::IObjectDirectory v1.0],[omni::fabric::IPath v0.2],[omni::fabric::IPlatform v0.2],[omni::fabric::IPopulator v0.1],[omni::fabric::IPrimBucketList v0.5],[omni::fabric::ISerializer v0.3],[omni::fabric::ISimStageWithHistory v0.2],[omni::fabric::IStageAtTimeInterval v0.7],[omni::fabric::IStageAtTimeIntervalLegacy v0.1],[omni::fabric::IStageReaderWriter v0.14],[omni::fabric::IStageReaderWriterLegacy v0.5],[omni::fabric::IStats v1.0],[omni::fabric::IToken v0.1],[omni::fabric::batch::iBatch v0.3]) (impl: omni.fabric.plugin)
2026-06-20T14:08:46Z [14,419ms] [Info] [carb] Initializing plugin: omni.tbb.globalcontrol.plugin (interfaces: [omni::tbb::IGlobalControl v1.0]) (impl: omni.tbb.globalcontrol.plugin)
2026-06-20T14:08:46Z [14,420ms] [Info] [omni.tbb.globalcontrol.plugin] TBB Global Control Plugin loaded, max_allowed_parallelism=16
2026-06-20T14:08:46Z [14,420ms] [Info] [carb] Plugin omni.fabric.endframe.plugin is already a dependency of omni.fabric.plugin; not changing unload order
2026-06-20T14:08:46Z [14,420ms] [Info] [omni.ext.plugin] [ext: omni.graph.image.nodes-1.3.1] started, startup time: 1 (ms)
2026-06-20T14:08:46Z [14,420ms] [Info] [omni.ext.plugin] About to startup: [ext: isaacsim.storage.native-1.5.1] (order: 0) Triggered by: isaacsim.core.api-4.8.0, isaacsim.core.utils-3.5.1 (path: /isaac-sim/exts/isaacsim.storage.native)
2026-06-20T14:08:46Z [14,420ms] [Info] [omni.kit.app.plugin] [14.441s] [ext: isaacsim.storage.native-1.5.1] startup
2026-06-20T14:08:46Z [14,439ms] [Info] [omni.ext._impl._internal] Searching for classes derived from 'omni.ext.IExt' in 'isaacsim.storage.native' ('/isaac-sim/exts/isaacsim.storage.native')
2026-06-20T14:08:46Z [14,439ms] [Info] [omni.ext._impl._internal] Found class `Extension` derived from `omni.ext.IExt` in module: 'isaacsim.storage.native' in '/isaac-sim/exts/isaacsim.storage.native'. Calling `on_startup`.
2026-06-20T14:08:46Z [14,442ms] [Info] [omni.ext._impl._internal] Searching for classes derived from 'omni.ext.IExt' in 'isaacsim.storage.native.tests' ('/isaac-sim/exts/isaacsim.storage.native')
2026-06-20T14:08:46Z [14,442ms] [Info] [omni.ext.plugin] [ext: isaacsim.storage.native-1.5.1] started, startup time: 21 (ms)
2026-06-20T14:08:46Z [14,442ms] [Info] [omni.ext.plugin] About to startup: [ext: omni.syntheticdata-0.6.13] (order: 0) Triggered by: omni.replicator.core-1.12.27 (path: /isaac-sim/extscache/omni.syntheticdata-0.6.13+69cbf6ad.lx64.r.cp311)
2026-06-20T14:08:46Z [14,442ms] [Info] [omni.kit.app.plugin] [14.463s] [ext: omni.syntheticdata-0.6.13] startup
2026-06-20T14:08:46Z [14,442ms] [Info] [omni.ext.plugin] [ext manager] preferLocalVersions: 1
2026-06-20T14:08:46Z [14,443ms] [Info] [omni.ext.plugin] [ext manager] preferLocalVersions: 1
2026-06-20T14:08:46Z [14,445ms] [Info] [carb] Registered plugin: omni.syntheticdata.plugin (interfaces: [omni::ext::IExt v0.1],[omni::syntheticdata::SyntheticData v0.9]) (impl: omni.syntheticdata.plugin)
2026-06-20T14:08:46Z [14,445ms] [Info] [carb] Initializing plugin: omni.syntheticdata.plugin (interfaces: [omni::ext::IExt v0.1],[omni::syntheticdata::SyntheticData v0.9]) (impl: omni.syntheticdata.plugin)
2026-06-20T14:08:46Z [14,445ms] [Info] [omni.ext.plugin] [ext: omni.syntheticdata-0.6.13] Starting ext::IExt in '/isaac-sim/extscache/omni.syntheticdata-0.6.13+69cbf6ad.lx64.r.cp311/bin/libomni.syntheticdata.plugin.so'
2026-06-20T14:08:46Z [14,538ms] [Info] [omni.ext._impl._internal] Searching for classes derived from 'omni.ext.IExt' in 'omni.syntheticdata' ('/isaac-sim/extscache/omni.syntheticdata-0.6.13+69cbf6ad.lx64.r.cp311')
2026-06-20T14:08:46Z [14,538ms] [Info] [omni.ext._impl._internal] Found class `Extension` derived from `omni.ext.IExt` in module: 'omni.syntheticdata' in '/isaac-sim/extscache/omni.syntheticdata-0.6.13+69cbf6ad.lx64.r.cp311'. Calling `on_startup`.
2026-06-20T14:08:46Z [14,538ms] [Info] [omni.syntheticdata.scripts.extension] [omni.syntheticdata] SyntheticData startup
2026-06-20T14:08:46Z [14,544ms] [Info] [omni.ext.plugin] [ext: omni.syntheticdata-0.6.13] started, startup time: 101 (ms)
2026-06-20T14:08:46Z [14,544ms] [Info] [omni.ext.plugin] About to startup: [ext: omni.physx.foundation-107.3.26] (order: 0) Triggered by: omni.physx-107.3.26, omni.physx.cooking-107.3.26 (path: /isaac-sim/extscache/omni.physx.foundation-107.3.26+107.3.3.lx64.r.cp311.u353)
2026-06-20T14:08:46Z [14,544ms] [Info] [omni.kit.app.plugin] [14.565s] [ext: omni.physx.foundation-107.3.26] startup
2026-06-20T14:08:46Z [14,544ms] [Info] [omni.ext.plugin] [ext manager] preferLocalVersions: 1
2026-06-20T14:08:46Z [14,544ms] [Info] [carb] Registered plugin: omni.physx.foundation.plugin (interfaces: [omni::physx::IPhysxFoundation v0.1]) (impl: omni.physx.foundation.plugin)
2026-06-20T14:08:46Z [14,562ms] [Info] [omni.ext._impl._internal] Searching for classes derived from 'omni.ext.IExt' in 'omni.physxfoundation' ('/isaac-sim/extscache/omni.physx.foundation-107.3.26+107.3.3.lx64.r.cp311.u353')
2026-06-20T14:08:46Z [14,562ms] [Info] [omni.ext._impl._internal] Found class `PhysxFoundationExtension` derived from `omni.ext.IExt` in module: 'omni.physxfoundation' in '/isaac-sim/extscache/omni.physx.foundation-107.3.26+107.3.3.lx64.r.cp311.u353'. Calling `on_startup`.
2026-06-20T14:08:46Z [14,562ms] [Info] [carb] Initializing plugin: omni.physx.foundation.plugin (interfaces: [omni::physx::IPhysxFoundation v0.1]) (impl: omni.physx.foundation.plugin)
2026-06-20T14:08:46Z [14,563ms] [Info] [omni.ext.plugin] [ext: omni.physx.foundation-107.3.26] started, startup time: 18 (ms)
2026-06-20T14:08:46Z [14,570ms] [Info] [omni.ext.plugin] [ext manager] preferLocalVersions: 1
2026-06-20T14:08:46Z [14,571ms] [Info] [omni.ext.plugin] About to startup: [ext: omni.kvdb-107.3.26] (order: 0) Triggered by: omni.localcache-107.3.26 (path: /isaac-sim/extscache/omni.kvdb-107.3.26+107.3.3.lx64.r.cp311.u353)
2026-06-20T14:08:46Z [14,571ms] [Info] [omni.kit.app.plugin] [14.591s] [ext: omni.kvdb-107.3.26] startup
2026-06-20T14:08:46Z [14,571ms] [Info] [carb] Registered plugin: omni.kvdb.plugin (interfaces: [omni::server::IKeyValueDatabase v0.1]) (impl: omni.kvdb.plugin)
2026-06-20T14:08:46Z [14,581ms] [Info] [omni.graph.core.plugin] Creating unregistered node type omni.syntheticdata.SdTestStageManipulationScenarii (version 1)
2026-06-20T14:08:46Z [14,581ms] [Info] [omni.graph.core.plugin] Creating unregistered node type omni.syntheticdata.SdTestRationalTimeSyncGate (version 1)
2026-06-20T14:08:46Z [14,582ms] [Info] [omni.graph.core.plugin] Creating unregistered node type omni.syntheticdata.SdTestPrintRawArray (version 1)
2026-06-20T14:08:46Z [14,590ms] [Info] [omni.ext._impl._internal] Searching for classes derived from 'omni.ext.IExt' in 'omni.kvdb' ('/isaac-sim/extscache/omni.kvdb-107.3.26+107.3.3.lx64.r.cp311.u353')
2026-06-20T14:08:46Z [14,591ms] [Info] [omni.ext._impl._internal] Found class `IKeyValueDatabaseExtension` derived from `omni.ext.IExt` in module: 'omni.kvdb' in '/isaac-sim/extscache/omni.kvdb-107.3.26+107.3.3.lx64.r.cp311.u353'. Calling `on_startup`.
2026-06-20T14:08:46Z [14,591ms] [Info] [carb] Initializing plugin: omni.kvdb.plugin (interfaces: [omni::server::IKeyValueDatabase v0.1]) (impl: omni.kvdb.plugin)
2026-06-20T14:08:46Z [14,591ms] [Info] [omni.ext.plugin] [ext: omni.kvdb-107.3.26] started, startup time: 20 (ms)
2026-06-20T14:08:46Z [14,591ms] [Info] [omni.ext.plugin] About to startup: [ext: omni.usd.metrics.assembler-107.3.1] (order: 0) Triggered by: isaacsim.core.utils-3.5.1, omni.usd.metrics.assembler.physics-107.3.26, omni.usd.metrics.assembler.ui-107.3.1 (path: /isaac-sim/extscache/omni.usd.metrics.assembler-107.3.1+107.3.0.lx64.r.cp311.u353)
2026-06-20T14:08:46Z [14,591ms] [Info] [omni.kit.app.plugin] [14.611s] [ext: omni.usd.metrics.assembler-107.3.1] startup
2026-06-20T14:08:46Z [14,591ms] [Info] [omni.ext.plugin] [ext manager] preferLocalVersions: 1
2026-06-20T14:08:46Z [14,592ms] [Info] [carb] Registered plugin: omni.usd.metrics.assembler.plugin (interfaces: [omni::usd::IMetricsAssembler v1.0]) (impl: omni.usd.metrics.assembler.plugin)
2026-06-20T14:08:46Z [14,613ms] [Info] [omni.ext._impl._internal] Searching for classes derived from 'omni.ext.IExt' in 'omni.metrics.assembler.core' ('/isaac-sim/extscache/omni.usd.metrics.assembler-107.3.1+107.3.0.lx64.r.cp311.u353')
2026-06-20T14:08:46Z [14,613ms] [Info] [omni.ext._impl._internal] Found class `OmniUsdMetricsAssembler` derived from `omni.ext.IExt` in module: 'omni.metrics.assembler.core' in '/isaac-sim/extscache/omni.usd.metrics.assembler-107.3.1+107.3.0.lx64.r.cp311.u353'. Calling `on_startup`.
2026-06-20T14:08:46Z [14,613ms] [Info] [carb] Initializing plugin: omni.usd.metrics.assembler.plugin (interfaces: [omni::usd::IMetricsAssembler v1.0]) (impl: omni.usd.metrics.assembler.plugin)
2026-06-20T14:08:46Z [14,614ms] [Info] [omni.ext.plugin] [ext: omni.usd.metrics.assembler-107.3.1] started, startup time: 22 (ms)
2026-06-20T14:08:46Z [14,614ms] [Info] [omni.ext.plugin] About to startup: [ext: omni.usdphysics-107.3.26] (order: 0) Triggered by: isaacsim.core.utils-3.5.1, omni.physx-107.3.26, omni.physx.cooking-107.3.26 (path: /isaac-sim/extscache/omni.usdphysics-107.3.26+107.3.3.lx64.r.cp311.u353)
2026-06-20T14:08:46Z [14,614ms] [Info] [omni.kit.app.plugin] [14.634s] [ext: omni.usdphysics-107.3.26] startup
2026-06-20T14:08:46Z [14,614ms] [Info] [omni.ext.plugin] [ext manager] preferLocalVersions: 1
2026-06-20T14:08:46Z [14,615ms] [Info] [carb] Registered plugin: omni.physicsschema.plugin (interfaces: [omni::physics::schema::IUsdPhysics v1.1],[omni::physics::usdparser::IUsdPhysicsParse v1.0]) (impl: omni.physicsschema.plugin)
2026-06-20T14:08:46Z [14,627ms] [Info] [omni.ext._impl._internal] Searching for classes derived from 'omni.ext.IExt' in 'omni.usdphysics' ('/isaac-sim/extscache/omni.usdphysics-107.3.26+107.3.3.lx64.r.cp311.u353')
2026-06-20T14:08:46Z [14,627ms] [Info] [omni.ext._impl._internal] Found class `PhysicsSchemaExtension` derived from `omni.ext.IExt` in module: 'omni.usdphysics' in '/isaac-sim/extscache/omni.usdphysics-107.3.26+107.3.3.lx64.r.cp311.u353'. Calling `on_startup`.
2026-06-20T14:08:46Z [14,627ms] [Info] [omni.ext._impl._internal] Searching for classes derived from 'omni.ext.IExt' in 'omni.usdphysics.scripts' ('/isaac-sim/extscache/omni.usdphysics-107.3.26+107.3.3.lx64.r.cp311.u353')
2026-06-20T14:08:46Z [14,627ms] [Info] [omni.ext.plugin] [ext: omni.usdphysics-107.3.26] started, startup time: 12 (ms)
2026-06-20T14:08:46Z [14,627ms] [Info] [omni.ext.plugin] About to startup: [ext: omni.localcache-107.3.26] (order: 0) Triggered by: omni.physx.cooking-107.3.26 (path: /isaac-sim/extscache/omni.localcache-107.3.26+107.3.3.lx64.r.cp311.u353)
2026-06-20T14:08:46Z [14,627ms] [Info] [omni.kit.app.plugin] [14.647s] [ext: omni.localcache-107.3.26] startup
2026-06-20T14:08:46Z [14,627ms] [Info] [omni.ext.plugin] [ext manager] preferLocalVersions: 1
2026-06-20T14:08:46Z [14,627ms] [Info] [carb] Registered plugin: omni.localcache.plugin (interfaces: [omni::localcache::ILocalCache v1.0]) (impl: omni.localcache.plugin)
2026-06-20T14:08:46Z [14,628ms] [Info] [omni.ext.plugin] [ext manager] preferLocalVersions: 1
2026-06-20T14:08:46Z [14,639ms] [Info] [omni.ext._impl._internal] Searching for classes derived from 'omni.ext.IExt' in 'omni.localcache' ('/isaac-sim/extscache/omni.localcache-107.3.26+107.3.3.lx64.r.cp311.u353')
2026-06-20T14:08:46Z [14,639ms] [Info] [omni.ext._impl._internal] Found class `ILocalCacheExtension` derived from `omni.ext.IExt` in module: 'omni.localcache' in '/isaac-sim/extscache/omni.localcache-107.3.26+107.3.3.lx64.r.cp311.u353'. Calling `on_startup`.
2026-06-20T14:08:46Z [14,639ms] [Info] [carb] Initializing plugin: omni.localcache.plugin (interfaces: [omni::localcache::ILocalCache v1.0]) (impl: omni.localcache.plugin)
2026-06-20T14:08:46Z [14,639ms] [Info] [omni.ext.plugin] [ext: omni.localcache-107.3.26] started, startup time: 12 (ms)
2026-06-20T14:08:46Z [14,639ms] [Info] [omni.ext.plugin] About to startup: [ext: omni.usd.metrics.assembler.ui-107.3.1] (order: 0) Triggered by: isaaclab.python.headless-2.3.0 (path: /isaac-sim/extscache/omni.usd.metrics.assembler.ui-107.3.1+107.3.0.cp311.u353)
2026-06-20T14:08:46Z [14,639ms] [Info] [omni.kit.app.plugin] [14.660s] [ext: omni.usd.metrics.assembler.ui-107.3.1] startup
2026-06-20T14:08:46Z [14,640ms] [Info] [omni.ext.plugin] [ext manager] preferLocalVersions: 1
2026-06-20T14:08:47Z [14,660ms] [Info] [omni.ext._impl._internal] Searching for classes derived from 'omni.ext.IExt' in 'omni.metrics.assembler.ui' ('/isaac-sim/extscache/omni.usd.metrics.assembler.ui-107.3.1+107.3.0.cp311.u353')
2026-06-20T14:08:47Z [14,660ms] [Info] [omni.ext._impl._internal] Found class `MetricsAssemblerUI` derived from `omni.ext.IExt` in module: 'omni.metrics.assembler.ui' in '/isaac-sim/extscache/omni.usd.metrics.assembler.ui-107.3.1+107.3.0.cp311.u353'. Calling `on_startup`.
2026-06-20T14:08:47Z [14,662ms] [Info] [omni.ext.plugin] [ext: omni.usd.metrics.assembler.ui-107.3.1] started, startup time: 22 (ms)
2026-06-20T14:08:47Z [14,662ms] [Info] [omni.ext.plugin] About to startup: [ext: omni.physx.cooking-107.3.26] (order: 0) Triggered by: omni.physx-107.3.26 (path: /isaac-sim/extscache/omni.physx.cooking-107.3.26+107.3.3.lx64.r.cp311.u353)
2026-06-20T14:08:47Z [14,662ms] [Info] [omni.kit.app.plugin] [14.682s] [ext: omni.physx.cooking-107.3.26] startup
2026-06-20T14:08:47Z [14,662ms] [Info] [omni.ext.plugin] [ext manager] preferLocalVersions: 1
2026-06-20T14:08:47Z [14,664ms] [Info] [carb] Registered plugin: omni.physx.cooking.plugin (interfaces: [omni::physx::IPhysxCookingService v1.0],[omni::physx::IPhysxCookingServicePrivate v13.0]) (impl: omni.physx.cooking.plugin)
2026-06-20T14:08:47Z [14,675ms] [Info] [omni.ext._impl._internal] Searching for classes derived from 'omni.ext.IExt' in 'omni.physxcooking' ('/isaac-sim/extscache/omni.physx.cooking-107.3.26+107.3.3.lx64.r.cp311.u353')
2026-06-20T14:08:47Z [14,675ms] [Info] [omni.ext._impl._internal] Found class `PhysxExtension` derived from `omni.ext.IExt` in module: 'omni.physxcooking' in '/isaac-sim/extscache/omni.physx.cooking-107.3.26+107.3.3.lx64.r.cp311.u353'. Calling `on_startup`.
2026-06-20T14:08:47Z [14,675ms] [Info] [carb] Initializing plugin: omni.physx.cooking.plugin (interfaces: [omni::physx::IPhysxCookingService v1.0],[omni::physx::IPhysxCookingServicePrivate v13.0]) (impl: omni.physx.cooking.plugin)
2026-06-20T14:08:47Z [14,675ms] [Info] [omni.ext.plugin] [ext: omni.physx.cooking-107.3.26] started, startup time: 13 (ms)
2026-06-20T14:08:47Z [14,675ms] [Info] [omni.ext.plugin] About to startup: [ext: omni.physics-107.3.26] (order: 0) Triggered by: omni.physics.physx-107.3.26, omni.physics.stageupdate-107.3.26 (path: /isaac-sim/extscache/omni.physics-107.3.26+107.3.3.lx64.r.cp311.u353)
2026-06-20T14:08:47Z [14,675ms] [Info] [omni.kit.app.plugin] [14.696s] [ext: omni.physics-107.3.26] startup
2026-06-20T14:08:47Z [14,676ms] [Info] [omni.ext.plugin] [ext manager] preferLocalVersions: 1
2026-06-20T14:08:47Z [14,676ms] [Info] [carb] Registered plugin: omni.physics.plugin (interfaces: [omni::physics::IPhysics v0.1],[omni::physics::IPhysicsBenchmarks v0.1],[omni::physics::IPhysicsInteraction v0.1],[omni::physics::IPhysicsSceneQuery v0.1],[omni::physics::IPhysicsSimulation v0.1],[omni::physics::IPhysicsStageUpdate v0.1]) (impl: omni.physics.plugin)
2026-06-20T14:08:47Z [14,691ms] [Info] [omni.ext._impl._internal] Searching for classes derived from 'omni.ext.IExt' in 'omni.physics.core' ('/isaac-sim/extscache/omni.physics-107.3.26+107.3.3.lx64.r.cp311.u353')
2026-06-20T14:08:47Z [14,691ms] [Info] [omni.ext._impl._internal] Found class `PhysicsExtension` derived from `omni.ext.IExt` in module: 'omni.physics.core' in '/isaac-sim/extscache/omni.physics-107.3.26+107.3.3.lx64.r.cp311.u353'. Calling `on_startup`.
2026-06-20T14:08:47Z [14,692ms] [Info] [omni.ext.plugin] [ext: omni.physics-107.3.26] started, startup time: 16 (ms)
2026-06-20T14:08:47Z [14,692ms] [Info] [omni.ext.plugin] About to startup: [ext: omni.physx-107.3.26] (order: 0) Triggered by: isaaclab.python.headless-2.3.0, isaacsim.core.cloner-1.4.10, isaacsim.core.utils-3.5.1, omni.physics.physx-107.3.26, omni.physx.fabric-107.3.26, omni.physx.tensors-107.3.26, omni.replicator.core-1.12.27 (path: /isaac-sim/extscache/omni.physx-107.3.26+107.3.3.lx64.r.cp311.u353)
2026-06-20T14:08:47Z [14,692ms] [Info] [omni.kit.app.plugin] [14.712s] [ext: omni.physx-107.3.26] startup
2026-06-20T14:08:47Z [14,692ms] [Info] [omni.ext.plugin] [ext manager] preferLocalVersions: 1
2026-06-20T14:08:47Z [14,694ms] [Info] [carb] Registered plugin: omni.physx.plugin (interfaces: [omni::physx::IPhysx v5.0],[omni::physx::IPhysxAttachmentPrivate v0.1],[omni::physx::IPhysxBenchmarks v1.0],[omni::physx::IPhysxCooking v3.0],[omni::physx::IPhysxCookingPrivate v2.0],[omni::physx::IPhysxCustomGeometry v1.0],[omni::physx::IPhysxCustomJoint v1.0],[omni::physx::IPhysxJoint v1.0],[omni::physx::IPhysxParticlesPrivate v0.1],[omni::physx::IPhysxPrivate v2.0],[omni::physx::IPhysxPropertyQuery v1.0],[omni::physx::IPhysxReplicator v2.0],[omni::physx::IPhysxSceneQuery v1.0],[omni::physx::IPhysxSimulation v3.0],[omni::physx::IPhysxStageUpdate v0.1],[omni::physx::IPhysxStatistics v3.0],[omni::physx::IPhysxUnitTests v3.0],[omni::physx::IPhysxVisualization v2.0],[omni::physx::IPhysxVisualizationPrivate v1.0],[omni::physx::usdparser::IPhysxUsdLoad v1.0]) (impl: omni.physx.plugin)
2026-06-20T14:08:47Z [14,715ms] [Info] [omni.ext._impl._internal] Searching for classes derived from 'omni.ext.IExt' in 'omni.physx' ('/isaac-sim/extscache/omni.physx-107.3.26+107.3.3.lx64.r.cp311.u353')
2026-06-20T14:08:47Z [14,715ms] [Info] [omni.ext._impl._internal] Found class `PhysxExtension` derived from `omni.ext.IExt` in module: 'omni.physx' in '/isaac-sim/extscache/omni.physx-107.3.26+107.3.3.lx64.r.cp311.u353'. Calling `on_startup`.
2026-06-20T14:08:47Z [14,715ms] [Info] [carb] Initializing plugin: omni.physx.plugin (interfaces: [omni::physx::IPhysx v5.0],[omni::physx::IPhysxAttachmentPrivate v0.1],[omni::physx::IPhysxBenchmarks v1.0],[omni::physx::IPhysxCooking v3.0],[omni::physx::IPhysxCookingPrivate v2.0],[omni::physx::IPhysxCustomGeometry v1.0],[omni::physx::IPhysxCustomJoint v1.0],[omni::physx::IPhysxJoint v1.0],[omni::physx::IPhysxParticlesPrivate v0.1],[omni::physx::IPhysxPrivate v2.0],[omni::physx::IPhysxPropertyQuery v1.0],[omni::physx::IPhysxReplicator v2.0],[omni::physx::IPhysxSceneQuery v1.0],[omni::physx::IPhysxSimulation v3.0],[omni::physx::IPhysxStageUpdate v0.1],[omni::physx::IPhysxStatistics v3.0],[omni::physx::IPhysxUnitTests v3.0],[omni::physx::IPhysxVisualization v2.0],[omni::physx::IPhysxVisualizationPrivate v1.0],[omni::physx::usdparser::IPhysxUsdLoad v1.0]) (impl: omni.physx.plugin)
2026-06-20T14:08:47Z [14,716ms] [Info] [carb] Initializing plugin: omni.physicsschema.plugin (interfaces: [omni::physics::schema::IUsdPhysics v1.1],[omni::physics::usdparser::IUsdPhysicsParse v1.0]) (impl: omni.physicsschema.plugin)
2026-06-20T14:08:47Z [14,717ms] [Info] [omni.physx.plugin] 
omni.physx handle on CUDA lib is 0xddee0e0

2026-06-20T14:08:47Z [14,717ms] [Info] [omni.ext._impl._internal] Searching for classes derived from 'omni.ext.IExt' in 'omni.physx.scripts' ('/isaac-sim/extscache/omni.physx-107.3.26+107.3.3.lx64.r.cp311.u353')
2026-06-20T14:08:47Z [14,717ms] [Info] [omni.ext.plugin] [ext: omni.physx-107.3.26] started, startup time: 25 (ms)
2026-06-20T14:08:47Z [14,717ms] [Info] [omni.ext.plugin] About to startup: [ext: omni.physics.stageupdate-107.3.26] (order: 0) Triggered by: isaacsim.core.api-4.8.0, isaacsim.core.simulation_manager-1.4.4, omni.isaac.dynamic_control-2.0.7, omni.replicator.core-1.12.27 (path: /isaac-sim/extscache/omni.physics.stageupdate-107.3.26+107.3.3.lx64.r.cp311.u353)
2026-06-20T14:08:47Z [14,717ms] [Info] [omni.kit.app.plugin] [14.738s] [ext: omni.physics.stageupdate-107.3.26] startup
2026-06-20T14:08:47Z [14,717ms] [Info] [omni.ext.plugin] [ext manager] preferLocalVersions: 1
2026-06-20T14:08:47Z [14,718ms] [Info] [carb] Registered plugin: omni.physics.stageupdate.plugin (interfaces: [omni::ext::IExt v0.1],[omni::physx::IPhysicsStageUpdateNode v0.1]) (impl: omni.physics.stageupdate.plugin)
2026-06-20T14:08:47Z [14,718ms] [Info] [carb] Initializing plugin: omni.physics.stageupdate.plugin (interfaces: [omni::ext::IExt v0.1],[omni::physx::IPhysicsStageUpdateNode v0.1]) (impl: omni.physics.stageupdate.plugin)
2026-06-20T14:08:47Z [14,718ms] [Info] [omni.ext.plugin] [ext: omni.physics.stageupdate-107.3.26] Starting ext::IExt in '/isaac-sim/extscache/omni.physics.stageupdate-107.3.26+107.3.3.lx64.r.cp311.u353/bin/libomni.physics.stageupdate.plugin.so'
2026-06-20T14:08:47Z [14,718ms] [Info] [carb] Initializing plugin: omni.physics.plugin (interfaces: [omni::physics::IPhysics v0.1],[omni::physics::IPhysicsBenchmarks v0.1],[omni::physics::IPhysicsInteraction v0.1],[omni::physics::IPhysicsSceneQuery v0.1],[omni::physics::IPhysicsSimulation v0.1],[omni::physics::IPhysicsStageUpdate v0.1]) (impl: omni.physics.plugin)
2026-06-20T14:08:47Z [14,718ms] [Info] [omni.ext.plugin] [ext manager] preferLocalVersions: 1
2026-06-20T14:08:47Z [14,733ms] [Info] [omni.ext._impl._internal] Searching for classes derived from 'omni.ext.IExt' in 'omni.physics.stageupdate' ('/isaac-sim/extscache/omni.physics.stageupdate-107.3.26+107.3.3.lx64.r.cp311.u353')
2026-06-20T14:08:47Z [14,733ms] [Info] [omni.ext._impl._internal] Found class `OmniPhysXStageUpdateExtension` derived from `omni.ext.IExt` in module: 'omni.physics.stageupdate' in '/isaac-sim/extscache/omni.physics.stageupdate-107.3.26+107.3.3.lx64.r.cp311.u353'. Calling `on_startup`.
2026-06-20T14:08:47Z [14,733ms] [Info] [omni.ext.plugin] [ext: omni.physics.stageupdate-107.3.26] started, startup time: 15 (ms)
2026-06-20T14:08:47Z [14,733ms] [Info] [omni.ext.plugin] About to startup: [ext: omni.physics.physx-107.3.26] (order: 0) Triggered by: isaacsim.core.api-4.8.0, isaacsim.core.simulation_manager-1.4.4, omni.isaac.dynamic_control-2.0.7, omni.replicator.core-1.12.27 (path: /isaac-sim/extscache/omni.physics.physx-107.3.26+107.3.3.lx64.r.cp311.u353)
2026-06-20T14:08:47Z [14,733ms] [Info] [omni.kit.app.plugin] [14.753s] [ext: omni.physics.physx-107.3.26] startup
2026-06-20T14:08:47Z [14,733ms] [Info] [omni.ext.plugin] [ext manager] preferLocalVersions: 1
2026-06-20T14:08:47Z [14,734ms] [Info] [carb] Registered plugin: omni.physics.physx.plugin (interfaces: [omni::ext::IExt v0.1]) (impl: omni.physics.physx.plugin)
2026-06-20T14:08:47Z [14,734ms] [Info] [carb] Initializing plugin: omni.physics.physx.plugin (interfaces: [omni::ext::IExt v0.1]) (impl: omni.physics.physx.plugin)
2026-06-20T14:08:47Z [14,734ms] [Info] [omni.ext.plugin] [ext: omni.physics.physx-107.3.26] Starting ext::IExt in '/isaac-sim/extscache/omni.physics.physx-107.3.26+107.3.3.lx64.r.cp311.u353/bin/libomni.physics.physx.plugin.so'
2026-06-20T14:08:47Z [14,734ms] [Warning] [carb] Acquiring non optional plugin interface which is not listed as dependency: [omni::physx::IPhysxBenchmarks v1.0] (plugin: <default plugin>), by client: omni.physics.physx.plugin. Add it to CARB_PLUGIN_IMPL_DEPS() macro of a client.
2026-06-20T14:08:47Z [14,744ms] [Info] [omni.ext._impl._internal] Searching for classes derived from 'omni.ext.IExt' in 'omni.physics.physx' ('/isaac-sim/extscache/omni.physics.physx-107.3.26+107.3.3.lx64.r.cp311.u353')
2026-06-20T14:08:47Z [14,744ms] [Info] [omni.ext.plugin] [ext: omni.physics.physx-107.3.26] started, startup time: 11 (ms)
2026-06-20T14:08:47Z [14,744ms] [Info] [omni.ext.plugin] About to startup: [ext: omni.physx.fabric-107.3.26] (order: 0) Triggered by: isaaclab.python.headless-2.3.0 (path: /isaac-sim/extscache/omni.physx.fabric-107.3.26+107.3.3.lx64.r.cp311.u353)
2026-06-20T14:08:47Z [14,744ms] [Info] [omni.kit.app.plugin] [14.765s] [ext: omni.physx.fabric-107.3.26] startup
2026-06-20T14:08:47Z [14,744ms] [Info] [omni.ext.plugin] [ext manager] preferLocalVersions: 1
2026-06-20T14:08:47Z [14,746ms] [Info] [carb] Registered plugin: omni.physx.fabric.plugin (interfaces: [omni::physx::IPhysxFabric v1.0]) (impl: omni.physx.fabric.plugin)
2026-06-20T14:08:47Z [14,757ms] [Info] [omni.ext._impl._internal] Searching for classes derived from 'omni.ext.IExt' in 'omni.physxfabric' ('/isaac-sim/extscache/omni.physx.fabric-107.3.26+107.3.3.lx64.r.cp311.u353')
2026-06-20T14:08:47Z [14,757ms] [Info] [omni.ext._impl._internal] Found class `PhysxFabricExtension` derived from `omni.ext.IExt` in module: 'omni.physxfabric' in '/isaac-sim/extscache/omni.physx.fabric-107.3.26+107.3.3.lx64.r.cp311.u353'. Calling `on_startup`.
2026-06-20T14:08:47Z [14,757ms] [Info] [carb] Initializing plugin: omni.physx.fabric.plugin (interfaces: [omni::physx::IPhysxFabric v1.0]) (impl: omni.physx.fabric.plugin)
2026-06-20T14:08:47Z [14,758ms] [Info] [omni.ext.plugin] [ext: omni.physx.fabric-107.3.26] started, startup time: 14 (ms)
2026-06-20T14:08:47Z [14,758ms] [Info] [omni.ext.plugin] About to startup: [ext: omni.isaac.dynamic_control-2.0.7] (order: 0) Triggered by: isaacsim.core.utils-3.5.1 (path: /isaac-sim/extsDeprecated/omni.isaac.dynamic_control)
2026-06-20T14:08:47Z [14,758ms] [Info] [omni.kit.app.plugin] [14.779s] [ext: omni.isaac.dynamic_control-2.0.7] startup
2026-06-20T14:08:47Z [14,759ms] [Info] [omni.ext.plugin] [ext manager] preferLocalVersions: 1
2026-06-20T14:08:47Z [14,760ms] [Info] [carb] Registered plugin: omni.isaac.dynamic_control.plugin (interfaces: [omni::isaac::dynamic_control::DynamicControl v0.1]) (impl: omni.isaac.dynamic_control.plugin)
2026-06-20T14:08:47Z [14,779ms] [Warning] [omni.isaac.dynamic_control] omni.isaac.dynamic_control is deprecated as of Isaac Sim 4.5. No action is needed from end-users.
2026-06-20T14:08:47Z [14,779ms] [Info] [omni.ext._impl._internal] Searching for classes derived from 'omni.ext.IExt' in 'omni.isaac.dynamic_control' ('/isaac-sim/extsDeprecated/omni.isaac.dynamic_control')
2026-06-20T14:08:47Z [14,779ms] [Info] [omni.ext._impl._internal] Found class `Extension` derived from `omni.ext.IExt` in module: 'omni.isaac.dynamic_control' in '/isaac-sim/extsDeprecated/omni.isaac.dynamic_control'. Calling `on_startup`.
2026-06-20T14:08:47Z [14,779ms] [Info] [carb] Initializing plugin: omni.isaac.dynamic_control.plugin (interfaces: [omni::isaac::dynamic_control::DynamicControl v0.1]) (impl: omni.isaac.dynamic_control.plugin)
2026-06-20T14:08:47Z [14,780ms] [Info] [omni.isaac.dynamic_control.plugin] Acquired interface 'omni::physx::IPhysx', version 5.0

2026-06-20T14:08:47Z [14,780ms] [Info] [omni.isaac.dynamic_control.plugin] Acquired interface 'omni::physx::IPhysxSceneQuery', version 1.0

2026-06-20T14:08:47Z [14,782ms] [Info] [omni.ext._impl._internal] Searching for classes derived from 'omni.ext.IExt' in 'omni.isaac.dynamic_control.tests' ('/isaac-sim/extsDeprecated/omni.isaac.dynamic_control')
2026-06-20T14:08:47Z [14,782ms] [Info] [omni.ext.plugin] [ext: omni.isaac.dynamic_control-2.0.7] started, startup time: 24 (ms)
2026-06-20T14:08:47Z [14,783ms] [Info] [omni.ext.plugin] About to startup: [ext: omni.physics.tensors-107.3.26] (order: 0) Triggered by: isaacsim.core.utils-3.5.1, omni.physx.tensors-107.3.26 (path: /isaac-sim/extscache/omni.physics.tensors-107.3.26+107.3.3.lx64.r.cp311.u353)
2026-06-20T14:08:47Z [14,783ms] [Info] [omni.kit.app.plugin] [14.803s] [ext: omni.physics.tensors-107.3.26] startup
2026-06-20T14:08:47Z [14,783ms] [Info] [omni.ext.plugin] [ext manager] preferLocalVersions: 1
2026-06-20T14:08:47Z [14,783ms] [Info] [omni.ext.plugin] [ext manager] preferLocalVersions: 1
2026-06-20T14:08:47Z [14,784ms] [Info] [carb] Registered plugin: omni.physics.tensors.plugin (interfaces: [omni::physics::tensors::BackendRegistry v0.1],[omni::physics::tensors::TensorApi v0.1]) (impl: omni.physics.tensors.plugin)
2026-06-20T14:08:47Z [14,818ms] [Info] [omni.ext._impl._internal] Searching for classes derived from 'omni.ext.IExt' in 'omni.physics.tensors' ('/isaac-sim/extscache/omni.physics.tensors-107.3.26+107.3.3.lx64.r.cp311.u353')
2026-06-20T14:08:47Z [14,818ms] [Info] [omni.ext._impl._internal] Found class `Extension` derived from `omni.ext.IExt` in module: 'omni.physics.tensors' in '/isaac-sim/extscache/omni.physics.tensors-107.3.26+107.3.3.lx64.r.cp311.u353'. Calling `on_startup`.
2026-06-20T14:08:47Z [14,818ms] [Info] [omni.ext.plugin] [ext: omni.physics.tensors-107.3.26] started, startup time: 35 (ms)
2026-06-20T14:08:47Z [14,819ms] [Info] [omni.ext.plugin] About to startup: [ext: omni.warp.core-1.8.2] (order: 0) Triggered by: isaaclab.python.headless-2.3.0, isaacsim.core.api-4.8.0, isaacsim.core.prims-0.6.1, isaacsim.core.utils-3.5.1, omni.warp-1.8.2 (path: /isaac-sim/extscache/omni.warp.core-1.8.2+lx64)
2026-06-20T14:08:47Z [14,819ms] [Info] [omni.kit.app.plugin] [14.839s] [ext: omni.warp.core-1.8.2] startup
2026-06-20T14:08:47Z [14,819ms] [Info] [omni.ext.plugin] [ext manager] preferLocalVersions: 1
2026-06-20T14:08:47Z [14,832ms] [Info] [omni.ext._impl._internal] Searching for classes derived from 'omni.ext.IExt' in 'omni.warp.core' ('/isaac-sim/extscache/omni.warp.core-1.8.2+lx64')
2026-06-20T14:08:47Z [14,832ms] [Info] [omni.ext._impl._internal] Found class `OmniWarpCoreExtension` derived from `omni.ext.IExt` in module: 'omni.warp.core' in '/isaac-sim/extscache/omni.warp.core-1.8.2+lx64'. Calling `on_startup`.
2026-06-20T14:08:47Z [14,832ms] [Info] [omni.ext._impl._internal] Searching for classes derived from 'omni.ext.IExt' in 'warp' ('/isaac-sim/extscache/omni.warp.core-1.8.2+lx64')
2026-06-20T14:08:47Z [14,833ms] [Info] [omni.ext.plugin] [ext: omni.warp.core-1.8.2] started, startup time: 14 (ms)
2026-06-20T14:08:47Z [14,833ms] [Info] [omni.ext.plugin] About to startup: [ext: omni.usd.metrics.assembler.physics-107.3.26] (order: 0) Triggered by: isaacsim.core.utils-3.5.1 (path: /isaac-sim/extscache/omni.usd.metrics.assembler.physics-107.3.26+107.3.3.cp311.u353)
2026-06-20T14:08:47Z [14,833ms] [Info] [omni.kit.app.plugin] [14.854s] [ext: omni.usd.metrics.assembler.physics-107.3.26] startup
2026-06-20T14:08:47Z [14,834ms] [Info] [omni.ext.plugin] [ext manager] preferLocalVersions: 1
2026-06-20T14:08:47Z [14,834ms] [Info] [omni.ext.plugin] [ext manager] preferLocalVersions: 1
2026-06-20T14:08:47Z [14,857ms] [Info] [omni.ext._impl._internal] Searching for classes derived from 'omni.ext.IExt' in 'omni.metrics.assembler.physics' ('/isaac-sim/extscache/omni.usd.metrics.assembler.physics-107.3.26+107.3.3.cp311.u353')
2026-06-20T14:08:47Z [14,857ms] [Info] [omni.ext._impl._internal] Found class `OmniUsdMetricsAssemblerPhysics` derived from `omni.ext.IExt` in module: 'omni.metrics.assembler.physics' in '/isaac-sim/extscache/omni.usd.metrics.assembler.physics-107.3.26+107.3.3.cp311.u353'. Calling `on_startup`.
2026-06-20T14:08:47Z [14,858ms] [Info] [omni.ext.plugin] [ext: omni.usd.metrics.assembler.physics-107.3.26] started, startup time: 24 (ms)
2026-06-20T14:08:47Z [14,858ms] [Info] [omni.ext.plugin] About to startup: [ext: omni.graph.action_nodes-1.50.4] (order: 0) Triggered by: omni.graph.action-1.130.0 (path: /isaac-sim/extscache/omni.graph.action_nodes-1.50.4+107.3.0.lx64.r.cp311.u353)
2026-06-20T14:08:47Z [14,858ms] [Info] [omni.kit.app.plugin] [14.878s] [ext: omni.graph.action_nodes-1.50.4] startup
2026-06-20T14:08:47Z [14,858ms] [Info] [omni.ext.plugin] [ext manager] preferLocalVersions: 1
2026-06-20T14:08:47Z [14,873ms] [Info] [omni.ext._impl._internal] Searching for classes derived from 'omni.ext.IExt' in 'omni.graph.action_nodes' ('/isaac-sim/extscache/omni.graph.action_nodes-1.50.4+107.3.0.lx64.r.cp311.u353')
2026-06-20T14:08:47Z [14,873ms] [Info] [omni.ext._impl._internal] Found class `_PublicExtension` derived from `omni.ext.IExt` in module: 'omni.graph.action_nodes' in '/isaac-sim/extscache/omni.graph.action_nodes-1.50.4+107.3.0.lx64.r.cp311.u353'. Calling `on_startup`.
2026-06-20T14:08:47Z [14,873ms] [Info] [omni.ext.plugin] [ext: omni.graph.action_nodes-1.50.4] started, startup time: 15 (ms)
2026-06-20T14:08:47Z [14,873ms] [Info] [omni.ext.plugin] About to startup: [ext: omni.physx.tensors-107.3.26] (order: 0) Triggered by: isaaclab.python.headless-2.3.0, isaacsim.core.api-4.8.0, isaacsim.core.prims-0.6.1, isaacsim.core.simulation_manager-1.4.4 (path: /isaac-sim/extscache/omni.physx.tensors-107.3.26+107.3.3.lx64.r.cp311.u353)
2026-06-20T14:08:47Z [14,873ms] [Info] [omni.kit.app.plugin] [14.894s] [ext: omni.physx.tensors-107.3.26] startup
2026-06-20T14:08:47Z [14,873ms] [Info] [omni.ext.plugin] [ext manager] preferLocalVersions: 1
2026-06-20T14:08:47Z [14,875ms] [Info] [carb] Registered plugin: omni.physx.tensors.plugin (interfaces: [omni::ext::IExt v0.1]) (impl: omni.physx.tensors.plugin)
2026-06-20T14:08:47Z [14,876ms] [Info] [carb] Initializing plugin: omni.physx.tensors.plugin (interfaces: [omni::ext::IExt v0.1]) (impl: omni.physx.tensors.plugin)
2026-06-20T14:08:47Z [14,877ms] [Info] [omni.ext.plugin] [ext: omni.physx.tensors-107.3.26] Starting ext::IExt in '/isaac-sim/extscache/omni.physx.tensors-107.3.26+107.3.3.lx64.r.cp311.u353/bin/libomni.physx.tensors.plugin.so'
2026-06-20T14:08:47Z [14,878ms] [Info] [carb] Initializing plugin: omni.physics.tensors.plugin (interfaces: [omni::physics::tensors::BackendRegistry v0.1],[omni::physics::tensors::TensorApi v0.1]) (impl: omni.physics.tensors.plugin)
2026-06-20T14:08:47Z [14,878ms] [Info] [omni.physx.tensors.plugin] Registered simulation backend 'physx'

2026-06-20T14:08:47Z [14,878ms] [Info] [omni.ext.plugin] [ext: omni.physx.tensors-107.3.26] started, startup time: 4 (ms)
2026-06-20T14:08:47Z [14,878ms] [Info] [omni.ext.plugin] About to startup: [ext: isaacsim.core.utils-3.5.1] (order: 0) Triggered by: isaaclab.python.headless-2.3.0, isaacsim.core.api-4.8.0, isaacsim.core.prims-0.6.1, isaacsim.core.simulation_manager-1.4.4 (path: /isaac-sim/exts/isaacsim.core.utils)
2026-06-20T14:08:47Z [14,879ms] [Info] [omni.kit.app.plugin] [14.899s] [ext: isaacsim.core.utils-3.5.1] startup
2026-06-20T14:08:47Z [14,921ms] [Info] [omni.ext._impl._internal] Searching for classes derived from 'omni.ext.IExt' in 'isaacsim.core.utils' ('/isaac-sim/exts/isaacsim.core.utils')
2026-06-20T14:08:47Z [14,927ms] [Info] [omni.ext._impl._internal] Searching for classes derived from 'omni.ext.IExt' in 'isaacsim.core.utils.tests' ('/isaac-sim/exts/isaacsim.core.utils')
2026-06-20T14:08:47Z [14,927ms] [Info] [omni.ext.plugin] [ext: isaacsim.core.utils-3.5.1] started, startup time: 48 (ms)
2026-06-20T14:08:47Z [14,928ms] [Info] [omni.ext.plugin] About to startup: [ext: omni.graph.nodes-1.170.10] (order: 0) Triggered by: omni.replicator.core-1.12.27, omni.warp-1.8.2 (path: /isaac-sim/extscache/omni.graph.nodes-1.170.10+107.3.0.lx64.r.cp311.u353)
2026-06-20T14:08:47Z [14,928ms] [Info] [omni.kit.app.plugin] [14.948s] [ext: omni.graph.nodes-1.170.10] startup
2026-06-20T14:08:47Z [14,928ms] [Info] [omni.ext.plugin] [ext manager] preferLocalVersions: 1
2026-06-20T14:08:47Z [14,929ms] [Info] [omni.ext.plugin] [ext manager] preferLocalVersions: 1
2026-06-20T14:08:47Z [14,931ms] [Info] [carb] Registered plugin: omni.graph.nodes.plugin (interfaces: [omni::graph::nodes v1.0]) (impl: omni.graph.nodes.plugin)
2026-06-20T14:08:47Z [14,956ms] [Info] [omni.ext._impl._internal] Searching for classes derived from 'omni.ext.IExt' in 'omni.graph.nodes' ('/isaac-sim/extscache/omni.graph.nodes-1.170.10+107.3.0.lx64.r.cp311.u353')
2026-06-20T14:08:47Z [14,957ms] [Info] [omni.ext._impl._internal] Found class `_PublicExtension` derived from `omni.ext.IExt` in module: 'omni.graph.nodes' in '/isaac-sim/extscache/omni.graph.nodes-1.170.10+107.3.0.lx64.r.cp311.u353'. Calling `on_startup`.
2026-06-20T14:08:47Z [14,957ms] [Info] [carb] Initializing plugin: omni.graph.nodes.plugin (interfaces: [omni::graph::nodes v1.0]) (impl: omni.graph.nodes.plugin)
2026-06-20T14:08:47Z [14,962ms] [Info] [omni.ext.plugin] [ext: omni.graph.nodes-1.170.10] started, startup time: 34 (ms)
2026-06-20T14:08:47Z [14,962ms] [Info] [omni.ext.plugin] About to startup: [ext: omni.graph.action-1.130.0] (order: 0) Triggered by: omni.replicator.core-1.12.27, omni.warp-1.8.2 (path: /isaac-sim/extscache/omni.graph.action-1.130.0+107.3.0)
2026-06-20T14:08:47Z [14,962ms] [Info] [omni.kit.app.plugin] [14.983s] [ext: omni.graph.action-1.130.0] startup
2026-06-20T14:08:47Z [14,963ms] [Info] [omni.ext.plugin] [ext manager] preferLocalVersions: 1
2026-06-20T14:08:47Z [14,977ms] [Info] [omni.ext._impl._internal] Searching for classes derived from 'omni.ext.IExt' in 'omni.graph.action' ('/isaac-sim/extscache/omni.graph.action-1.130.0+107.3.0')
2026-06-20T14:08:47Z [14,977ms] [Info] [omni.ext.plugin] [ext: omni.graph.action-1.130.0] started, startup time: 14 (ms)
2026-06-20T14:08:47Z [14,977ms] [Info] [omni.ext.plugin] About to startup: [ext: omni.kit.stage_template.core-1.1.22] (order: 0) Triggered by: omni.kit.stage_templates-2.0.0 (path: /isaac-sim/extscache/omni.kit.stage_template.core-1.1.22+69cbf6ad)
2026-06-20T14:08:47Z [14,977ms] [Info] [omni.kit.app.plugin] [14.998s] [ext: omni.kit.stage_template.core-1.1.22] startup
2026-06-20T14:08:47Z [14,978ms] [Info] [omni.ext.plugin] [ext manager] preferLocalVersions: 1
2026-06-20T14:08:47Z [15,009ms] [Info] [omni.ext._impl._internal] Searching for classes derived from 'omni.ext.IExt' in 'omni.kit.stage_template.core' ('/isaac-sim/extscache/omni.kit.stage_template.core-1.1.22+69cbf6ad')
2026-06-20T14:08:47Z [15,009ms] [Info] [omni.ext._impl._internal] Found class `CoreStageExtension` derived from `omni.ext.IExt` in module: 'omni.kit.stage_template.core' in '/isaac-sim/extscache/omni.kit.stage_template.core-1.1.22+69cbf6ad'. Calling `on_startup`.
2026-06-20T14:08:47Z [15,009ms] [Info] [omni.ext.plugin] [ext: omni.kit.stage_template.core-1.1.22] started, startup time: 31 (ms)
2026-06-20T14:08:47Z [15,010ms] [Info] [omni.ext.plugin] About to startup: [ext: isaacsim.core.simulation_manager-1.4.4] (order: 0) Triggered by: isaacsim.core.api-4.8.0, isaacsim.core.cloner-1.4.10, isaacsim.core.prims-0.6.1 (path: /isaac-sim/exts/isaacsim.core.simulation_manager)
2026-06-20T14:08:47Z [15,010ms] [Info] [omni.kit.app.plugin] [15.030s] [ext: isaacsim.core.simulation_manager-1.4.4] startup
2026-06-20T14:08:47Z [15,012ms] [Info] [omni.ext.plugin] [ext manager] preferLocalVersions: 1
2026-06-20T14:08:47Z [15,013ms] [Info] [carb] Registered plugin: isaacsim.core.simulation_manager.plugin (interfaces: [isaacsim::core::simulation_manager::ISimulationManager v2.0],[omni::ext::IExt v0.1]) (impl: isaacsim.core.simulation_manager.plugin)
2026-06-20T14:08:47Z [15,013ms] [Info] [carb] Initializing plugin: isaacsim.core.simulation_manager.plugin (interfaces: [isaacsim::core::simulation_manager::ISimulationManager v2.0],[omni::ext::IExt v0.1]) (impl: isaacsim.core.simulation_manager.plugin)
2026-06-20T14:08:47Z [15,013ms] [Info] [omni.ext.plugin] [ext: isaacsim.core.simulation_manager-1.4.4] Starting ext::IExt in '/isaac-sim/exts/isaacsim.core.simulation_manager/bin/libisaacsim.core.simulation_manager.plugin.so'
2026-06-20T14:08:47Z [15,013ms] [Info] [carb] Plugin isaacsim.core.simulation_manager.plugin is already a dependency of omni.physx.plugin; not changing unload order
2026-06-20T14:08:47Z [15,189ms] [Info] [omni.graph.core.plugin] Creating unregistered node type omni.graph.action.ExitApplication (version 1)
2026-06-20T14:08:47Z [15,189ms] [Info] [omni.graph.core.plugin] Creating unregistered node type omni.graph.action.Countdown (version 2)
2026-06-20T14:08:47Z [15,189ms] [Info] [omni.graph.core.plugin] Creating unregistered node type omni.graph.action.OnCustomEvent (version 3)
2026-06-20T14:08:47Z [15,189ms] [Info] [omni.graph.core.plugin] Creating unregistered node type omni.graph.action.OnStageEvent (version 4)
2026-06-20T14:08:47Z [15,190ms] [Info] [omni.graph.core.plugin] Creating unregistered node type omni.graph.action.SendCustomEvent (version 2)
2026-06-20T14:08:48Z [15,776ms] [Info] [omni.ext._impl._internal] Searching for classes derived from 'omni.ext.IExt' in 'isaacsim.core.simulation_manager' ('/isaac-sim/exts/isaacsim.core.simulation_manager')
2026-06-20T14:08:48Z [15,776ms] [Info] [omni.ext._impl._internal] Found class `Extension` derived from `omni.ext.IExt` in module: 'isaacsim.core.simulation_manager' in '/isaac-sim/exts/isaacsim.core.simulation_manager'. Calling `on_startup`.
2026-06-20T14:08:48Z [15,780ms] [Info] [omni.ext._impl._internal] Searching for classes derived from 'omni.ext.IExt' in 'isaacsim.core.simulation_manager.tests' ('/isaac-sim/exts/isaacsim.core.simulation_manager')
2026-06-20T14:08:48Z [15,780ms] [Info] [omni.ext.plugin] [ext: isaacsim.core.simulation_manager-1.4.4] started, startup time: 770 (ms)
2026-06-20T14:08:48Z [15,780ms] [Info] [omni.ext.plugin] About to startup: [ext: omni.graph.ui_nodes-1.50.5] (order: 0) Triggered by: omni.warp-1.8.2 (path: /isaac-sim/extscache/omni.graph.ui_nodes-1.50.5+107.3.0.lx64.r.cp311.u353)
2026-06-20T14:08:48Z [15,780ms] [Info] [omni.kit.app.plugin] [15.800s] [ext: omni.graph.ui_nodes-1.50.5] startup
2026-06-20T14:08:48Z [15,780ms] [Info] [omni.ext.plugin] [ext manager] preferLocalVersions: 1
2026-06-20T14:08:48Z [15,782ms] [Info] [omni.ext.plugin] [ext manager] preferLocalVersions: 1
2026-06-20T14:08:48Z [15,782ms] [Info] [carb] Registered plugin: omni.graph.ui_nodes.plugin (interfaces: [omni::graph::ui_nodes v1.0]) (impl: omni.graph.ui_nodes.plugin)
2026-06-20T14:08:48Z [15,799ms] [Info] [omni.ext._impl._internal] Searching for classes derived from 'omni.ext.IExt' in 'omni.graph.ui_nodes' ('/isaac-sim/extscache/omni.graph.ui_nodes-1.50.5+107.3.0.lx64.r.cp311.u353')
2026-06-20T14:08:48Z [15,799ms] [Info] [omni.ext._impl._internal] Found class `_PublicExtension` derived from `omni.ext.IExt` in module: 'omni.graph.ui_nodes' in '/isaac-sim/extscache/omni.graph.ui_nodes-1.50.5+107.3.0.lx64.r.cp311.u353'. Calling `on_startup`.
2026-06-20T14:08:48Z [15,800ms] [Info] [carb] Initializing plugin: omni.graph.ui_nodes.plugin (interfaces: [omni::graph::ui_nodes v1.0]) (impl: omni.graph.ui_nodes.plugin)
2026-06-20T14:08:48Z [15,800ms] [Info] [omni.ext.plugin] [ext: omni.graph.ui_nodes-1.50.5] started, startup time: 20 (ms)
2026-06-20T14:08:48Z [15,800ms] [Info] [omni.ext.plugin] About to startup: [ext: omni.kit.primitive.mesh-1.0.17] (order: 0) Triggered by: omni.kit.stage_templates-2.0.0, omni.replicator.core-1.12.27 (path: /isaac-sim/extscache/omni.kit.primitive.mesh-1.0.17+69cbf6ad)
2026-06-20T14:08:48Z [15,800ms] [Info] [omni.kit.app.plugin] [15.821s] [ext: omni.kit.primitive.mesh-1.0.17] startup
2026-06-20T14:08:48Z [15,800ms] [Info] [omni.ext.plugin] [ext manager] preferLocalVersions: 1
2026-06-20T14:08:48Z [15,883ms] [Info] [omni.ext._impl._internal] Searching for classes derived from 'omni.ext.IExt' in 'omni.kit.primitive.mesh' ('/isaac-sim/extscache/omni.kit.primitive.mesh-1.0.17+69cbf6ad')
2026-06-20T14:08:48Z [15,883ms] [Info] [omni.ext._impl._internal] Found class `PrimitiveMeshExtension` derived from `omni.ext.IExt` in module: 'omni.kit.primitive.mesh' in '/isaac-sim/extscache/omni.kit.primitive.mesh-1.0.17+69cbf6ad'. Calling `on_startup`.
2026-06-20T14:08:48Z [15,888ms] [Info] [omni.ext.plugin] [ext: omni.kit.primitive.mesh-1.0.17] started, startup time: 88 (ms)
2026-06-20T14:08:48Z [15,889ms] [Info] [omni.ext.plugin] About to startup: [ext: isaacsim.core.prims-0.6.1] (order: 0) Triggered by: isaacsim.core.api-4.8.0 (path: /isaac-sim/exts/isaacsim.core.prims)
2026-06-20T14:08:48Z [15,889ms] [Info] [omni.kit.app.plugin] [15.909s] [ext: isaacsim.core.prims-0.6.1] startup
2026-06-20T14:08:48Z [15,889ms] [Info] [omni.ext.plugin] [ext manager] preferLocalVersions: 1
2026-06-20T14:08:48Z [16,102ms] [Info] [omni.ext._impl._internal] Searching for classes derived from 'omni.ext.IExt' in 'isaacsim.core.prims' ('/isaac-sim/exts/isaacsim.core.prims')
2026-06-20T14:08:48Z [16,107ms] [Info] [omni.ext._impl._internal] Searching for classes derived from 'omni.ext.IExt' in 'isaacsim.core.prims.tests' ('/isaac-sim/exts/isaacsim.core.prims')
2026-06-20T14:08:48Z [16,107ms] [Info] [omni.ext.plugin] [ext: isaacsim.core.prims-0.6.1] started, startup time: 218 (ms)
2026-06-20T14:08:48Z [16,108ms] [Info] [omni.ext.plugin] About to startup: [ext: omni.warp-1.8.2] (order: 0) Triggered by: omni.replicator.core-1.12.27 (path: /isaac-sim/extscache/omni.warp-1.8.2)
2026-06-20T14:08:48Z [16,108ms] [Info] [omni.kit.app.plugin] [16.128s] [ext: omni.warp-1.8.2] startup
2026-06-20T14:08:48Z [16,108ms] [Info] [omni.ext.plugin] [ext manager] preferLocalVersions: 1
2026-06-20T14:08:48Z [16,109ms] [Info] [omni.ext.plugin] [ext manager] preferLocalVersions: 1
2026-06-20T14:08:48Z [16,123ms] [Info] [omni.ext._impl._internal] Searching for classes derived from 'omni.ext.IExt' in 'omni.warp._extension' ('/isaac-sim/extscache/omni.warp-1.8.2')
2026-06-20T14:08:48Z [16,123ms] [Info] [omni.ext._impl._internal] Found class `OmniWarpExtension` derived from `omni.ext.IExt` in module: 'omni.warp._extension' in '/isaac-sim/extscache/omni.warp-1.8.2'. Calling `on_startup`.
2026-06-20T14:08:48Z [16,159ms] [Info] [omni.ext._impl._internal] Searching for classes derived from 'omni.ext.IExt' in 'omni.warp.nodes' ('/isaac-sim/extscache/omni.warp-1.8.2')
2026-06-20T14:08:48Z [16,159ms] [Info] [omni.ext.plugin] [ext: omni.warp-1.8.2] started, startup time: 51 (ms)
2026-06-20T14:08:48Z [16,160ms] [Info] [omni.ext.plugin] About to startup: [ext: omni.videoencoding-0.1.2] (order: 0) Triggered by: omni.replicator.core-1.12.27 (path: /isaac-sim/extscache/omni.videoencoding-0.1.2+69cbf6ad.lx64.r.cp311)
2026-06-20T14:08:48Z [16,160ms] [Info] [omni.kit.app.plugin] [16.180s] [ext: omni.videoencoding-0.1.2] startup
2026-06-20T14:08:48Z [16,160ms] [Info] [omni.ext.plugin] [ext manager] preferLocalVersions: 1
2026-06-20T14:08:48Z [16,160ms] [Info] [carb] Registered plugin: omni.videoencoding.plugin (interfaces: [omni::IVideoEncoding v0.1]) (impl: omni.videoencoding.plugin)
2026-06-20T14:08:48Z [16,162ms] [Info] [omni.ext.plugin] [ext manager] preferLocalVersions: 1
2026-06-20T14:08:48Z [16,168ms] [Info] [omni.graph.core.plugin] Creating unregistered node type omni.graph.ui_nodes.OnNewFrame (version 1)
2026-06-20T14:08:48Z [16,168ms] [Info] [omni.graph.core.plugin] Creating unregistered node type omni.graph.ui_nodes.SetViewportResolution (version 1)
2026-06-20T14:08:48Z [16,168ms] [Info] [omni.graph.core.plugin] Creating unregistered node type omni.graph.ui_nodes.Button (version 1)
2026-06-20T14:08:48Z [16,168ms] [Info] [omni.graph.core.plugin] Creating unregistered node type omni.graph.ui_nodes.Slider (version 1)
2026-06-20T14:08:48Z [16,168ms] [Info] [omni.graph.core.plugin] Creating unregistered node type omni.graph.ui_nodes.SetActiveViewportCamera (version 1)
2026-06-20T14:08:48Z [16,168ms] [Info] [omni.graph.core.plugin] Creating unregistered node type omni.graph.ui_nodes.OnWidgetClicked (version 1)
2026-06-20T14:08:48Z [16,168ms] [Info] [omni.graph.core.plugin] Creating unregistered node type omni.graph.ui_nodes.GetViewportResolution (version 1)
2026-06-20T14:08:48Z [16,168ms] [Info] [omni.graph.core.plugin] Creating unregistered node type omni.graph.ui_nodes.PrintText (version 1)
2026-06-20T14:08:48Z [16,169ms] [Info] [omni.graph.core.plugin] Creating unregistered node type omni.graph.ui_nodes.SetViewportMode (version 1)
2026-06-20T14:08:48Z [16,169ms] [Info] [omni.graph.core.plugin] Creating unregistered node type omni.graph.ui_nodes.OnWidgetValueChanged (version 1)
2026-06-20T14:08:48Z [16,169ms] [Info] [omni.graph.core.plugin] Creating unregistered node type omni.graph.ui_nodes.GetViewportRenderer (version 1)
2026-06-20T14:08:48Z [16,169ms] [Info] [omni.graph.core.plugin] Creating unregistered node type omni.graph.ui_nodes.LockViewportRender (version 1)
2026-06-20T14:08:48Z [16,169ms] [Info] [omni.graph.core.plugin] Creating unregistered node type omni.graph.ui_nodes.GetActiveViewportCamera (version 2)
2026-06-20T14:08:48Z [16,169ms] [Info] [omni.graph.core.plugin] Creating unregistered node type omni.graph.ui_nodes.SetViewportRenderer (version 1)
2026-06-20T14:08:48Z [16,187ms] [Info] [omni.ext._impl._internal] Searching for classes derived from 'omni.ext.IExt' in 'video_encoding' ('/isaac-sim/extscache/omni.videoencoding-0.1.2+69cbf6ad.lx64.r.cp311')
2026-06-20T14:08:48Z [16,187ms] [Info] [omni.ext._impl._internal] Found class `VideoEncodingExtension` derived from `omni.ext.IExt` in module: 'video_encoding' in '/isaac-sim/extscache/omni.videoencoding-0.1.2+69cbf6ad.lx64.r.cp311'. Calling `on_startup`.
2026-06-20T14:08:48Z [16,188ms] [Info] [carb] Initializing plugin: omni.videoencoding.plugin (interfaces: [omni::IVideoEncoding v0.1]) (impl: omni.videoencoding.plugin)
2026-06-20T14:08:48Z [16,188ms] [Info] [omni.ext.plugin] [ext: omni.videoencoding-0.1.2] started, startup time: 28 (ms)
2026-06-20T14:08:48Z [16,189ms] [Info] [omni.ext.plugin] About to startup: [ext: omni.kit.stage_templates-2.0.0] (order: 0) Triggered by: isaacsim.core.api-4.8.0 (path: /isaac-sim/extscache/omni.kit.stage_templates-2.0.0+69cbf6ad)
2026-06-20T14:08:48Z [16,189ms] [Info] [omni.kit.app.plugin] [16.209s] [ext: omni.kit.stage_templates-2.0.0] startup
2026-06-20T14:08:48Z [16,191ms] [Info] [omni.ext.plugin] [ext manager] preferLocalVersions: 1
2026-06-20T14:08:48Z [16,214ms] [Info] [omni.ext._impl._internal] Searching for classes derived from 'omni.ext.IExt' in 'omni.kit.stage_templates' ('/isaac-sim/extscache/omni.kit.stage_templates-2.0.0+69cbf6ad')
2026-06-20T14:08:48Z [16,214ms] [Info] [omni.ext._impl._internal] Found class `NewStageExtension` derived from `omni.ext.IExt` in module: 'omni.kit.stage_templates' in '/isaac-sim/extscache/omni.kit.stage_templates-2.0.0+69cbf6ad'. Calling `on_startup`.
2026-06-20T14:08:48Z [16,232ms] [Info] [omni.ext.plugin] [ext: omni.kit.stage_templates-2.0.0] started, startup time: 43 (ms)
2026-06-20T14:08:48Z [16,233ms] [Info] [omni.ext.plugin] About to startup: [ext: isaacsim.core.cloner-1.4.10] (order: 0) Triggered by: isaaclab.python.headless-2.3.0 (path: /isaac-sim/exts/isaacsim.core.cloner)
2026-06-20T14:08:48Z [16,233ms] [Info] [omni.kit.app.plugin] [16.253s] [ext: isaacsim.core.cloner-1.4.10] startup
2026-06-20T14:08:48Z [16,233ms] [Info] [omni.ext.plugin] [ext manager] preferLocalVersions: 1
2026-06-20T14:08:48Z [16,281ms] [Info] [omni.ext._impl._internal] Searching for classes derived from 'omni.ext.IExt' in 'isaacsim.core.cloner' ('/isaac-sim/exts/isaacsim.core.cloner')
2026-06-20T14:08:48Z [16,281ms] [Info] [omni.ext.plugin] [ext: isaacsim.core.cloner-1.4.10] started, startup time: 48 (ms)
2026-06-20T14:08:48Z [16,283ms] [Info] [omni.ext.plugin] About to startup: [ext: omni.kit.viewport.rtx-104.0.1] (order: 0) Triggered by: isaaclab.python.headless.rendering-2.3.0 (path: /isaac-sim/extscache/omni.kit.viewport.rtx-104.0.1+69cbf6ad)
2026-06-20T14:08:48Z [16,283ms] [Info] [omni.kit.app.plugin] [16.304s] [ext: omni.kit.viewport.rtx-104.0.1] startup
2026-06-20T14:08:48Z [16,283ms] [Info] [omni.ext.plugin] [ext: omni.kit.viewport.rtx-104.0.1] started, startup time: 0 (ms)
2026-06-20T14:08:48Z [16,285ms] [Info] [omni.ext.plugin] [ext manager] preferLocalVersions: 1
2026-06-20T14:08:48Z [16,287ms] [Info] [omni.ext.plugin] About to startup: [ext: isaacsim.core.api-4.8.0] (order: 0) Triggered by: isaaclab.python.headless-2.3.0 (path: /isaac-sim/exts/isaacsim.core.api)
2026-06-20T14:08:48Z [16,287ms] [Info] [omni.kit.app.plugin] [16.307s] [ext: isaacsim.core.api-4.8.0] startup
2026-06-20T14:08:48Z [16,288ms] [Info] [carb] Registered plugin: isaacsim.core.api.plugin (interfaces: [omni::ext::IExt v0.1]) (impl: isaacsim.core.api.plugin)
2026-06-20T14:08:48Z [16,288ms] [Info] [carb] Initializing plugin: isaacsim.core.api.plugin (interfaces: [omni::ext::IExt v0.1]) (impl: isaacsim.core.api.plugin)
2026-06-20T14:08:48Z [16,289ms] [Info] [omni.ext.plugin] [ext: isaacsim.core.api-4.8.0] Starting ext::IExt in '/isaac-sim/exts/isaacsim.core.api/bin/libisaacsim.core.api.plugin.so'
2026-06-20T14:08:48Z [16,498ms] [Info] [omni.graph.core.plugin] Creating unregistered node type omni.warp.WarpParticlesFromMesh (version 1)
2026-06-20T14:08:48Z [16,498ms] [Info] [omni.graph.core.plugin] Creating unregistered node type omni.warp.WarpOgnBundleInspectChanges (version 1)
2026-06-20T14:08:48Z [16,498ms] [Info] [omni.graph.core.plugin] Creating unregistered node type omni.warp.WarpGridCreate (version 1)
2026-06-20T14:08:48Z [16,498ms] [Info] [omni.graph.core.plugin] Creating unregistered node type omni.warp.WarpParticlesSimulate (version 1)
2026-06-20T14:08:48Z [16,498ms] [Info] [omni.graph.core.plugin] Creating unregistered node type omni.warp.WarpKernel (version 2)
2026-06-20T14:08:48Z [16,499ms] [Info] [omni.graph.core.plugin] Creating unregistered node type omni.warp.WarpSampleProceduralVolume (version 1)
2026-06-20T14:08:48Z [16,499ms] [Info] [omni.graph.core.plugin] Creating unregistered node type omni.warp.WarpNoiseDeform (version 1)
2026-06-20T14:08:48Z [16,499ms] [Info] [omni.graph.core.plugin] Creating unregistered node type omni.warp.WarpWaveSolve (version 1)
2026-06-20T14:08:48Z [16,499ms] [Info] [omni.graph.core.plugin] Creating unregistered node type omni.warp.FixedTime (version 1)
2026-06-20T14:08:48Z [16,499ms] [Info] [omni.graph.core.plugin] Creating unregistered node type omni.warp.WarpSamplePrimFlocking (version 1)
2026-06-20T14:08:48Z [16,499ms] [Info] [omni.graph.core.plugin] Creating unregistered node type omni.warp.WarpTextureWrite (version 1)
2026-06-20T14:08:48Z [16,499ms] [Info] [omni.graph.core.plugin] Creating unregistered node type omni.warp.WarpMeshFromVolume (version 1)
2026-06-20T14:08:48Z [16,499ms] [Info] [omni.graph.core.plugin] Creating unregistered node type omni.warp.WarpSampleOceanDeform (version 1)
2026-06-20T14:08:48Z [16,499ms] [Info] [omni.graph.core.plugin] Creating unregistered node type omni.warp.WarpSampleMeshDeform (version 1)
2026-06-20T14:08:48Z [16,499ms] [Info] [omni.graph.core.plugin] Creating unregistered node type omni.warp.WarpClothSimulate (version 1)
2026-06-20T14:08:48Z [16,519ms] [Info] [omni.ext._impl._internal] Searching for classes derived from 'omni.ext.IExt' in 'isaacsim.core.api' ('/isaac-sim/exts/isaacsim.core.api')
2026-06-20T14:08:48Z [16,522ms] [Info] [omni.ext._impl._internal] Searching for classes derived from 'omni.ext.IExt' in 'isaacsim.core.api.tests' ('/isaac-sim/exts/isaacsim.core.api')
2026-06-20T14:08:48Z [16,522ms] [Info] [omni.ext.plugin] [ext: isaacsim.core.api-4.8.0] started, startup time: 234 (ms)
2026-06-20T14:08:48Z [16,522ms] [Info] [omni.ext.plugin] About to startup: [ext: omni.replicator.core-1.12.27] (order: 0) Triggered by: isaaclab.python.headless.rendering-2.3.0 (path: /isaac-sim/extscache/omni.replicator.core-1.12.27+107.3.3.lx64.r.cp311)
2026-06-20T14:08:48Z [16,522ms] [Info] [omni.kit.app.plugin] [16.543s] [ext: omni.replicator.core-1.12.27] startup
2026-06-20T14:08:48Z [16,522ms] [Info] [omni.ext.plugin] [ext manager] preferLocalVersions: 1
2026-06-20T14:08:48Z [16,524ms] [Info] [omni.ext.plugin] [ext manager] preferLocalVersions: 1
2026-06-20T14:08:48Z [16,525ms] [Info] [carb] Registered plugin: omni.replicator.core.plugin (interfaces: [omni::replicator::core v1.0]) (impl: omni.replicator.core.plugin)
2026-06-20T14:08:48Z [16,590ms] [Warning] [pxr.Semantics] pxr.Semantics is deprecated - please use Semantics instead
2026-06-20T14:08:48Z [16,594ms] [Info] [omni.replicator.core.scripts.utils.viewport_manager] Viewport 1.0 is not available
2026-06-20T14:08:49Z [16,822ms] [Info] [omni.ext._impl._internal] Searching for classes derived from 'omni.ext.IExt' in 'omni.replicator.core' ('/isaac-sim/extscache/omni.replicator.core-1.12.27+107.3.3.lx64.r.cp311')
2026-06-20T14:08:49Z [16,822ms] [Info] [omni.ext._impl._internal] Found class `Extension` derived from `omni.ext.IExt` in module: 'omni.replicator.core' in '/isaac-sim/extscache/omni.replicator.core-1.12.27+107.3.3.lx64.r.cp311'. Calling `on_startup`.
2026-06-20T14:08:49Z [16,859ms] [Info] [omni.replicator.core.scripts.extension] [omni.syntheticdata] SyntheticData startup
2026-06-20T14:08:49Z [16,859ms] [Info] [carb] Initializing plugin: omni.replicator.core.plugin (interfaces: [omni::replicator::core v1.0]) (impl: omni.replicator.core.plugin)
2026-06-20T14:08:49Z [16,859ms] [Warning] [omni.graph.core.plugin] Found duplicate of category 'Replicator' - was 'Annotators', adding 'Fabric Reader'
2026-06-20T14:08:49Z [16,859ms] [Warning] [omni.graph.core.plugin] Category 'Replicator' not accepted on node type 'omni.replicator.core.FabricReader' in extension 'omni.replicator.core'
2026-06-20T14:08:49Z [16,861ms] [Warning] [omni.replicator.core.scripts.extension] No material configuration file, adding configuration to material settings directly.
2026-06-20T14:08:49Z [16,861ms] [Info] [omni.replicator.core.scripts.extension] materialConfig: {'searchPaths': {'custom': ['/isaac-sim/extscache/omni.replicator.core-1.12.27+107.3.3.lx64.r.cp311/mdl']}, 'materialGraph': {'userAllowList': ['project_pbr_material', 'infinite_pbr_material', 'replicator_definitions']}, 'options': {'noStandardPath': False}}
2026-06-20T14:08:49Z [16,861ms] [Info] [omni.kit.menu.utils.utils] omni.kit.menu.utils.refresh_menu_items Replicator
2026-06-20T14:08:49Z [16,865ms] [Info] [omni.ext.plugin] [ext: omni.replicator.core-1.12.27] started, startup time: 342 (ms)
2026-06-20T14:08:49Z [16,865ms] [Info] [omni.ext.plugin] About to startup: [ext: isaaclab-0.47.1] (order: 1000) Triggered by: isaaclab.python.headless-2.3.0, isaaclab_assets-0.2.3, isaaclab_mimic-1.0.15, isaaclab_rl-0.4.4, isaaclab_tasks-0.11.5 (path: /workspace/isaaclab/source/isaaclab)
2026-06-20T14:08:49Z [16,865ms] [Info] [omni.kit.app.plugin] [16.886s] [ext: isaaclab-0.47.1] startup
2026-06-20T14:08:49Z [16,865ms] [Info] [omni.ext.plugin] [ext manager] preferLocalVersions: 1
2026-06-20T14:08:49Z [16,868ms] [Info] [omni.kit.pipapi.pipapi] [omni.kit.pipapi] Python UserEnvPath: /isaac-sim/kit/data/Kit/Isaac-Sim/5.1/pip3-envs/default
2026-06-20T14:08:50Z [18,611ms] [Info] [omni.graph.core.plugin] Creating unregistered node type omni.replicator.core.OgnSetTimeline (version 1)
2026-06-20T14:08:50Z [18,611ms] [Info] [omni.graph.core.plugin] Creating unregistered node type omni.replicator.core.OgnPerAxisPose (version 1)
2026-06-20T14:08:50Z [18,611ms] [Info] [omni.graph.core.plugin] Creating unregistered node type omni.replicator.core.OgnSamplePopulation (version 2)
2026-06-20T14:08:50Z [18,611ms] [Info] [omni.graph.core.plugin] Creating unregistered node type omni.replicator.core.OgnSetVariant (version 1)
2026-06-20T14:08:50Z [18,611ms] [Info] [omni.graph.core.plugin] Creating unregistered node type omni.replicator.core.BoundingBoxLegacy (version 1)
2026-06-20T14:08:50Z [18,612ms] [Info] [omni.graph.core.plugin] Creating unregistered node type omni.replicator.core.OgnConditionScript (version 1)
2026-06-20T14:08:50Z [18,612ms] [Info] [omni.graph.core.plugin] Creating unregistered node type omni.replicator.core.OgnOnTime (version 3)
2026-06-20T14:08:50Z [18,612ms] [Info] [omni.graph.core.plugin] Creating unregistered node type omni.replicator.core.OgnSampleSequence (version 1)
2026-06-20T14:08:50Z [18,612ms] [Info] [omni.graph.core.plugin] Creating unregistered node type omni.replicator.core.OgnAugmentCPU (version 1)
2026-06-20T14:08:50Z [18,612ms] [Info] [omni.graph.core.plugin] Creating unregistered node type omni.replicator.core.OgnGetSkeletonData (version 2)
2026-06-20T14:08:50Z [18,612ms] [Info] [omni.graph.core.plugin] Creating unregistered node type omni.replicator.core.OgnScatter3D (version 1)
2026-06-20T14:08:50Z [18,613ms] [Info] [omni.graph.core.plugin] Creating unregistered node type omni.replicator.core.OgnWriter (version 2)
2026-06-20T14:08:50Z [18,613ms] [Info] [omni.graph.core.plugin] Creating unregistered node type omni.replicator.core.AugCanny (version 1)
2026-06-20T14:08:50Z [18,613ms] [Info] [omni.graph.core.plugin] Creating unregistered node type omni.replicator.core.OgnSampleNormal (version 1)
2026-06-20T14:08:50Z [18,613ms] [Info] [omni.graph.core.plugin] Creating unregistered node type omni.replicator.core.AugBgRandExp (version 1)
2026-06-20T14:08:50Z [18,613ms] [Info] [omni.graph.core.plugin] Creating unregistered node type omni.replicator.core.AugRotateExp (version 1)
2026-06-20T14:08:50Z [18,613ms] [Info] [omni.graph.core.plugin] Creating unregistered node type omni.replicator.core.AugMotionBlurExp (version 1)
2026-06-20T14:08:50Z [18,613ms] [Info] [omni.graph.core.plugin] Creating unregistered node type omni.replicator.core.OgnOnFrame (version 2)
2026-06-20T14:08:50Z [18,613ms] [Info] [omni.graph.core.plugin] Creating unregistered node type omni.replicator.core.OgnModifyProjectionMaterial (version 1)
2026-06-20T14:08:50Z [18,613ms] [Info] [omni.graph.core.plugin] Creating unregistered node type omni.replicator.core.OgnWriteCarbSetting (version 1)
2026-06-20T14:08:50Z [18,614ms] [Info] [omni.graph.core.plugin] Creating unregistered node type omni.replicator.core.OgnGetPrims (version 1)
2026-06-20T14:08:50Z [18,614ms] [Info] [omni.graph.core.plugin] Creating unregistered node type omni.replicator.core.OgnSampleUniform (version 1)
2026-06-20T14:08:50Z [18,614ms] [Info] [omni.graph.core.plugin] Creating unregistered node type omni.replicator.core.InstanceIdSegmentationLegacy (version 1)
2026-06-20T14:08:50Z [18,614ms] [Info] [omni.graph.core.plugin] Creating unregistered node type omni.replicator.core.OgnSizeToScale (version 1)
2026-06-20T14:08:50Z [18,614ms] [Info] [omni.graph.core.plugin] Creating unregistered node type omni.replicator.core.OgnOnCondition (version 1)
2026-06-20T14:08:50Z [18,614ms] [Info] [omni.graph.core.plugin] Creating unregistered node type omni.replicator.core.OgnGroup (version 1)
2026-06-20T14:08:50Z [18,614ms] [Info] [omni.graph.core.plugin] Creating unregistered node type omni.replicator.core.OgnDecal (version 1)
2026-06-20T14:08:50Z [18,614ms] [Info] [omni.graph.core.plugin] Creating unregistered node type omni.replicator.core.AugContrastExp (version 1)
2026-06-20T14:08:50Z [18,614ms] [Info] [omni.graph.core.plugin] Creating unregistered node type omni.replicator.core.OgnPhysicsSimulate (version 1)
2026-06-20T14:08:50Z [18,614ms] [Info] [omni.graph.core.plugin] Creating unregistered node type omni.replicator.core.OgnArray (version 1)
2026-06-20T14:08:50Z [18,614ms] [Info] [omni.graph.core.plugin] Creating unregistered node type omni.replicator.core.OgnTriggerGate (version 1)
2026-06-20T14:08:50Z [18,614ms] [Info] [omni.graph.core.plugin] Creating unregistered node type omni.replicator.core.OgnSampleRotation (version 1)
2026-06-20T14:08:50Z [18,615ms] [Info] [omni.graph.core.plugin] Creating unregistered node type omni.replicator.core.OgnScheduleWriter (version 1)
2026-06-20T14:08:50Z [18,615ms] [Info] [omni.graph.core.plugin] Creating unregistered node type omni.replicator.core.OgnOrbit (version 1)
2026-06-20T14:08:50Z [18,615ms] [Info] [omni.graph.core.plugin] Creating unregistered node type omni.replicator.core.OgnPhysicsReset (version 1)
2026-06-20T14:08:50Z [18,615ms] [Info] [omni.graph.core.plugin] Creating unregistered node type omni.replicator.core.OgnSetVisibility (version 1)
2026-06-20T14:08:50Z [18,615ms] [Info] [omni.graph.core.plugin] Creating unregistered node type omni.replicator.core.OgnWriteSemantics (version 3)
2026-06-20T14:08:50Z [18,615ms] [Info] [omni.graph.core.plugin] Creating unregistered node type omni.replicator.core.OgnAugment (version 1)
2026-06-20T14:08:50Z [18,615ms] [Info] [omni.graph.core.plugin] Creating unregistered node type omni.replicator.core.AugCutMixExp (version 1)
2026-06-20T14:08:50Z [18,615ms] [Info] [omni.graph.core.plugin] Creating unregistered node type omni.replicator.core.OgnSampleCombine (version 1)
2026-06-20T14:08:50Z [18,615ms] [Info] [omni.graph.core.plugin] Creating unregistered node type omni.replicator.core.AugConv2dExp (version 1)
2026-06-20T14:08:50Z [18,615ms] [Info] [omni.graph.core.plugin] Creating unregistered node type omni.replicator.core.OgnGetPrimAtPath (version 1)
2026-06-20T14:08:50Z [18,615ms] [Info] [omni.graph.core.plugin] Creating unregistered node type omni.replicator.core.OgnSetPivot (version 1)
2026-06-20T14:08:50Z [18,616ms] [Info] [omni.graph.core.plugin] Creating unregistered node type omni.replicator.core.InstanceSegmentationLegacy (version 1)
2026-06-20T14:08:50Z [18,616ms] [Info] [omni.graph.core.plugin] Creating unregistered node type omni.replicator.core.OgnScatter2D (version 1)
2026-06-20T14:08:50Z [18,616ms] [Info] [omni.graph.core.plugin] Creating unregistered node type omni.replicator.core.OgnCreateProjectionMaterial (version 1)
2026-06-20T14:08:50Z [18,616ms] [Info] [omni.graph.core.plugin] Creating unregistered node type omni.replicator.core.OgnCameraRelativePosition (version 1)
2026-06-20T14:08:50Z [18,616ms] [Info] [omni.graph.core.plugin] Creating unregistered node type omni.replicator.core.OgnSampleLight (version 1)
2026-06-20T14:08:50Z [18,616ms] [Info] [omni.graph.core.plugin] Creating unregistered node type omni.replicator.core.OgnWritePhysics (version 1)
2026-06-20T14:08:50Z [18,616ms] [Info] [omni.graph.core.plugin] Creating unregistered node type omni.replicator.core.OgnSampleMaterial (version 1)
2026-06-20T14:08:50Z [18,616ms] [Info] [omni.graph.core.plugin] Creating unregistered node type omni.replicator.core.OgnPointCloudGenerator (version 1)
2026-06-20T14:08:50Z [18,616ms] [Info] [omni.graph.core.plugin] Creating unregistered node type omni.replicator.core.OgnSampleOmniPBR (version 1)
2026-06-20T14:08:50Z [18,617ms] [Info] [omni.graph.core.plugin] Creating unregistered node type omni.replicator.core.OgnLookAt (version 2)
2026-06-20T14:08:50Z [18,617ms] [Info] [omni.graph.core.plugin] Creating unregistered node type omni.replicator.core.OgnBindMaterial (version 2)
2026-06-20T14:08:50Z [18,617ms] [Info] [omni.graph.core.plugin] Creating unregistered node type omni.replicator.core.AugCropResizeExp (version 1)
2026-06-20T14:08:50Z [18,617ms] [Info] [omni.graph.core.plugin] Creating unregistered node type omni.replicator.core.SemanticSegmentation (version 1)
2026-06-20T14:08:50Z [18,617ms] [Info] [omni.graph.core.plugin] Creating unregistered node type omni.replicator.core.OgnAugShadeSegmentation (version 1)
2026-06-20T14:08:50Z [18,617ms] [Info] [omni.graph.core.plugin] Creating unregistered node type omni.replicator.core.OgnModifyAnimationTarget (version 2)
2026-06-20T14:08:50Z [18,617ms] [Info] [omni.graph.core.plugin] Creating unregistered node type omni.replicator.core.AugPixellateExp (version 1)
2026-06-20T14:08:50Z [18,617ms] [Info] [omni.graph.core.plugin] Creating unregistered node type omni.replicator.core.OgnSampleChoice (version 1)
2026-06-20T14:08:50Z [18,617ms] [Info] [omni.graph.core.plugin] Creating unregistered node type omni.replicator.core.OgnWritePrimAttribute (version 1)
2026-06-20T14:08:50Z [18,617ms] [Info] [omni.graph.core.plugin] Creating unregistered node type omni.replicator.core.OgnSampleSequencePrim (version 1)
2026-06-20T14:08:50Z [18,617ms] [Info] [omni.graph.core.plugin] Creating unregistered node type omni.replicator.core.OgnSampleChoicePrim (version 1)
2026-06-20T14:08:50Z [18,617ms] [Info] [omni.graph.core.plugin] Creating unregistered node type omni.replicator.core.OgnMeshDecal (version 1)
2026-06-20T14:08:50Z [18,618ms] [Info] [omni.graph.core.plugin] Creating unregistered node type omni.replicator.core.AugImgBlendExp (version 1)
2026-06-20T14:08:50Z [18,618ms] [Info] [omni.graph.core.plugin] Creating unregistered node type omni.replicator.core.OgnSampleLogUniform (version 1)
2026-06-20T14:08:50Z [18,618ms] [Info] [omni.graph.core.plugin] Creating unregistered node type omni.replicator.core.OgnMeshBoundsDecalPlacement (version 1)
2026-06-20T14:08:51Z [19,163ms] [Info] [omni.ext._impl._internal] Searching for classes derived from 'omni.ext.IExt' in 'isaaclab' ('/workspace/isaaclab/source/isaaclab')
2026-06-20T14:08:51Z [19,163ms] [Info] [omni.ext.plugin] [ext: isaaclab-0.47.1] started, startup time: 2298 (ms)
2026-06-20T14:08:51Z [19,164ms] [Info] [omni.ext.plugin] About to startup: [ext: isaaclab_assets-0.2.3] (order: 1000) Triggered by: isaaclab.python.headless-2.3.0, isaaclab_mimic-1.0.15, isaaclab_rl-0.4.4, isaaclab_tasks-0.11.5 (path: /workspace/isaaclab/source/isaaclab_assets)
2026-06-20T14:08:51Z [19,164ms] [Info] [omni.kit.app.plugin] [19.184s] [ext: isaaclab_assets-0.2.3] startup
2026-06-20T14:08:51Z [19,164ms] [Info] [omni.ext.plugin] [ext manager] preferLocalVersions: 1
2026-06-20T14:08:52Z [19,735ms] [Info] [omni.ext._impl._internal] Searching for classes derived from 'omni.ext.IExt' in 'isaaclab_assets' ('/workspace/isaaclab/source/isaaclab_assets')
2026-06-20T14:08:52Z [19,735ms] [Info] [omni.ext.plugin] [ext: isaaclab_assets-0.2.3] started, startup time: 571 (ms)
2026-06-20T14:08:52Z [19,736ms] [Info] [omni.ext.plugin] About to startup: [ext: isaaclab_tasks-0.11.5] (order: 1000) Triggered by: isaaclab.python.headless-2.3.0, isaaclab_mimic-1.0.15, isaaclab_rl-0.4.4 (path: /workspace/isaaclab/source/isaaclab_tasks)
2026-06-20T14:08:52Z [19,736ms] [Info] [omni.kit.app.plugin] [19.756s] [ext: isaaclab_tasks-0.11.5] startup
2026-06-20T14:08:52Z [19,736ms] [Info] [omni.ext.plugin] [ext manager] preferLocalVersions: 1
2026-06-20T14:08:53Z [21,062ms] [Info] [matplotlib.font_manager] generated new fontManager
2026-06-20T14:08:58Z [26,043ms] [Info] [omni.ext._impl._internal] Searching for classes derived from 'omni.ext.IExt' in 'isaaclab_tasks' ('/workspace/isaaclab/source/isaaclab_tasks')
2026-06-20T14:08:58Z [26,043ms] [Info] [omni.ext.plugin] [ext: isaaclab_tasks-0.11.5] started, startup time: 6307 (ms)
2026-06-20T14:08:58Z [26,044ms] [Info] [omni.ext.plugin] About to startup: [ext: isaaclab_rl-0.4.4] (order: 1000) Triggered by: isaaclab.python.headless-2.3.0 (path: /workspace/isaaclab/source/isaaclab_rl)
2026-06-20T14:08:58Z [26,044ms] [Info] [omni.kit.app.plugin] [26.064s] [ext: isaaclab_rl-0.4.4] startup
2026-06-20T14:08:58Z [26,044ms] [Info] [omni.ext.plugin] [ext manager] preferLocalVersions: 1
2026-06-20T14:08:58Z [26,049ms] [Info] [omni.ext._impl._internal] Searching for classes derived from 'omni.ext.IExt' in 'isaaclab_rl' ('/workspace/isaaclab/source/isaaclab_rl')
2026-06-20T14:08:58Z [26,049ms] [Info] [omni.ext.plugin] [ext: isaaclab_rl-0.4.4] started, startup time: 5 (ms)
2026-06-20T14:08:58Z [26,050ms] [Info] [omni.ext.plugin] About to startup: [ext: isaaclab_mimic-1.0.15] (order: 1000) Triggered by: isaaclab.python.headless-2.3.0 (path: /workspace/isaaclab/source/isaaclab_mimic)
2026-06-20T14:08:58Z [26,050ms] [Info] [omni.kit.app.plugin] [26.070s] [ext: isaaclab_mimic-1.0.15] startup
2026-06-20T14:08:58Z [26,050ms] [Info] [omni.ext.plugin] [ext manager] preferLocalVersions: 1
2026-06-20T14:08:58Z [26,055ms] [Info] [omni.ext._impl._internal] Searching for classes derived from 'omni.ext.IExt' in 'isaaclab_mimic' ('/workspace/isaaclab/source/isaaclab_mimic')
2026-06-20T14:08:58Z [26,055ms] [Info] [omni.ext.plugin] [ext: isaaclab_mimic-1.0.15] started, startup time: 5 (ms)
2026-06-20T14:08:58Z [26,055ms] [Info] [omni.ext.plugin] About to startup: [ext: isaaclab.python.headless-2.3.0] (order: 0) Triggered by: isaaclab.python.headless.rendering-2.3.0 (path: /workspace/isaaclab/apps/isaaclab.python.headless.kit)
2026-06-20T14:08:58Z [26,055ms] [Info] [omni.kit.app.plugin] [26.076s] [ext: isaaclab.python.headless-2.3.0] startup
2026-06-20T14:08:58Z [26,055ms] [Info] [omni.ext.plugin] [ext: isaaclab.python.headless-2.3.0] started, startup time: 0 (ms)
2026-06-20T14:08:58Z [26,055ms] [Info] [omni.ext.plugin] [ext manager] preferLocalVersions: 1
2026-06-20T14:08:58Z [26,056ms] [Info] [omni.ext.plugin] About to startup: [ext: isaaclab.python.headless.rendering-2.3.0] (order: 0) Triggered by API/CLI/Config. (path: /workspace/isaaclab/apps/isaaclab.python.headless.rendering.kit)
2026-06-20T14:08:58Z [26,056ms] [Info] [omni.kit.app.plugin] [26.076s] [ext: isaaclab.python.headless.rendering-2.3.0] startup
2026-06-20T14:08:58Z [26,056ms] [Info] [omni.ext.plugin] [ext: isaaclab.python.headless.rendering-2.3.0] started, startup time: 0 (ms)
2026-06-20T14:08:58Z [26,057ms] [Info] [omni.kit.app.plugin] app started
2026-06-20T14:08:58Z [26,057ms] [Info] [simulation_app.simulation_app] SimulationApp._start_app: Kit application startup completed
2026-06-20T14:08:58Z [26,058ms] [Info] [simulation_app.simulation_app] SimulationApp._set_render_settings: Completed render settings configuration
2026-06-20T14:08:58Z [26,058ms] [Info] [omni.kit.app.plugin] [26.079s] Simulation App Starting
2026-06-20T14:08:58Z [26,059ms] [Info] [carb] Plugin omni.fabric.endframe.plugin is already a dependency of omni.fabric.plugin; not changing unload order
2026-06-20T14:08:58Z [26,059ms] [Info] [omni.kit.menu.utils.utils] omni.kit.menu.utils.refresh_menu_items Replicator
2026-06-20T14:08:58Z [26,059ms] [Info] [omni.kit.renderer.plugin] Transitioning from present thread
2026-06-20T14:08:58Z [26,064ms] [Info] [simulation_app.simulation_app] SimulationApp.__init__: Creating new stage
2026-06-20T14:08:58Z [26,154ms] [Info] [carb] Initializing plugin: omni.hydra.usdrt_delegate.plugin (interfaces: [omni::hydra::usdrt::ISceneDelegateFactory v0.1]) (impl: omni.hydra.usdrt_delegate.plugin)
2026-06-20T14:08:58Z [26,154ms] [Info] [carb] Initializing plugin: omni.gpucompute-cuda.plugin (interfaces: [omni::gpucompute::GpuCompute v0.3]) (impl: omni.gpucompute-cuda.plugin)
2026-06-20T14:08:58Z [26,156ms] [Info] [usdrt.population.plugin] using high frequency span with attrs is disabled
2026-06-20T14:08:58Z [26,156ms] [Info] [usdrt.population.plugin] using high frequency span is disabled
2026-06-20T14:08:58Z [26,158ms] [Info] [omni.usd] Status: in _OpenAsset at line 360 of /builds/omniverse/usd-resolver/source/library/OmniUsdResolver_Ar2.cpp -- OmniUsdResolver: Opening filesystem asset '/isaac-sim/extscache/omni.usd.schema.anim-0.0.0+69cbf6ad.lx64.r.cp311/plugins/omniSkelSchema/resources/generatedSchema.usda' for read

2026-06-20T14:08:58Z [26,158ms] [Info] [omni.usd] Status (secondary thread): in _OpenAsset at line 360 of /builds/omniverse/usd-resolver/source/library/OmniUsdResolver_Ar2.cpp -- OmniUsdResolver: Opening filesystem asset '/isaac-sim/extscache/omni.usd.schema.physx-107.3.26+107.3.3.lx64.r.cp311.u353/plugins/PhysxSchemaAddition/resources/generatedSchema.usda' for read

2026-06-20T14:08:58Z [26,158ms] [Info] [omni.usd] Status (secondary thread): in _OpenAsset at line 360 of /builds/omniverse/usd-resolver/source/library/OmniUsdResolver_Ar2.cpp -- OmniUsdResolver: Opening filesystem asset '/isaac-sim/extscache/omni.usd.schema.semantics-0.0.0+69cbf6ad.lx64.r.cp311/plugins/semantics/resources/generatedSchema.usda' for read

2026-06-20T14:08:58Z [26,158ms] [Info] [omni.usd] Status (secondary thread): in _OpenAsset at line 360 of /builds/omniverse/usd-resolver/source/library/OmniUsdResolver_Ar2.cpp -- OmniUsdResolver: Opening filesystem asset '/isaac-sim/extscache/omni.usd.libs-1.0.1+69cbf6ad.lx64.r.cp311/bin/usd/usdSkel/resources/generatedSchema.usda' for read

2026-06-20T14:08:58Z [26,158ms] [Info] [omni.usd] Status (secondary thread): in _OpenAsset at line 360 of /builds/omniverse/usd-resolver/source/library/OmniUsdResolver_Ar2.cpp -- OmniUsdResolver: Opening filesystem asset '/isaac-sim/extscache/omni.usd.schema.anim-0.0.0+69cbf6ad.lx64.r.cp311/plugins/animationSchema/resources/generatedSchema.usda' for read

2026-06-20T14:08:58Z [26,158ms] [Info] [omni.usd] Status (secondary thread): in _OpenAsset at line 360 of /builds/omniverse/usd-resolver/source/library/OmniUsdResolver_Ar2.cpp -- OmniUsdResolver: Opening filesystem asset '/isaac-sim/extscache/omni.usd.libs-1.0.1+69cbf6ad.lx64.r.cp311/bin/usd/usdRi/resources/generatedSchema.usda' for read

2026-06-20T14:08:58Z [26,158ms] [Info] [omni.usd] Status (secondary thread): in _OpenAsset at line 360 of /builds/omniverse/usd-resolver/source/library/OmniUsdResolver_Ar2.cpp -- OmniUsdResolver: Opening filesystem asset '/isaac-sim/extscache/omni.usd.schema.omni_sensors-0.0.0+69cbf6ad/usd_plugins/generatedSchema.usda' for read

2026-06-20T14:08:58Z [26,158ms] [Info] [omni.usd] Status (secondary thread): in _OpenAsset at line 360 of /builds/omniverse/usd-resolver/source/library/OmniUsdResolver_Ar2.cpp -- OmniUsdResolver: Opening filesystem asset '/isaac-sim/extscache/omni.usd.libs-1.0.1+69cbf6ad.lx64.r.cp311/bin/usd/usdPhysics/resources/generatedSchema.usda' for read

2026-06-20T14:08:58Z [26,158ms] [Info] [omni.usd] Status (secondary thread): in _OpenAsset at line 360 of /builds/omniverse/usd-resolver/source/library/OmniUsdResolver_Ar2.cpp -- OmniUsdResolver: Opening filesystem asset '/isaac-sim/extscache/omni.usd.schema.physx-107.3.26+107.3.3.lx64.r.cp311.u353/plugins/PhysxSchema/resources/generatedSchema.usda' for read

2026-06-20T14:08:58Z [26,158ms] [Info] [omni.usd] Status (secondary thread): in _OpenAsset at line 360 of /builds/omniverse/usd-resolver/source/library/OmniUsdResolver_Ar2.cpp -- OmniUsdResolver: Opening filesystem asset '/isaac-sim/extscache/omni.usd.libs-1.0.1+69cbf6ad.lx64.r.cp311/bin/usd/usdMedia/resources/generatedSchema.usda' for read

2026-06-20T14:08:58Z [26,158ms] [Info] [omni.usd] Status (secondary thread): in _OpenAsset at line 360 of /builds/omniverse/usd-resolver/source/library/OmniUsdResolver_Ar2.cpp -- OmniUsdResolver: Opening filesystem asset '/isaac-sim/extscache/omni.usd.libs-1.0.1+69cbf6ad.lx64.r.cp311/bin/usd/usdGeom/resources/generatedSchema.usda' for read

2026-06-20T14:08:58Z [26,158ms] [Info] [omni.usd] Status (secondary thread): in _OpenAsset at line 360 of /builds/omniverse/usd-resolver/source/library/OmniUsdResolver_Ar2.cpp -- OmniUsdResolver: Opening filesystem asset '/isaac-sim/extscache/omni.usd.libs-1.0.1+69cbf6ad.lx64.r.cp311/bin/usd/usdRender/resources/generatedSchema.usda' for read

2026-06-20T14:08:58Z [26,158ms] [Info] [omni.usd] Status (secondary thread): in _OpenAsset at line 360 of /builds/omniverse/usd-resolver/source/library/OmniUsdResolver_Ar2.cpp -- OmniUsdResolver: Opening filesystem asset '/isaac-sim/extscache/omni.usd.schema.audio-0.0.0+69cbf6ad.lx64.r.cp311/plugins/omniAudioSchema/resources/generatedSchema.usda' for read

2026-06-20T14:08:58Z [26,158ms] [Info] [omni.usd] Status (secondary thread): in _OpenAsset at line 360 of /builds/omniverse/usd-resolver/source/library/OmniUsdResolver_Ar2.cpp -- OmniUsdResolver: Opening filesystem asset '/isaac-sim/extscache/omni.usd.schema.physx-107.3.26+107.3.3.lx64.r.cp311.u353/plugins/OmniUsdPhysicsDeformableSchema/resources/generatedSchema.usda' for read

2026-06-20T14:08:58Z [26,158ms] [Info] [omni.usd] Status (secondary thread): in _OpenAsset at line 360 of /builds/omniverse/usd-resolver/source/library/OmniUsdResolver_Ar2.cpp -- OmniUsdResolver: Opening filesystem asset '/isaac-sim/extscache/omni.usd.libs-1.0.1+69cbf6ad.lx64.r.cp311/bin/usd/usdProc/resources/generatedSchema.usda' for read

2026-06-20T14:08:58Z [26,158ms] [Info] [omni.usd] Status (secondary thread): in _OpenAsset at line 360 of /builds/omniverse/usd-resolver/source/library/OmniUsdResolver_Ar2.cpp -- OmniUsdResolver: Opening filesystem asset '/isaac-sim/extscache/omni.usd.libs-1.0.1+69cbf6ad.lx64.r.cp311/bin/usd/usdShade/resources/generatedSchema.usda' for read

2026-06-20T14:08:58Z [26,159ms] [Info] [omni.usd] Status (secondary thread): in _OpenAsset at line 360 of /builds/omniverse/usd-resolver/source/library/OmniUsdResolver_Ar2.cpp -- OmniUsdResolver: Opening filesystem asset '/isaac-sim/extscache/omni.usd.libs-1.0.1+69cbf6ad.lx64.r.cp311/bin/usd/usdSemantics/resources/generatedSchema.usda' for read

2026-06-20T14:08:58Z [26,159ms] [Info] [omni.usd] Status: in _OpenAsset at line 360 of /builds/omniverse/usd-resolver/source/library/OmniUsdResolver_Ar2.cpp -- OmniUsdResolver: Opening filesystem asset '/isaac-sim/extscache/omni.usd.libs-1.0.1+69cbf6ad.lx64.r.cp311/bin/usd/usdHydra/resources/generatedSchema.usda' for read

2026-06-20T14:08:58Z [26,159ms] [Info] [omni.usd] Status (secondary thread): in _OpenAsset at line 360 of /builds/omniverse/usd-resolver/source/library/OmniUsdResolver_Ar2.cpp -- OmniUsdResolver: Opening filesystem asset '/isaac-sim/extscache/omni.usd.schema.geospatial-0.0.0+69cbf6ad.lx64.r.cp311/plugins/omniGeospatial/resources/generatedSchema.usda' for read

2026-06-20T14:08:58Z [26,159ms] [Info] [omni.usd] Status (secondary thread): in _OpenAsset at line 360 of /builds/omniverse/usd-resolver/source/library/OmniUsdResolver_Ar2.cpp -- OmniUsdResolver: Opening filesystem asset '/isaac-sim/extscache/omni.usd.libs-1.0.1+69cbf6ad.lx64.r.cp311/bin/usd/usd/resources/generatedSchema.usda' for read

2026-06-20T14:08:58Z [26,160ms] [Info] [omni.usd] Status (secondary thread): in _OpenAsset at line 360 of /builds/omniverse/usd-resolver/source/library/OmniUsdResolver_Ar2.cpp -- OmniUsdResolver: Opening filesystem asset '/isaac-sim/extscache/omni.usd.schema.anim-0.0.0+69cbf6ad.lx64.r.cp311/plugins/retargetingSchema/resources/generatedSchema.usda' for read

2026-06-20T14:08:58Z [26,160ms] [Info] [omni.usd] Status (secondary thread): in _OpenAsset at line 360 of /builds/omniverse/usd-resolver/source/library/OmniUsdResolver_Ar2.cpp -- OmniUsdResolver: Opening filesystem asset '/isaac-sim/extscache/omni.usd.libs-1.0.1+69cbf6ad.lx64.r.cp311/bin/usd/usdVol/resources/generatedSchema.usda' for read

2026-06-20T14:08:58Z [26,160ms] [Info] [omni.usd] Status (secondary thread): in _OpenAsset at line 360 of /builds/omniverse/usd-resolver/source/library/OmniUsdResolver_Ar2.cpp -- OmniUsdResolver: Opening filesystem asset '/isaac-sim/extscache/omni.usd.schema.omnigraph-1.0.0+69cbf6ad.lx64.r.cp311/plugins/omniGraphSchema/resources/generatedSchema.usda' for read

2026-06-20T14:08:58Z [26,160ms] [Info] [omni.usd] Status: in _OpenAsset at line 360 of /builds/omniverse/usd-resolver/source/library/OmniUsdResolver_Ar2.cpp -- OmniUsdResolver: Opening filesystem asset '/isaac-sim/extscache/omni.usd.libs-1.0.1+69cbf6ad.lx64.r.cp311/bin/usd/usdUI/resources/generatedSchema.usda' for read

2026-06-20T14:08:58Z [26,160ms] [Info] [omni.usd] Status (secondary thread): in _OpenAsset at line 360 of /builds/omniverse/usd-resolver/source/library/OmniUsdResolver_Ar2.cpp -- OmniUsdResolver: Opening filesystem asset '/isaac-sim/extscache/omni.usd.libs-1.0.1+69cbf6ad.lx64.r.cp311/bin/usd/usdLux/resources/generatedSchema.usda' for read

2026-06-20T14:08:58Z [26,175ms] [Info] [usdrt.population.plugin] USDRT population: Total primvar size: 0.000, sparse primvar size: 0.000 
2026-06-20T14:08:58Z [26,175ms] [Info] [usdrt.population.plugin] FabricPopulation: 0 meshes, 0 materials -> 0 after de-duplication, 0 geo instance proxies
2026-06-20T14:08:58Z [26,177ms] [Info] [carb] Initializing plugin: omni.usd-abi.plugin (interfaces: [omni::usd::IPathAbi v0.1],[omni::usd::IRenderProductPrimFactory v1.5],[omni::usd::IRenderSettings v0.2],[omni::usd::IRenderSettingsLegacy v0.1],[omni::usd::IResolverPathAbi v0.2],[omni::usd::ITokenAbi v0.2]) (impl: omni.usd-abi.plugin)
2026-06-20T14:08:58Z [26,177ms] [Info] [carb] Plugin isaacsim.core.simulation_manager.plugin is already a dependency of omni.fabric.plugin; not changing unload order
2026-06-20T14:08:58Z [26,177ms] [Info] [isaacsim.core.simulation_manager.plugin] Initialized TimeSampleStorage with circular buffer capacity 31 for stage 9223001
2026-06-20T14:08:58Z [26,178ms] [Info] [omni.physx.plugin] Using CUDA device ordinal 0.
2026-06-20T14:08:58Z [26,239ms] [Info] [carb] Plugin omni.stageupdate.plugin is already a dependency of omni.fabric.plugin; not changing unload order
2026-06-20T14:08:58Z [26,245ms] [Info] [carb] Plugin omni.stageupdate.plugin is already a dependency of omni.fabric.plugin; not changing unload order
2026-06-20T14:08:58Z [26,245ms] [Info] [carb] Plugin omni.stageupdate.plugin is already a dependency of omni.fabric.plugin; not changing unload order
2026-06-20T14:08:58Z [26,254ms] [Info] [omni.usd] UsdManager::createHydraEngineWithDefaultConfigImpl - engine: 'rtx'
2026-06-20T14:08:58Z [26,254ms] [Info] [omni.usd] HydraEngineManager::addEngine - added new engine:  uid: 1024 type: rtx flags: 0 tickRateInHz: 0 deviceMask: 0 creationIndex: 0
2026-06-20T14:08:58Z [26,254ms] [Info] [omni.usd] UsdManager::createNewHydraEngineInstance - created new hydra engine instance name: 'rtx', uid: 1024, index: 0
2026-06-20T14:08:58Z [26,254ms] [Info] [omni.usd] [MBVH]: enableHydraengineMasking: OFF, for indexForEngineInstance: 0
2026-06-20T14:08:58Z [26,254ms] [Info] [omni.usd] [MBVH]: raytracingMotion/enable: OFF, for indexForEngineInstance: 0
2026-06-20T14:08:58Z [26,254ms] [Info] [omni.usd] UsdManager::addHydraEngineWithConfiguration - engine: ' uid: 1024 type: rtx flags: 0 tickRateInHz: 0 deviceMask: 0 creationIndex: 0'
2026-06-20T14:08:58Z [26,255ms] [Info] [omni.usd] UsdManager::getHydraEngineDeviceMask - engine: 'rtx', mask: 1
2026-06-20T14:08:58Z [26,255ms] [Info] [gpu.foundation.plugin] Setting mgpu copy backend to 'copyQueue'
2026-06-20T14:08:58Z [26,260ms] [Info] [carb] Initializing plugin: carb.scenerenderer-rtx.plugin (interfaces: [carb::renderer::SceneRenderer v9.4],[carb::renderer::SceneRendererRTX v0.1]) (impl: carb.scenerenderer-rtx.plugin)
2026-06-20T14:08:58Z [26,260ms] [Info] [omni.hydra.rtx] [MBVH]: Creating SceneRenderer 0 with raytracing motion 'OFF' (device mask: 0x1)
2026-06-20T14:08:58Z [26,260ms] [Info] [omni.usd-abi.plugin] No setting was found for '/rtx-defaults/ambientOcclusion/enabled'
2026-06-20T14:08:58Z [26,260ms] [Info] [omni.usd-abi.plugin] No setting was found for '/rtx-defaults/directLighting/sampledLighting/enabled'
2026-06-20T14:08:58Z [26,260ms] [Info] [omni.usd-abi.plugin] No setting was found for '/rtx-defaults/indirectDiffuse/enabled'
2026-06-20T14:08:58Z [26,261ms] [Info] [omni.usd-abi.plugin] No setting was found for '/rtx-defaults/pathtracing/optixDenoiser/enabled'
2026-06-20T14:08:58Z [26,261ms] [Info] [omni.usd-abi.plugin] No setting was found for '/rtx-defaults-transient/rt2Enabled'
2026-06-20T14:08:58Z [26,261ms] [Info] [omni.usd-abi.plugin] No setting was found for '/rtx-defaults/post/aa/op'
2026-06-20T14:08:58Z [26,261ms] [Info] [omni.usd-abi.plugin] No setting was found for '/rtx-defaults-transient/ptEnabled'
2026-06-20T14:08:58Z [26,261ms] [Info] [omni.usd-abi.plugin] No setting was found for '/rtx-defaults/raytracing/cached/enabled'
2026-06-20T14:08:58Z [26,261ms] [Info] [omni.usd-abi.plugin] No setting was found for '/rtx-defaults/reflections/enabled'
2026-06-20T14:08:58Z [26,261ms] [Info] [omni.usd-abi.plugin] No setting was found for '/rtx-defaults/rendermode'
2026-06-20T14:08:58Z [26,261ms] [Info] [omni.usd-abi.plugin] No setting was found for '/rtx-defaults-transient/rtEnabled'
2026-06-20T14:08:58Z [26,261ms] [Info] [omni.usd-abi.plugin] No setting was found for '/rtx-defaults/sceneDb/ambientLightIntensity'
2026-06-20T14:08:58Z [26,261ms] [Info] [omni.usd-abi.plugin] No setting was found for '/rtx-defaults/translucency/enabled'
2026-06-20T14:08:58Z [26,261ms] [Info] [omni.usd-abi.plugin] No setting was found for '/rtx-defaults/viewTile/limit'
2026-06-20T14:08:58Z [26,261ms] [Info] [carb.scenerenderer-rtx.plugin] [MBVH]: RtxRenderContext 0 has motion instance 'DISABLED' (device mask: 0x1)
2026-06-20T14:08:58Z [26,265ms] [Info] [omni.usd-abi.plugin] Could not find a valid value for carb-setting: '/rtx/useViewLightingMode'
2026-06-20T14:08:58Z [26,265ms] [Info] [omni.usd-abi.plugin] Could not find a valid value for carb-setting: '/rtx/post/taa/samples'
2026-06-20T14:08:58Z [26,265ms] [Info] [omni.usd-abi.plugin] Could not find a valid value for carb-setting: '/rtx/post/backgroundZeroAlpha/enabled'
2026-06-20T14:08:58Z [26,265ms] [Info] [omni.usd-abi.plugin] Could not find a valid value for carb-setting: '/rtx/post/backgroundZeroAlpha/backgroundComposite'
2026-06-20T14:08:58Z [26,265ms] [Info] [omni.usd-abi.plugin] Could not find a valid value for carb-setting: '/rtx/post/backgroundZeroAlpha/blackBackgroundInComposite'
2026-06-20T14:08:58Z [26,265ms] [Info] [omni.usd-abi.plugin] Could not find a valid value for carb-setting: '/rtx/background/source/type'
2026-06-20T14:08:58Z [26,265ms] [Info] [omni.usd-abi.plugin] Could not find a valid value for carb-setting: '/rtx/debugView/viewIndex'
2026-06-20T14:08:58Z [26,265ms] [Info] [omni.usd-abi.plugin] Could not find a valid value for carb-setting: '/rtx/pathtracing/nrc/enabled'
2026-06-20T14:08:58Z [26,265ms] [Info] [omni.usd-abi.plugin] Could not find a valid value for carb-setting: '/rtx/matteObject/blend/fadeOut'
2026-06-20T14:08:58Z [26,265ms] [Info] [omni.usd-abi.plugin] Could not find a valid value for carb-setting: '/rtx/pathtracing/dynamicResolution/ratio'
2026-06-20T14:08:58Z [26,265ms] [Info] [omni.usd-abi.plugin] Could not find a valid value for carb-setting: '/rtx/pathtracing/temporalAccumulation'
2026-06-20T14:08:58Z [26,265ms] [Info] [omni.usd-abi.plugin] Could not find a valid value for carb-setting: '/rtx/material/translucencyAsOpacity'
2026-06-20T14:08:58Z [26,265ms] [Info] [omni.usd-abi.plugin] Could not find a valid value for carb-setting: '/rtx/material/enableRefraction'
2026-06-20T14:08:58Z [26,265ms] [Info] [carb] Initializing plugin: rtx.mdltranslator.plugin (interfaces: [rtx::mdltranslator::MdlTranslator v12.0]) (impl: rtx.mdltranslator.plugin)
2026-06-20T14:08:58Z [26,265ms] [Info] [rtx.mdltranslator.plugin] MDL translator code generation hash: '0x58920b607c89b91d'
2026-06-20T14:08:58Z [26,265ms] [Info] [carb] Initializing plugin: rtx.neuraylib.plugin (interfaces: [rtx::neuray::NeurayLib v1.5]) (impl: rtx.neuraylib.plugin)
2026-06-20T14:08:58Z [26,494ms] [Info] [rtx.neuraylib.plugin] Iray cpu load limit set to 16
2026-06-20T14:08:58Z [26,607ms] [Info] [rtx.neuraylib.plugin] [EntityResolver] add MDL search path: file:/isaac-sim/extscache/omni.replicator.core-1.12.27+107.3.3.lx64.r.cp311/mdl)
2026-06-20T14:08:58Z [26,607ms] [Info] [rtx.neuraylib.plugin] Added MDL path: 'file:/isaac-sim/extscache/omni.replicator.core-1.12.27+107.3.3.lx64.r.cp311/mdl'
2026-06-20T14:08:58Z [26,607ms] [Info] [rtx.neuraylib.plugin] [EntityResolver] add MDL search path: file:/isaac-sim/kit/mdl/rtx)
2026-06-20T14:08:58Z [26,607ms] [Info] [rtx.neuraylib.plugin] Added MDL path: 'file:/isaac-sim/kit/mdl/rtx'
2026-06-20T14:08:58Z [26,607ms] [Info] [rtx.neuraylib.plugin] [EntityResolver] add MDL search path: file:/isaac-sim/kit/mdl/rtx/iray)
2026-06-20T14:08:58Z [26,607ms] [Info] [rtx.neuraylib.plugin] Added MDL path: 'file:/isaac-sim/kit/mdl/rtx/iray'
2026-06-20T14:08:58Z [26,607ms] [Info] [rtx.neuraylib.plugin] [EntityResolver] add MDL search path: file:/isaac-sim/kit/mdl/core/Base)
2026-06-20T14:08:58Z [26,607ms] [Info] [rtx.neuraylib.plugin] Added MDL path: 'file:/isaac-sim/kit/mdl/core/Base'
2026-06-20T14:08:58Z [26,607ms] [Info] [rtx.neuraylib.plugin] [EntityResolver] add MDL search path: file:/isaac-sim/kit/mdl/core/Ue4)
2026-06-20T14:08:58Z [26,607ms] [Info] [rtx.neuraylib.plugin] Added MDL path: 'file:/isaac-sim/kit/mdl/core/Ue4'
2026-06-20T14:08:58Z [26,608ms] [Info] [rtx.neuraylib.plugin] [EntityResolver] add MDL search path: file:/isaac-sim/kit/mdl/core/VRay)
2026-06-20T14:08:58Z [26,608ms] [Info] [rtx.neuraylib.plugin] Added MDL path: 'file:/isaac-sim/kit/mdl/core/VRay'
2026-06-20T14:08:58Z [26,608ms] [Info] [rtx.neuraylib.plugin] [EntityResolver] add MDL search path: file:/isaac-sim/kit/mdl/core/Volume)
2026-06-20T14:08:58Z [26,608ms] [Info] [rtx.neuraylib.plugin] Added MDL path: 'file:/isaac-sim/kit/mdl/core/Volume'
2026-06-20T14:08:58Z [26,608ms] [Info] [rtx.neuraylib.plugin] [EntityResolver] add MDL search path: file:/isaac-sim/kit/mdl/core/mdl)
2026-06-20T14:08:58Z [26,608ms] [Info] [rtx.neuraylib.plugin] Added MDL path: 'file:/isaac-sim/kit/mdl/core/mdl'
2026-06-20T14:08:58Z [26,608ms] [Info] [rtx.neuraylib.plugin] [EntityResolver] add MDL search path: file:/isaac-sim/extscache/omni.mdl-56.0.3+69cbf6ad.lx64.r.cp311/search_paths/omniverse_exts)
2026-06-20T14:08:58Z [26,608ms] [Info] [rtx.neuraylib.plugin] Added MDL path: 'file:/isaac-sim/extscache/omni.mdl-56.0.3+69cbf6ad.lx64.r.cp311/search_paths/omniverse_exts'
2026-06-20T14:08:58Z [26,608ms] [Info] [rtx.mdltranslator.plugin] Distilling is enabled.
2026-06-20T14:08:58Z [26,609ms] [Info] [gpu.foundation.plugin] The list of unsupported driver ranges being verified with known bugs (RTX):
[0.0, 535.129)
The recommended drivers: 535.161.07 (GameReady, Studio, RTX/Quadro, Grid/vGPU)
The latest driver version may also work but is not fully tested.
2026-06-20T14:08:58Z [26,609ms] [Info] [carb] Initializing plugin: rtx.multigpumanager.plugin (interfaces: [rtx::multigpumanager::MultiGpuManager v0.9]) (impl: rtx.multigpumanager.plugin)
2026-06-20T14:08:58Z [26,609ms] [Info] [carb] Initializing plugin: rtx.scenedb.plugin (interfaces: [rtx::scenedb::FabricSceneDb v0.1],[rtx::scenedb::SceneDb v4.4]) (impl: rtx.scenedb.plugin)
2026-06-20T14:08:58Z [26,612ms] [Info] [carb] Plugin rtx.scenedb.plugin is already a dependency of omni.fabric.plugin; not changing unload order
2026-06-20T14:08:58Z [26,613ms] [Info] [carb] Plugin rtx.scenedb.plugin is already a dependency of omni.fabric.plugin; not changing unload order
2026-06-20T14:08:59Z [26,745ms] [Info] [carb] Initializing plugin: carb.graphics_optional.plugin (interfaces: [carb::graphics::IOptionalFeatures v2.1]) (impl: carb.graphics_optional.plugin)
2026-06-20T14:08:59Z [26,746ms] [Info] [carb.graphics-vulkan.plugin] carb.graphics optional features library path: /isaac-sim/extscache/omni.gpu_foundation-0.0.0+69cbf6ad.lx64.r.cp311/bin/deps
2026-06-20T14:08:59Z [27,126ms] [Info] [carb.graphics-vulkan.plugin] NGX DLSS Frame Generation Feature Supported
2026-06-20T14:08:59Z [27,126ms] [Info] [carb] Initializing plugin: rtx.rasterizing.plugin (interfaces: [rtx::rasterizing::Primitive v0.1],[rtx::rasterizing::Selection v0.1]) (impl: rtx.rasterizing.plugin)
2026-06-20T14:08:59Z [27,128ms] [Info] [carb] Initializing plugin: rtx.materialdb.plugin (interfaces: [rtx::materialdb::MaterialDb v1.10]) (impl: rtx.materialdb.plugin)
2026-06-20T14:08:59Z [27,132ms] [Info] [carb] Plugin rtx.materialdb.plugin is already a dependency of carb.ujitsodefault.plugin; not changing unload order
2026-06-20T14:08:59Z [27,141ms] [Info] [carb] Initializing plugin: rtx.raytracing.plugin (interfaces: [rtx::raytracing::AmbientOcclusion v1.0],[rtx::raytracing::AovConverter v1.4],[rtx::raytracing::Caustics v1.0],[rtx::raytracing::Compositing v1.0],[rtx::raytracing::CopyDepth v1.0],[rtx::raytracing::DebugView v1.1],[rtx::raytracing::DirectLightingLtc v1.0],[rtx::raytracing::DirectLightingSampled v1.0],[rtx::raytracing::GBuffer v4.0],[rtx::raytracing::GlobalVolumetricEffects v0.6],[rtx::raytracing::Hair v1.0],[rtx::raytracing::IndirectDiffuse v2.0],[rtx::raytracing::MaterialBaking v0.2],[rtx::raytracing::PathTracing v1.4],[rtx::raytracing::Picking v1.1],[rtx::raytracing::RTXRaycastQueryManager v0.1],[rtx::raytracing::RaycastQueryManager v1.0],[rtx::raytracing::Reflections v2.0],[rtx::raytracing::SamplerFeedback v2.0],[rtx::raytracing::Selection v0.1],[rtx::raytracing::Shadows v2.0],[rtx::raytracing::SpatialHashGrid v0.2],[rtx::raytracing::Subsurface v1.0],[rtx::raytracing::SyntheticAttributeData v0.1],[rtx::raytracing::SyntheticImageData v1.0],[rtx::raytracing::Translucency v5.2]) (impl: rtx.raytracing.plugin)
2026-06-20T14:08:59Z [27,150ms] [Info] [carb] Initializing plugin: rtx.denoising.plugin (interfaces: [denoising::RtDenoising v1.0],[rtx::denoising::Caustics v0.1],[rtx::denoising::DirectLighting v0.1],[rtx::denoising::GIReprojection v0.1],[rtx::denoising::IndirectDiffuse v0.1]) (impl: rtx.denoising.plugin)
2026-06-20T14:09:00Z [27,867ms] [Info] [omni.usd-abi.plugin] No setting was found for '/rtx-defaults/pathtracing/clampSpp'
2026-06-20T14:09:00Z [27,867ms] [Info] [omni.usd-abi.plugin] No setting was found for '/rtx-defaults/pathtracing/maxBounces'
2026-06-20T14:09:00Z [27,867ms] [Info] [omni.usd-abi.plugin] No setting was found for '/rtx-defaults/pathtracing/maxSamplesPerLaunch'
2026-06-20T14:09:00Z [27,867ms] [Info] [omni.usd-abi.plugin] No setting was found for '/rtx-defaults/pathtracing/maxSpecularAndTransmissionBounces'
2026-06-20T14:09:00Z [27,867ms] [Info] [omni.usd-abi.plugin] No setting was found for '/rtx-defaults/pathtracing/maxVolumeBounces'
2026-06-20T14:09:00Z [27,867ms] [Info] [omni.usd-abi.plugin] No setting was found for '/rtx-defaults/pathtracing/spp'
2026-06-20T14:09:00Z [27,867ms] [Info] [omni.usd-abi.plugin] No setting was found for '/rtx-defaults/pathtracing/totalSpp'
2026-06-20T14:09:00Z [27,867ms] [Info] [omni.usd-abi.plugin] No setting was found for '/rtx-defaults-transient/meshlights/forceDisable'
2026-06-20T14:09:00Z [28,286ms] [Info] [carb] Initializing plugin: rtx.postprocessing.plugin (interfaces: [rtx::postprocessing::AlphaZeroMask v3.0],[rtx::postprocessing::ChromaticAberration v1.0],[rtx::postprocessing::DLSS v2.2],[rtx::postprocessing::DepthSensor v1.0],[rtx::postprocessing::Downsample v0.1],[rtx::postprocessing::Downsample2x v0.1],[rtx::postprocessing::Fullscreen v0.1],[rtx::postprocessing::Fxaa v1.0],[rtx::postprocessing::Histogram v1.0],[rtx::postprocessing::LensFlare v1.0],[rtx::postprocessing::MotionBlur v2.0],[rtx::postprocessing::NuRecVolumeCompositing v1.0],[rtx::postprocessing::Outline v0.2],[rtx::postprocessing::Postprocessing v5.0],[rtx::postprocessing::RegisterCompositing v0.0],[rtx::postprocessing::RegisteredCompositing v4.0],[rtx::postprocessing::TemporalAA v2.0],[rtx::postprocessing::TileCompositing v0.1],[rtx::postprocessing::Tonemapping v1.1],[rtx::postprocessing::TvNoise v1.0],[rtx::postprocessing::ViewCombiner v0.1]) (impl: rtx.postprocessing.plugin)
2026-06-20T14:09:00Z [28,286ms] [Info] [omni.usd-abi.plugin] No setting was found for '/rtx-defaults/post/dlss/execMode'
2026-06-20T14:09:00Z [28,404ms] [Info] [carb] Initializing plugin: rtx.optixdenoising.plugin (interfaces: [rtx::optixdenoising::OptixDenoising75 v0.2]) (impl: rtx.optixdenoising.plugin)
2026-06-20T14:09:00Z [28,407ms] [Info] [rtx.optixdenoising.plugin] Creating Optix 7.5 adaptor for device 0
2026-06-20T14:09:03Z [31,342ms] [Info] [carb] Initializing plugin: rtx.reshade.plugin (interfaces: [rtx::reshade::Reshade v0.3]) (impl: rtx.reshade.plugin)
2026-06-20T14:09:03Z [31,371ms] [Info] [carb] Initializing plugin: rtx.rtxsensor.plugin (interfaces: [rtx::rtxsensor::RtxSensor v2.0]) (impl: rtx.rtxsensor.plugin)
2026-06-20T14:09:04Z [32,395ms] [Info] [carb] Initializing plugin: rtx.syntheticdata.plugin (interfaces: [rtx::syntheticdataannotation::SyntheticDataAnnotation v0.2]) (impl: rtx.syntheticdata.plugin)
2026-06-20T14:09:04Z [32,395ms] [Info] [carb] Initializing plugin: rtx.cameraisp.plugin (interfaces: [rtx::cameraisp::CameraIsp v0.5]) (impl: rtx.cameraisp.plugin)
2026-06-20T14:09:04Z [32,438ms] [Info] [rtx.neuraylib.plugin] [EntityResolver] DONE  ::Default  <--->  ::Default  (file:/isaac-sim/kit/mdl/rtx/Default.mdl)
2026-06-20T14:09:04Z [32,439ms] [Info] [omni.usd] Status (secondary thread): in _OpenAsset at line 360 of /builds/omniverse/usd-resolver/source/library/OmniUsdResolver_Ar2.cpp -- OmniUsdResolver: Opening filesystem asset 'file:/isaac-sim/kit/mdl/rtx/Default.mdl' for read

2026-06-20T14:09:04Z [32,441ms] [Info] [rtx.neuraylib.plugin] FileWatcher: Started watching: 'mdl::Default'
2026-06-20T14:09:04Z [32,441ms] [Info] [rtx.neuraylib.plugin] Stored MdlEntitySnapshot to DB: usd::rtx_scope0::*Default::::Default::Default((0))
2026-06-20T14:09:04Z [32,443ms] [Info] [rtx.neuraylib.plugin] [EntityResolver] DONE  ::DebugWhite  <--->  ::DebugWhite  (file:/isaac-sim/kit/mdl/rtx/DebugWhite.mdl)
2026-06-20T14:09:04Z [32,443ms] [Info] [omni.usd] Status (secondary thread): in _OpenAsset at line 360 of /builds/omniverse/usd-resolver/source/library/OmniUsdResolver_Ar2.cpp -- OmniUsdResolver: Opening filesystem asset 'file:/isaac-sim/kit/mdl/rtx/DebugWhite.mdl' for read

2026-06-20T14:09:04Z [32,444ms] [Info] [rtx.neuraylib.plugin] FileWatcher: Started watching: 'mdl::DebugWhite'
2026-06-20T14:09:04Z [32,444ms] [Info] [rtx.neuraylib.plugin] Stored MdlEntitySnapshot to DB: usd::rtx_scope0::*DebugWhite::::DebugWhite::DebugWhite((1))
2026-06-20T14:09:04Z [32,446ms] [Info] [rtx.neuraylib.plugin] [EntityResolver] DONE  ::DebugWhiteEmissive  <--->  ::DebugWhiteEmissive  (file:/isaac-sim/kit/mdl/rtx/DebugWhiteEmissive.mdl)
2026-06-20T14:09:04Z [32,446ms] [Info] [omni.usd] Status (secondary thread): in _OpenAsset at line 360 of /builds/omniverse/usd-resolver/source/library/OmniUsdResolver_Ar2.cpp -- OmniUsdResolver: Opening filesystem asset 'file:/isaac-sim/kit/mdl/rtx/DebugWhiteEmissive.mdl' for read

2026-06-20T14:09:04Z [32,447ms] [Info] [rtx.neuraylib.plugin] FileWatcher: Started watching: 'mdl::DebugWhiteEmissive'
2026-06-20T14:09:04Z [32,447ms] [Info] [rtx.neuraylib.plugin] Stored MdlEntitySnapshot to DB: usd::rtx_scope0::*DebugWhiteEmissive::::DebugWhiteEmissive::DebugWhiteEmissive((2))
2026-06-20T14:09:04Z [32,449ms] [Info] [rtx.neuraylib.plugin] [EntityResolver] DONE  ::WhiteShadowCatcher  <--->  ::WhiteShadowCatcher  (file:/isaac-sim/kit/mdl/rtx/WhiteShadowCatcher.mdl)
2026-06-20T14:09:04Z [32,449ms] [Info] [omni.usd] Status (secondary thread): in _OpenAsset at line 360 of /builds/omniverse/usd-resolver/source/library/OmniUsdResolver_Ar2.cpp -- OmniUsdResolver: Opening filesystem asset 'file:/isaac-sim/kit/mdl/rtx/WhiteShadowCatcher.mdl' for read

2026-06-20T14:09:04Z [32,450ms] [Info] [rtx.neuraylib.plugin] FileWatcher: Started watching: 'mdl::WhiteShadowCatcher'
2026-06-20T14:09:04Z [32,450ms] [Info] [rtx.neuraylib.plugin] Stored MdlEntitySnapshot to DB: usd::rtx_scope0::*WhiteShadowCatcher::::WhiteShadowCatcher::WhiteShadowCatcher((3))
2026-06-20T14:09:05Z [33,044ms] [Info] [omni.usd] UsdManager::initializeHydraEngineInstance - engine initialized ' uid: 1024 type: rtx flags: 2 tickRateInHz: 0 deviceMask: 1 creationIndex: 0'
2026-06-20T14:09:05Z [33,044ms] [Info] [omni.usd] UsdContext::addHydraEngineImp - engine uid: 1024
2026-06-20T14:09:05Z [33,044ms] [Info] [omni.usd] [UsdContext] Set default Hydra Engine uid: 1024 type: rtx
2026-06-20T14:09:05Z [33,044ms] [Info] [omni.usd] UsdContext::addHydraEngineWithExistingInstanceDataImp - engine to add ' uid: 1024 type: rtx flags: 2 tickRateInHz: 0 deviceMask: 1 creationIndex: 0'
2026-06-20T14:09:05Z [33,044ms] [Info] [omni.usd] UsdContext::addHydraEngineWithExistingInstanceDataImp - succesfully created engine uid: 1024
2026-06-20T14:09:05Z [33,059ms] [Info] [rtx.scenedb.plugin] [MBVH]: Creating scene acceleration structures for context 0, device mask: 0x1
2026-06-20T14:09:05Z [33,064ms] [Info] [rtx.neuraylib.plugin] [EntityResolver] DONE  ::MdlStates  <--->  ::MdlStates  (file:/isaac-sim/kit/mdl/rtx/MdlStates.mdl)
2026-06-20T14:09:05Z [33,065ms] [Info] [omni.usd] Status (secondary thread): in _OpenAsset at line 360 of /builds/omniverse/usd-resolver/source/library/OmniUsdResolver_Ar2.cpp -- OmniUsdResolver: Opening filesystem asset 'file:/isaac-sim/kit/mdl/rtx/MdlStates.mdl' for read

2026-06-20T14:09:05Z [33,066ms] [Info] [rtx.neuraylib.plugin] [EntityResolver] CACHED  ::Default  <--->  ::Default  (file:/isaac-sim/kit/mdl/rtx/Default.mdl)
2026-06-20T14:09:05Z [33,067ms] [Info] [rtx.neuraylib.plugin] FileWatcher: Started watching: 'mdl::MdlStates'
2026-06-20T14:09:05Z [33,067ms] [Info] [rtx.neuraylib.plugin] Stored MdlEntitySnapshot to DB: usd::rtx_scope0::*MdlStates-Streaming::::MdlStates::Streaming((4))
2026-06-20T14:09:05Z [33,067ms] [Info] [rtx.neuraylib.plugin] Stored MdlEntitySnapshot to DB: usd::rtx_scope0::*MdlStates-Failed::::MdlStates::CompileFailed((5))
2026-06-20T14:09:06Z [33,881ms] [Info] [rtx.neuraylib.plugin] [EntityResolver] DONE  ::UsdPreviewSurfaceMonolithic  <--->  ::UsdPreviewSurfaceMonolithic  (file:/isaac-sim/kit/mdl/rtx/UsdPreviewSurfaceMonolithic.mdl)
2026-06-20T14:09:06Z [33,882ms] [Info] [omni.usd] Status (secondary thread): in _OpenAsset at line 360 of /builds/omniverse/usd-resolver/source/library/OmniUsdResolver_Ar2.cpp -- OmniUsdResolver: Opening filesystem asset 'file:/isaac-sim/kit/mdl/rtx/UsdPreviewSurfaceMonolithic.mdl' for read

2026-06-20T14:09:07Z [34,767ms] [Info] [rtx.neuraylib.plugin] [EntityResolver] DONE  .::UsdPreviewSurface  <--->  ::UsdPreviewSurface  (file:/isaac-sim/kit/mdl/rtx/UsdPreviewSurface.mdl)
2026-06-20T14:09:07Z [34,767ms] [Info] [omni.usd] Status (secondary thread): in _OpenAsset at line 360 of /builds/omniverse/usd-resolver/source/library/OmniUsdResolver_Ar2.cpp -- OmniUsdResolver: Opening filesystem asset 'file:/isaac-sim/kit/mdl/rtx/UsdPreviewSurface.mdl' for read

2026-06-20T14:09:07Z [34,772ms] [Info] [rtx.neuraylib.plugin] [EntityResolver] DONE  .::UsdPreviewSurfaceLib  <--->  ::UsdPreviewSurfaceLib  (file:/isaac-sim/kit/mdl/rtx/UsdPreviewSurfaceLib.mdl)
2026-06-20T14:09:07Z [34,773ms] [Info] [omni.usd] Status (secondary thread): in _OpenAsset at line 360 of /builds/omniverse/usd-resolver/source/library/OmniUsdResolver_Ar2.cpp -- OmniUsdResolver: Opening filesystem asset 'file:/isaac-sim/kit/mdl/rtx/UsdPreviewSurfaceLib.mdl' for read

2026-06-20T14:09:07Z [34,776ms] [Info] [rtx.neuraylib.plugin] [EntityResolver] CACHED  .::UsdPreviewSurfaceLib  <--->  ::UsdPreviewSurfaceLib  (file:/isaac-sim/kit/mdl/rtx/UsdPreviewSurfaceLib.mdl)
2026-06-20T14:09:07Z [34,776ms] [Info] [rtx.neuraylib.plugin] [EntityResolver] CACHED  .::UsdPreviewSurfaceLib  <--->  ::UsdPreviewSurfaceLib  (file:/isaac-sim/kit/mdl/rtx/UsdPreviewSurfaceLib.mdl)
2026-06-20T14:09:07Z [34,780ms] [Info] [rtx.neuraylib.plugin] [EntityResolver] CACHED  .::UsdPreviewSurfaceLib  <--->  ::UsdPreviewSurfaceLib  (file:/isaac-sim/kit/mdl/rtx/UsdPreviewSurfaceLib.mdl)
2026-06-20T14:09:07Z [34,781ms] [Info] [rtx.neuraylib.plugin] [EntityResolver] CACHED  .::UsdPreviewSurfaceLib  <--->  ::UsdPreviewSurfaceLib  (file:/isaac-sim/kit/mdl/rtx/UsdPreviewSurfaceLib.mdl)
2026-06-20T14:09:07Z [34,781ms] [Info] [rtx.neuraylib.plugin] [EntityResolver] CACHED  .::UsdPreviewSurfaceLib  <--->  ::UsdPreviewSurfaceLib  (file:/isaac-sim/kit/mdl/rtx/UsdPreviewSurfaceLib.mdl)
2026-06-20T14:09:07Z [34,781ms] [Info] [rtx.neuraylib.plugin] [EntityResolver] CACHED  .::UsdPreviewSurfaceLib  <--->  ::UsdPreviewSurfaceLib  (file:/isaac-sim/kit/mdl/rtx/UsdPreviewSurfaceLib.mdl)
2026-06-20T14:09:07Z [34,785ms] [Info] [rtx.neuraylib.plugin] FileWatcher: Started watching: 'mdl::UsdPreviewSurfaceLib'
2026-06-20T14:09:07Z [34,785ms] [Info] [rtx.neuraylib.plugin] FileWatcher: Started watching: 'mdl::UsdPreviewSurface'
2026-06-20T14:09:07Z [34,785ms] [Info] [rtx.neuraylib.plugin] FileWatcher: Started watching: 'mdl::UsdPreviewSurfaceMonolithic'
2026-06-20T14:09:07Z [34,786ms] [Info] [rtx.neuraylib.plugin] Stored MdlEntitySnapshot to DB: usd::rtx_scope0::*UsdPreviewSurfaceMonolithic::::UsdPreviewSurfaceMonolithic::UsdPreviewSurfaceMonolithic((6))
2026-06-20T14:09:13Z [41,544ms] [Info] [rtx.neuraylib.plugin] [EntityResolver] DONE  ::UsdPreviewSurfaceMonolithicLite  <--->  ::UsdPreviewSurfaceMonolithicLite  (file:/isaac-sim/kit/mdl/rtx/UsdPreviewSurfaceMonolithicLite.mdl)
2026-06-20T14:09:13Z [41,544ms] [Info] [omni.usd] Status (secondary thread): in _OpenAsset at line 360 of /builds/omniverse/usd-resolver/source/library/OmniUsdResolver_Ar2.cpp -- OmniUsdResolver: Opening filesystem asset 'file:/isaac-sim/kit/mdl/rtx/UsdPreviewSurfaceMonolithicLite.mdl' for read

2026-06-20T14:09:13Z [41,546ms] [Info] [rtx.neuraylib.plugin] [EntityResolver] CACHED  .::UsdPreviewSurface  <--->  ::UsdPreviewSurface  (file:/isaac-sim/kit/mdl/rtx/UsdPreviewSurface.mdl)
2026-06-20T14:09:13Z [41,546ms] [Info] [rtx.neuraylib.plugin] [EntityResolver] CACHED  .::UsdPreviewSurfaceLib  <--->  ::UsdPreviewSurfaceLib  (file:/isaac-sim/kit/mdl/rtx/UsdPreviewSurfaceLib.mdl)
2026-06-20T14:09:13Z [41,546ms] [Info] [rtx.neuraylib.plugin] [EntityResolver] CACHED  .::UsdPreviewSurfaceLib  <--->  ::UsdPreviewSurfaceLib  (file:/isaac-sim/kit/mdl/rtx/UsdPreviewSurfaceLib.mdl)
2026-06-20T14:09:13Z [41,546ms] [Info] [rtx.neuraylib.plugin] [EntityResolver] CACHED  .::UsdPreviewSurfaceLib  <--->  ::UsdPreviewSurfaceLib  (file:/isaac-sim/kit/mdl/rtx/UsdPreviewSurfaceLib.mdl)
2026-06-20T14:09:13Z [41,546ms] [Info] [rtx.neuraylib.plugin] [EntityResolver] CACHED  .::UsdPreviewSurfaceLib  <--->  ::UsdPreviewSurfaceLib  (file:/isaac-sim/kit/mdl/rtx/UsdPreviewSurfaceLib.mdl)
2026-06-20T14:09:13Z [41,546ms] [Info] [rtx.neuraylib.plugin] [EntityResolver] CACHED  .::UsdPreviewSurfaceLib  <--->  ::UsdPreviewSurfaceLib  (file:/isaac-sim/kit/mdl/rtx/UsdPreviewSurfaceLib.mdl)
2026-06-20T14:09:13Z [41,548ms] [Info] [rtx.neuraylib.plugin] FileWatcher: Started watching: 'mdl::UsdPreviewSurfaceMonolithicLite'
2026-06-20T14:09:13Z [41,550ms] [Info] [rtx.neuraylib.plugin] Stored MdlEntitySnapshot to DB: usd::rtx_scope0::*UsdPreviewSurfaceMonolithicLite::::UsdPreviewSurfaceMonolithicLite::UsdPreviewSurfaceMonolithicLite((7))
2026-06-20T14:09:36Z [63,845ms] [Info] [omni.usd] Status: in _OpenAsset at line 360 of /builds/omniverse/usd-resolver/source/library/OmniUsdResolver_Ar2.cpp -- OmniUsdResolver: Opening filesystem asset '/isaac-sim/extscache/omni.usd.libs-1.0.1+69cbf6ad.lx64.r.cp311/bin/usd/usdHydra/resources/shaders/shaderDefs.usda' for read

2026-06-20T14:09:36Z [63,848ms] [Info] [omni.usdMdl] Initializing Neuray
2026-06-20T14:09:36Z [63,848ms] [Info] [omni.usdMdl] scope: rtx_scope0
2026-06-20T14:09:36Z [63,848ms] [Info] [omni.usdMdl] MdlModuleRegistry::DiscoverPreviewSurfaceModule()
2026-06-20T14:09:36Z [63,848ms] [Info] [omni.usdMdl] MdlModuleRegistry::_GetOrCreateModule(/isaac-sim/kit/mdl/rtx/UsdPreviewSurface.mdl, 1, 1)
2026-06-20T14:09:36Z [63,848ms] [Info] [omni.usdMdl] MdlModuleRegistry::_GetOrCreateModule(/isaac-sim/kit/mdl/rtx/UsdPreviewSurface.mdl, 1, 1)	Done	created: 1
2026-06-20T14:09:36Z [63,848ms] [Info] [omni.usdMdl] ModuleRegistryItem::GetOrCreateModule(1, 1)	assetPath: /isaac-sim/kit/mdl/rtx/UsdPreviewSurface.mdl
2026-06-20T14:09:36Z [63,848ms] [Info] [omni.usdMdl] MdlModule::MdlModule(/isaac-sim/kit/mdl/rtx/UsdPreviewSurface.mdl, 1, 1)
2026-06-20T14:09:36Z [63,848ms] [Info] [omni.usdMdl] Neuray::LoadModule(/isaac-sim/kit/mdl/rtx/UsdPreviewSurface.mdl, UsdPreviewSurface.mdl, 1)
2026-06-20T14:09:36Z [63,848ms] [Info] [omni.usdMdl] MdlNotice::ModuleLoaded	/isaac-sim/kit/mdl/rtx/UsdPreviewSurface.mdl
2026-06-20T14:09:36Z [63,848ms] [Info] [omni.usdMdl] Neuray::LoadModule(/isaac-sim/kit/mdl/rtx/UsdPreviewSurface.mdl, UsdPreviewSurface.mdl, 1)	Done	success: 1
2026-06-20T14:09:36Z [63,849ms] [Info] [omni.usdMdl] MdlModule::MdlModule(/isaac-sim/kit/mdl/rtx/UsdPreviewSurface.mdl, 1, 1)	Done	function count: 21	valid: 1
2026-06-20T14:09:36Z [63,849ms] [Info] [omni.usdMdl] ModuleRegistryItem::GetOrCreateModule(1, 1)	assetPath: /isaac-sim/kit/mdl/rtx/UsdPreviewSurface.mdl	Done	created: 1
2026-06-20T14:09:36Z [63,849ms] [Info] [omni.usd] Status: in _OpenAsset at line 360 of /builds/omniverse/usd-resolver/source/library/OmniUsdResolver_Ar2.cpp -- OmniUsdResolver: Opening filesystem asset '/isaac-sim/extscache/omni.usd.libs-1.0.1+69cbf6ad.lx64.r.cp311/bin/usd/usdShaders/resources/shaders/shaderDefs.usda' for read

2026-06-20T14:09:36Z [63,853ms] [Info] [usdrt.hydra.fabric_scene_delegate.plugin] using high frequency span is disabled
2026-06-20T14:09:36Z [63,853ms] [Info] [usdrt.hydra.fabric_scene_delegate.plugin] using high frequency span with attrs is disabled
2026-06-20T14:09:36Z [63,854ms] [Info] [omni.usd] UsdContext::addHydraEngineWithExistingInstanceDataImp - set default RTX engine: 1024
2026-06-20T14:09:36Z [63,854ms] [Info] [omni.hydratexture.plugin] HydraTexture with name 'omni_kit_widget_viewport_ViewportTexture_0' has settings-path of '/exts/omni.kit.hydra_texture/omni_kit_widget_viewport_ViewportTexture_0/'
2026-06-20T14:09:36Z [63,855ms] [Info] [omni.usd] UsdContext::createViewportImpl - engine type: 'rtx', tick rate: 120 , flags: 0 , device: 0
2026-06-20T14:09:36Z [63,856ms] [Info] [omni.usd] [MBVH]: enableHydraengineMasking: OFF, for indexForEngineInstance: 0
2026-06-20T14:09:36Z [63,856ms] [Info] [omni.usd] [MBVH]: raytracingMotion/enable: OFF, for indexForEngineInstance: 0
2026-06-20T14:09:36Z [63,856ms] [Info] [omni.usd] UsdContext::createRunloopThreadForHydraEngineImpl - engine: ' uid: 1024 type: rtx flags: 2 tickRateInHz: 0 deviceMask: 1 creationIndex: 0'
2026-06-20T14:09:36Z [63,856ms] [Info] [omni.usd] [MBVH]: enableHydraengineMasking: OFF, for indexForEngineInstance: 0
2026-06-20T14:09:36Z [63,856ms] [Info] [omni.usd] [MBVH]: raytracingMotion/enable: OFF, for indexForEngineInstance: 0
2026-06-20T14:09:36Z [63,856ms] [Info] [carb] Initializing plugin: omni.usd.hydra.renderproduct.plugin (interfaces: [omni::usd::hydra::IRenderProductManager v0.1]) (impl: omni.usd.hydra.renderproduct.plugin)
2026-06-20T14:09:36Z [63,857ms] [Info] [omni.usd] UsdContext::createViewportImpl - handle: 0, engine: 1024
2026-06-20T14:09:36Z [63,858ms] [Info] [omni.usd-abi.plugin] No setting was found for '/rtx-defaults/multiThreading/enabled'
2026-06-20T14:09:36Z [63,859ms] [Info] [omni.usd-abi.plugin] No setting was found for '/rtx-defaults/rtxsensor/fallbackTimestamps/enabled'
2026-06-20T14:09:36Z [63,865ms] [Info] [carb] Plugin isaacsim.core.simulation_manager.plugin is already a dependency of omni.fabric.plugin; not changing unload order
2026-06-20T14:09:36Z [63,867ms] [Info] [usdrt.population.plugin] USDRT population: Total primvar size: 0.000, sparse primvar size: 0.000 
2026-06-20T14:09:36Z [63,867ms] [Info] [usdrt.population.plugin] FabricPopulation: 0 meshes, 0 materials -> 0 after de-duplication, 0 geo instance proxies
2026-06-20T14:09:36Z [63,867ms] [Warning] [omni.fabric.plugin] Warning: attribute viewportHandle not found for bucket id 7

2026-06-20T14:09:36Z [63,872ms] [Info] [omni.graph.core.plugin] queryCudaDeviceOrdinal: CUDA device ordinal: 0.
2026-06-20T14:09:41Z [68,883ms] [Info] [gpu.foundation.plugin] *** Waiting for RtPso async group async compilation: 5 seconds so far
2026-06-20T14:09:46Z [73,883ms] [Info] [gpu.foundation.plugin] *** Waiting for RtPso async group async compilation: 10 seconds so far
2026-06-20T14:09:51Z [78,883ms] [Info] [gpu.foundation.plugin] *** Waiting for RtPso async group async compilation: 15 seconds so far
2026-06-20T14:09:56Z [83,883ms] [Info] [gpu.foundation.plugin] *** Waiting for RtPso async group async compilation: 20 seconds so far
2026-06-20T14:10:01Z [88,883ms] [Info] [gpu.foundation.plugin] *** Waiting for RtPso async group async compilation: 25 seconds so far
2026-06-20T14:10:06Z [93,883ms] [Info] [gpu.foundation.plugin] *** Waiting for RtPso async group async compilation: 30 seconds so far
2026-06-20T14:10:11Z [98,884ms] [Info] [gpu.foundation.plugin] *** Waiting for RtPso async group async compilation: 35 seconds so far
2026-06-20T14:10:16Z [103,884ms] [Info] [gpu.foundation.plugin] *** Waiting for RtPso async group async compilation: 40 seconds so far
2026-06-20T14:10:21Z [108,884ms] [Info] [gpu.foundation.plugin] *** Waiting for RtPso async group async compilation: 45 seconds so far
2026-06-20T14:10:26Z [113,884ms] [Info] [gpu.foundation.plugin] *** Waiting for RtPso async group async compilation: 50 seconds so far
2026-06-20T14:10:31Z [118,884ms] [Info] [gpu.foundation.plugin] *** Waiting for RtPso async group async compilation: 55 seconds so far
2026-06-20T14:10:36Z [123,884ms] [Info] [gpu.foundation.plugin] *** Waiting for RtPso async group async compilation: 60 seconds so far
2026-06-20T14:10:41Z [128,885ms] [Info] [gpu.foundation.plugin] *** Waiting for RtPso async group async compilation: 65 seconds so far
2026-06-20T14:10:46Z [133,885ms] [Info] [gpu.foundation.plugin] *** Waiting for RtPso async group async compilation: 70 seconds so far
2026-06-20T14:10:49Z [137,364ms] [Info] [rtx.multigpumanager.plugin] View 0 (/Render/OmniverseKit/HydraTextures/omni_kit_widget_viewport_ViewportTexture_0) assigned to device 0
2026-06-20T14:10:49Z [137,364ms] [Info] [rtx.multigpumanager.plugin] View 0 (/Render/OmniverseKit/HydraTextures/omni_kit_widget_viewport_ViewportTexture_0) switching to 1x1 layout
2026-06-20T14:10:49Z [137,544ms] [Info] [omni.kit.app.plugin] kEventAppReady event was delayed by: omni.usd,omni.usd
2026-06-20T14:10:49Z [137,546ms] [Info] [simulation_app.simulation_app] SimulationApp._prepare_ui: Starting UI setup
2026-06-20T14:10:49Z [137,554ms] [Info] [omni.kit.app.plugin] [137.574s] app ready
2026-06-20T14:10:49Z [137,554ms] [Info] [omni.kit.test.plugin] No test libraries found. Skipping tests.
2026-06-20T14:10:49Z [137,554ms] [Info] [omni.kit.app._impl] python GC: gc.enable()
2026-06-20T14:10:50Z [137,927ms] [Info] [omni.kit.material.library.material_library] Failed to load /isaac-sim/kit/cache/Kit/107.3/69cbf6ad/material_cache.json. Regenerating material cache
2026-06-20T14:10:50Z [137,935ms] [Info] [simulation_app.simulation_app] SimulationApp._prepare_ui: UI setup completed
2026-06-20T14:10:50Z [137,937ms] [Info] [simulation_app.simulation_app] SimulationApp._wait_for_viewport: Starting viewport wait
2026-06-20T14:10:50Z [137,937ms] [Info] [simulation_app.simulation_app] SimulationApp._wait_for_viewport: Running final update frames for docking
2026-06-20T14:10:50Z [137,947ms] [Info] [rtx.neuraylib.plugin] [EntityResolver] DONE  ::Z73file_3A::Z1Fisaac_2Dsim::kit::mdl::core::Base::OmniSurface  <--->  ::Z73file_3A::Z1Fisaac_2Dsim::kit::mdl::core::Base::OmniSurface  (file:/isaac-sim/kit/mdl/core/Base/OmniSurface.mdl)
2026-06-20T14:10:50Z [137,947ms] [Info] [omni.usd] Status (secondary thread): in _OpenAsset at line 360 of /builds/omniverse/usd-resolver/source/library/OmniUsdResolver_Ar2.cpp -- OmniUsdResolver: Opening filesystem asset 'file:/isaac-sim/kit/mdl/core/Base/OmniSurface.mdl' for read

2026-06-20T14:10:50Z [137,953ms] [Info] [rtx.neuraylib.plugin] [EntityResolver] DONE  ::OmniSurface::OmniSurfaceBase  <--->  ::OmniSurface::OmniSurfaceBase  (file:/isaac-sim/kit/mdl/core/mdl/OmniSurface/OmniSurfaceBase.mdl)
2026-06-20T14:10:50Z [137,953ms] [Info] [omni.usd] Status (secondary thread): in _OpenAsset at line 360 of /builds/omniverse/usd-resolver/source/library/OmniUsdResolver_Ar2.cpp -- OmniUsdResolver: Opening filesystem asset 'file:/isaac-sim/kit/mdl/core/mdl/OmniSurface/OmniSurfaceBase.mdl' for read

2026-06-20T14:10:50Z [137,957ms] [Info] [rtx.neuraylib.plugin] [EntityResolver] DONE  ::OmniSurface::OmniShared  <--->  ::OmniSurface::OmniShared  (file:/isaac-sim/kit/mdl/core/mdl/OmniSurface/OmniShared.mdl)
2026-06-20T14:10:50Z [137,957ms] [Info] [omni.usd] Status (secondary thread): in _OpenAsset at line 360 of /builds/omniverse/usd-resolver/source/library/OmniUsdResolver_Ar2.cpp -- OmniUsdResolver: Opening filesystem asset 'file:/isaac-sim/kit/mdl/core/mdl/OmniSurface/OmniShared.mdl' for read

2026-06-20T14:10:50Z [137,966ms] [Info] [simulation_app.simulation_app] SimulationApp._wait_for_viewport: Viewport wait completed
2026-06-20T14:10:50Z [137,966ms] [Info] [omni.kit.app.plugin] [137.986s] Simulation App Startup Complete
2026-06-20T14:10:50Z [137,968ms] [Info] [rtx.neuraylib.plugin] [EntityResolver] CACHED  ::OmniSurface::OmniShared  <--->  ::OmniSurface::OmniShared  (file:/isaac-sim/kit/mdl/core/mdl/OmniSurface/OmniShared.mdl)
2026-06-20T14:10:50Z [137,969ms] [Info] [rtx.neuraylib.plugin] [EntityResolver] DONE  ::OmniSurface::OmniImage  <--->  ::OmniSurface::OmniImage  (file:/isaac-sim/kit/mdl/core/mdl/OmniSurface/OmniImage.mdl)
2026-06-20T14:10:50Z [137,969ms] [Info] [omni.usd] Status (secondary thread): in _OpenAsset at line 360 of /builds/omniverse/usd-resolver/source/library/OmniUsdResolver_Ar2.cpp -- OmniUsdResolver: Opening filesystem asset 'file:/isaac-sim/kit/mdl/core/mdl/OmniSurface/OmniImage.mdl' for read

2026-06-20T14:10:50Z [137,973ms] [Info] [rtx.neuraylib.plugin] [EntityResolver] DONE  ::nvidia::support_definitions  <--->  ::nvidia::support_definitions  (file:/isaac-sim/kit/mdl/core/mdl/nvidia/support_definitions.mdl)
2026-06-20T14:10:50Z [137,973ms] [Info] [omni.usd] Status (secondary thread): in _OpenAsset at line 360 of /builds/omniverse/usd-resolver/source/library/OmniUsdResolver_Ar2.cpp -- OmniUsdResolver: Opening filesystem asset 'file:/isaac-sim/kit/mdl/core/mdl/nvidia/support_definitions.mdl' for read

2026-06-20T14:10:50Z [137,979ms] [Info] [rtx.neuraylib.plugin] [EntityResolver] DONE  .::aux_definitions  <--->  ::nvidia::aux_definitions  (file:/isaac-sim/kit/mdl/core/mdl/nvidia/aux_definitions.mdl)
2026-06-20T14:10:50Z [137,980ms] [Info] [omni.usd] Status (secondary thread): in _OpenAsset at line 360 of /builds/omniverse/usd-resolver/source/library/OmniUsdResolver_Ar2.cpp -- OmniUsdResolver: Opening filesystem asset 'file:/isaac-sim/kit/mdl/core/mdl/nvidia/aux_definitions.mdl' for read

2026-06-20T14:10:50Z [138,018ms] [Info] [rtx.neuraylib.plugin] [EntityResolver] CACHED  ::nvidia::support_definitions  <--->  ::nvidia::support_definitions  (file:/isaac-sim/kit/mdl/core/mdl/nvidia/support_definitions.mdl)
2026-06-20T14:10:50Z [138,018ms] [Info] [rtx.neuraylib.plugin] [EntityResolver] CACHED  ::nvidia::support_definitions  <--->  ::nvidia::support_definitions  (file:/isaac-sim/kit/mdl/core/mdl/nvidia/support_definitions.mdl)
2026-06-20T14:10:50Z [138,029ms] [Info] [rtx.neuraylib.plugin] FileWatcher: Started watching: 'mdl::nvidia::aux_definitions'
2026-06-20T14:10:50Z [138,029ms] [Info] [rtx.neuraylib.plugin] FileWatcher: Started watching: 'mdl::nvidia::support_definitions'
2026-06-20T14:10:50Z [138,029ms] [Info] [rtx.neuraylib.plugin] FileWatcher: Started watching: 'mdl::OmniSurface::OmniImage'
2026-06-20T14:10:50Z [138,029ms] [Info] [rtx.neuraylib.plugin] FileWatcher: Started watching: 'mdl::OmniSurface::OmniShared'
2026-06-20T14:10:50Z [138,029ms] [Info] [rtx.neuraylib.plugin] FileWatcher: Started watching: 'mdl::OmniSurface::OmniSurfaceBase'
2026-06-20T14:10:50Z [138,029ms] [Info] [rtx.neuraylib.plugin] FileWatcher: Started watching: 'mdl::Z73file_3A::Z1Fisaac_2Dsim::kit::mdl::core::Base::OmniSurface'
2026-06-20T14:10:50Z [138,376ms] [Info] [usdrt.population.plugin] USDRT population: Total primvar size: 0.000, sparse primvar size: 0.000 
2026-06-20T14:10:50Z [138,376ms] [Info] [usdrt.population.plugin] FabricPopulation: 0 meshes, 0 materials -> 0 after de-duplication, 0 geo instance proxies
2026-06-20T14:10:50Z [138,513ms] [Info] [isaacsim.core.api.physics_context.physics_context] Defining a new Physics Scene at path `/physicsScene`
2026-06-20T14:10:50Z [138,514ms] [Info] [rtx.neuraylib.plugin] [EntityResolver] DONE  ::Z73file_3A::Z1Fisaac_2Dsim::kit::mdl::core::Base::OmniGlass  <--->  ::Z73file_3A::Z1Fisaac_2Dsim::kit::mdl::core::Base::OmniGlass  (file:/isaac-sim/kit/mdl/core/Base/OmniGlass.mdl)
2026-06-20T14:10:50Z [138,514ms] [Info] [omni.usd] Status (secondary thread): in _OpenAsset at line 360 of /builds/omniverse/usd-resolver/source/library/OmniUsdResolver_Ar2.cpp -- OmniUsdResolver: Opening filesystem asset 'file:/isaac-sim/kit/mdl/core/Base/OmniGlass.mdl' for read

2026-06-20T14:10:50Z [138,517ms] [Info] [rtx.neuraylib.plugin] [EntityResolver] DONE  .::OmniGlass_Opacity  <--->  ::Z73file_3A::Z1Fisaac_2Dsim::kit::mdl::core::Base::OmniGlass_Opacity  (file:/isaac-sim/kit/mdl/core/Base/OmniGlass_Opacity.mdl)
2026-06-20T14:10:50Z [138,517ms] [Info] [omni.usd] Status (secondary thread): in _OpenAsset at line 360 of /builds/omniverse/usd-resolver/source/library/OmniUsdResolver_Ar2.cpp -- OmniUsdResolver: Opening filesystem asset 'file:/isaac-sim/kit/mdl/core/Base/OmniGlass_Opacity.mdl' for read

2026-06-20T14:10:50Z [138,519ms] [Info] [usdrt.population.plugin] USDRT population: Total primvar size: 0.000, sparse primvar size: 0.000 
2026-06-20T14:10:50Z [138,519ms] [Info] [usdrt.population.plugin] FabricPopulation: 0 meshes, 0 materials -> 0 after de-duplication, 0 geo instance proxies
2026-06-20T14:10:50Z [138,522ms] [Info] [rtx.neuraylib.plugin] [EntityResolver] DONE  .::OmniPBRBase  <--->  ::Z73file_3A::Z1Fisaac_2Dsim::kit::mdl::core::Base::OmniPBRBase  (file:/isaac-sim/kit/mdl/core/Base/OmniPBRBase.mdl)
2026-06-20T14:10:50Z [138,522ms] [Info] [omni.usd] Status (secondary thread): in _OpenAsset at line 360 of /builds/omniverse/usd-resolver/source/library/OmniUsdResolver_Ar2.cpp -- OmniUsdResolver: Opening filesystem asset 'file:/isaac-sim/kit/mdl/core/Base/OmniPBRBase.mdl' for read

2026-06-20T14:10:50Z [138,534ms] [Info] [rtx.neuraylib.plugin] FileWatcher: Started watching: 'mdl::Z73file_3A::Z1Fisaac_2Dsim::kit::mdl::core::Base::OmniPBRBase'
2026-06-20T14:10:50Z [138,534ms] [Info] [rtx.neuraylib.plugin] FileWatcher: Started watching: 'mdl::Z73file_3A::Z1Fisaac_2Dsim::kit::mdl::core::Base::OmniGlass_Opacity'
2026-06-20T14:10:50Z [138,534ms] [Info] [rtx.neuraylib.plugin] FileWatcher: Started watching: 'mdl::Z73file_3A::Z1Fisaac_2Dsim::kit::mdl::core::Base::OmniGlass'
2026-06-20T14:10:50Z [138,547ms] [Info] [carb.omniclient.plugin]  Main: provider_http: Successfully created S3 provider for https://omniverse-content-production.s3-us-west-2.amazonaws.com
2026-06-20T14:10:50Z [138,549ms] [Info] [rtx.neuraylib.plugin] [EntityResolver] DONE  ::Z73file_3A::Z1Fisaac_2Dsim::kit::mdl::core::Base::baking_annotations  <--->  ::Z73file_3A::Z1Fisaac_2Dsim::kit::mdl::core::Base::baking_annotations  (file:/isaac-sim/kit/mdl/core/Base/baking_annotations.mdl)
2026-06-20T14:10:50Z [138,549ms] [Info] [omni.usd] Status (secondary thread): in _OpenAsset at line 360 of /builds/omniverse/usd-resolver/source/library/OmniUsdResolver_Ar2.cpp -- OmniUsdResolver: Opening filesystem asset 'file:/isaac-sim/kit/mdl/core/Base/baking_annotations.mdl' for read

2026-06-20T14:10:50Z [138,550ms] [Info] [rtx.neuraylib.plugin] FileWatcher: Started watching: 'mdl::Z73file_3A::Z1Fisaac_2Dsim::kit::mdl::core::Base::baking_annotations'
2026-06-20T14:10:50Z [138,553ms] [Info] [rtx.neuraylib.plugin] [EntityResolver] DONE  ::Z73file_3A::Z1Fisaac_2Dsim::kit::mdl::core::Base::SimPBR_Model  <--->  ::Z73file_3A::Z1Fisaac_2Dsim::kit::mdl::core::Base::SimPBR_Model  (file:/isaac-sim/kit/mdl/core/Base/SimPBR_Model.mdl)
2026-06-20T14:10:50Z [138,553ms] [Info] [omni.usd] Status (secondary thread): in _OpenAsset at line 360 of /builds/omniverse/usd-resolver/source/library/OmniUsdResolver_Ar2.cpp -- OmniUsdResolver: Opening filesystem asset 'file:/isaac-sim/kit/mdl/core/Base/SimPBR_Model.mdl' for read

2026-06-20T14:10:50Z [138,554ms] [Info] [rtx.neuraylib.plugin] [EntityResolver] CACHED  .::baking_annotations  <--->  ::Z73file_3A::Z1Fisaac_2Dsim::kit::mdl::core::Base::baking_annotations  (file:/isaac-sim/kit/mdl/core/Base/baking_annotations.mdl)
2026-06-20T14:10:50Z [138,556ms] [Info] [rtx.neuraylib.plugin] FileWatcher: Started watching: 'mdl::Z73file_3A::Z1Fisaac_2Dsim::kit::mdl::core::Base::SimPBR_Model'
2026-06-20T14:10:50Z [138,563ms] [Info] [rtx.neuraylib.plugin] [EntityResolver] DONE  ::Z73file_3A::Z1Fisaac_2Dsim::kit::mdl::core::Base::OmniPBR_ClearCoat  <--->  ::Z73file_3A::Z1Fisaac_2Dsim::kit::mdl::core::Base::OmniPBR_ClearCoat  (file:/isaac-sim/kit/mdl/core/Base/OmniPBR_ClearCoat.mdl)
2026-06-20T14:10:50Z [138,563ms] [Info] [omni.usd] Status (secondary thread): in _OpenAsset at line 360 of /builds/omniverse/usd-resolver/source/library/OmniUsdResolver_Ar2.cpp -- OmniUsdResolver: Opening filesystem asset 'file:/isaac-sim/kit/mdl/core/Base/OmniPBR_ClearCoat.mdl' for read

2026-06-20T14:10:50Z [138,567ms] [Info] [rtx.neuraylib.plugin] [EntityResolver] DONE  ::nvidia::core_definitions  <--->  ::nvidia::core_definitions  (file:/isaac-sim/kit/mdl/core/mdl/nvidia/core_definitions.mdl)
2026-06-20T14:10:50Z [138,567ms] [Info] [omni.usd] Status (secondary thread): in _OpenAsset at line 360 of /builds/omniverse/usd-resolver/source/library/OmniUsdResolver_Ar2.cpp -- OmniUsdResolver: Opening filesystem asset 'file:/isaac-sim/kit/mdl/core/mdl/nvidia/core_definitions.mdl' for read

2026-06-20T14:10:50Z [138,575ms] [Info] [rtx.neuraylib.plugin] [EntityResolver] CACHED  .::support_definitions  <--->  ::nvidia::support_definitions  (file:/isaac-sim/kit/mdl/core/mdl/nvidia/support_definitions.mdl)
2026-06-20T14:10:50Z [138,611ms] [Info] [rtx.neuraylib.plugin] [EntityResolver] CACHED  ::nvidia::core_definitions  <--->  ::nvidia::core_definitions  (file:/isaac-sim/kit/mdl/core/mdl/nvidia/core_definitions.mdl)
2026-06-20T14:10:50Z [138,611ms] [Info] [rtx.neuraylib.plugin] [EntityResolver] CACHED  .::OmniPBRBase  <--->  ::Z73file_3A::Z1Fisaac_2Dsim::kit::mdl::core::Base::OmniPBRBase  (file:/isaac-sim/kit/mdl/core/Base/OmniPBRBase.mdl)
2026-06-20T14:10:50Z [138,617ms] [Info] [rtx.neuraylib.plugin] FileWatcher: Started watching: 'mdl::nvidia::core_definitions'
2026-06-20T14:10:50Z [138,617ms] [Info] [rtx.neuraylib.plugin] FileWatcher: Started watching: 'mdl::Z73file_3A::Z1Fisaac_2Dsim::kit::mdl::core::Base::OmniPBR_ClearCoat'
2026-06-20T14:10:50Z [138,643ms] [Info] [rtx.neuraylib.plugin] [EntityResolver] DONE  ::Z73file_3A::Z1Fisaac_2Dsim::kit::mdl::core::Base::OmniSurfaceLite  <--->  ::Z73file_3A::Z1Fisaac_2Dsim::kit::mdl::core::Base::OmniSurfaceLite  (file:/isaac-sim/kit/mdl/core/Base/OmniSurfaceLite.mdl)
2026-06-20T14:10:50Z [138,643ms] [Info] [omni.usd] Status (secondary thread): in _OpenAsset at line 360 of /builds/omniverse/usd-resolver/source/library/OmniUsdResolver_Ar2.cpp -- OmniUsdResolver: Opening filesystem asset 'file:/isaac-sim/kit/mdl/core/Base/OmniSurfaceLite.mdl' for read

2026-06-20T14:10:51Z [138,647ms] [Info] [rtx.neuraylib.plugin] [EntityResolver] DONE  ::OmniSurface::OmniSurfaceLiteBase  <--->  ::OmniSurface::OmniSurfaceLiteBase  (file:/isaac-sim/kit/mdl/core/mdl/OmniSurface/OmniSurfaceLiteBase.mdl)
2026-06-20T14:10:51Z [138,647ms] [Info] [omni.usd] Status (secondary thread): in _OpenAsset at line 360 of /builds/omniverse/usd-resolver/source/library/OmniUsdResolver_Ar2.cpp -- OmniUsdResolver: Opening filesystem asset 'file:/isaac-sim/kit/mdl/core/mdl/OmniSurface/OmniSurfaceLiteBase.mdl' for read

2026-06-20T14:10:51Z [138,648ms] [Info] [rtx.neuraylib.plugin] [EntityResolver] CACHED  ::OmniSurface::OmniShared  <--->  ::OmniSurface::OmniShared  (file:/isaac-sim/kit/mdl/core/mdl/OmniSurface/OmniShared.mdl)
2026-06-20T14:10:51Z [138,651ms] [Info] [rtx.neuraylib.plugin] [EntityResolver] CACHED  ::OmniSurface::OmniShared  <--->  ::OmniSurface::OmniShared  (file:/isaac-sim/kit/mdl/core/mdl/OmniSurface/OmniShared.mdl)
2026-06-20T14:10:51Z [138,652ms] [Info] [rtx.neuraylib.plugin] [EntityResolver] CACHED  ::OmniSurface::OmniImage  <--->  ::OmniSurface::OmniImage  (file:/isaac-sim/kit/mdl/core/mdl/OmniSurface/OmniImage.mdl)
2026-06-20T14:10:51Z [138,656ms] [Info] [rtx.neuraylib.plugin] FileWatcher: Started watching: 'mdl::OmniSurface::OmniSurfaceLiteBase'
2026-06-20T14:10:51Z [138,656ms] [Info] [rtx.neuraylib.plugin] FileWatcher: Started watching: 'mdl::Z73file_3A::Z1Fisaac_2Dsim::kit::mdl::core::Base::OmniSurfaceLite'
2026-06-20T14:10:51Z [138,691ms] [Info] [rtx.neuraylib.plugin] [EntityResolver] DONE  ::Z73file_3A::Z1Fisaac_2Dsim::kit::mdl::core::Base::OmniHair  <--->  ::Z73file_3A::Z1Fisaac_2Dsim::kit::mdl::core::Base::OmniHair  (file:/isaac-sim/kit/mdl/core/Base/OmniHair.mdl)
2026-06-20T14:10:51Z [138,691ms] [Info] [omni.usd] Status (secondary thread): in _OpenAsset at line 360 of /builds/omniverse/usd-resolver/source/library/OmniUsdResolver_Ar2.cpp -- OmniUsdResolver: Opening filesystem asset 'file:/isaac-sim/kit/mdl/core/Base/OmniHair.mdl' for read

2026-06-20T14:10:51Z [138,693ms] [Info] [rtx.neuraylib.plugin] [EntityResolver] DONE  ::OmniSurface::OmniHairBase  <--->  ::OmniSurface::OmniHairBase  (file:/isaac-sim/kit/mdl/core/mdl/OmniSurface/OmniHairBase.mdl)
2026-06-20T14:10:51Z [138,694ms] [Info] [omni.usd] Status (secondary thread): in _OpenAsset at line 360 of /builds/omniverse/usd-resolver/source/library/OmniUsdResolver_Ar2.cpp -- OmniUsdResolver: Opening filesystem asset 'file:/isaac-sim/kit/mdl/core/mdl/OmniSurface/OmniHairBase.mdl' for read

2026-06-20T14:10:51Z [138,695ms] [Info] [rtx.neuraylib.plugin] [EntityResolver] CACHED  ::OmniSurface::OmniShared  <--->  ::OmniSurface::OmniShared  (file:/isaac-sim/kit/mdl/core/mdl/OmniSurface/OmniShared.mdl)
2026-06-20T14:10:51Z [138,698ms] [Info] [rtx.neuraylib.plugin] [EntityResolver] CACHED  ::OmniSurface::OmniShared  <--->  ::OmniSurface::OmniShared  (file:/isaac-sim/kit/mdl/core/mdl/OmniSurface/OmniShared.mdl)
2026-06-20T14:10:51Z [138,698ms] [Info] [rtx.neuraylib.plugin] [EntityResolver] CACHED  ::OmniSurface::OmniImage  <--->  ::OmniSurface::OmniImage  (file:/isaac-sim/kit/mdl/core/mdl/OmniSurface/OmniImage.mdl)
2026-06-20T14:10:51Z [138,702ms] [Info] [rtx.neuraylib.plugin] FileWatcher: Started watching: 'mdl::OmniSurface::OmniHairBase'
2026-06-20T14:10:51Z [138,702ms] [Info] [rtx.neuraylib.plugin] FileWatcher: Started watching: 'mdl::Z73file_3A::Z1Fisaac_2Dsim::kit::mdl::core::Base::OmniHair'
2026-06-20T14:10:51Z [138,717ms] [Info] [carb.omniclient.plugin]  Tick: provider_http: Using CloudFront http://dcb18d6mfegct.cloudfront.net/, List = No
2026-06-20T14:10:51Z [138,728ms] [Info] [rtx.neuraylib.plugin] [EntityResolver] DONE  ::Z73file_3A::Z1Fisaac_2Dsim::kit::mdl::core::Base::OmniPBR_Opacity  <--->  ::Z73file_3A::Z1Fisaac_2Dsim::kit::mdl::core::Base::OmniPBR_Opacity  (file:/isaac-sim/kit/mdl/core/Base/OmniPBR_Opacity.mdl)
2026-06-20T14:10:51Z [138,728ms] [Info] [omni.usd] Status (secondary thread): in _OpenAsset at line 360 of /builds/omniverse/usd-resolver/source/library/OmniUsdResolver_Ar2.cpp -- OmniUsdResolver: Opening filesystem asset 'file:/isaac-sim/kit/mdl/core/Base/OmniPBR_Opacity.mdl' for read

2026-06-20T14:10:51Z [138,731ms] [Info] [rtx.neuraylib.plugin] [EntityResolver] DONE  .::OmniPBR_ClearCoat_Opacity  <--->  ::Z73file_3A::Z1Fisaac_2Dsim::kit::mdl::core::Base::OmniPBR_ClearCoat_Opacity  (file:/isaac-sim/kit/mdl/core/Base/OmniPBR_ClearCoat_Opacity.mdl)
2026-06-20T14:10:51Z [138,732ms] [Info] [omni.usd] Status (secondary thread): in _OpenAsset at line 360 of /builds/omniverse/usd-resolver/source/library/OmniUsdResolver_Ar2.cpp -- OmniUsdResolver: Opening filesystem asset 'file:/isaac-sim/kit/mdl/core/Base/OmniPBR_ClearCoat_Opacity.mdl' for read

2026-06-20T14:10:51Z [138,734ms] [Info] [rtx.neuraylib.plugin] [EntityResolver] CACHED  ::nvidia::core_definitions  <--->  ::nvidia::core_definitions  (file:/isaac-sim/kit/mdl/core/mdl/nvidia/core_definitions.mdl)
2026-06-20T14:10:51Z [138,734ms] [Info] [rtx.neuraylib.plugin] [EntityResolver] CACHED  ::nvidia::core_definitions  <--->  ::nvidia::core_definitions  (file:/isaac-sim/kit/mdl/core/mdl/nvidia/core_definitions.mdl)
2026-06-20T14:10:51Z [138,734ms] [Info] [rtx.neuraylib.plugin] [EntityResolver] CACHED  .::OmniPBRBase  <--->  ::Z73file_3A::Z1Fisaac_2Dsim::kit::mdl::core::Base::OmniPBRBase  (file:/isaac-sim/kit/mdl/core/Base/OmniPBRBase.mdl)
2026-06-20T14:10:51Z [138,743ms] [Info] [rtx.neuraylib.plugin] FileWatcher: Started watching: 'mdl::Z73file_3A::Z1Fisaac_2Dsim::kit::mdl::core::Base::OmniPBR_ClearCoat_Opacity'
2026-06-20T14:10:51Z [138,744ms] [Info] [rtx.neuraylib.plugin] FileWatcher: Started watching: 'mdl::Z73file_3A::Z1Fisaac_2Dsim::kit::mdl::core::Base::OmniPBR_Opacity'
2026-06-20T14:10:51Z [138,782ms] [Info] [rtx.neuraylib.plugin] [EntityResolver] DONE  ::Z73file_3A::Z1Fisaac_2Dsim::kit::mdl::core::Base::SimPBR  <--->  ::Z73file_3A::Z1Fisaac_2Dsim::kit::mdl::core::Base::SimPBR  (file:/isaac-sim/kit/mdl/core/Base/SimPBR.mdl)
2026-06-20T14:10:51Z [138,782ms] [Info] [omni.usd] Status (secondary thread): in _OpenAsset at line 360 of /builds/omniverse/usd-resolver/source/library/OmniUsdResolver_Ar2.cpp -- OmniUsdResolver: Opening filesystem asset 'file:/isaac-sim/kit/mdl/core/Base/SimPBR.mdl' for read

2026-06-20T14:10:51Z [138,784ms] [Info] [rtx.neuraylib.plugin] [EntityResolver] CACHED  ::nvidia::core_definitions  <--->  ::nvidia::core_definitions  (file:/isaac-sim/kit/mdl/core/mdl/nvidia/core_definitions.mdl)
2026-06-20T14:10:51Z [138,784ms] [Info] [rtx.neuraylib.plugin] [EntityResolver] CACHED  ::nvidia::core_definitions  <--->  ::nvidia::core_definitions  (file:/isaac-sim/kit/mdl/core/mdl/nvidia/core_definitions.mdl)
2026-06-20T14:10:51Z [138,784ms] [Info] [rtx.neuraylib.plugin] [EntityResolver] CACHED  .::SimPBR_Model  <--->  ::Z73file_3A::Z1Fisaac_2Dsim::kit::mdl::core::Base::SimPBR_Model  (file:/isaac-sim/kit/mdl/core/Base/SimPBR_Model.mdl)
2026-06-20T14:10:51Z [138,784ms] [Info] [rtx.neuraylib.plugin] [EntityResolver] CACHED  .::baking_annotations  <--->  ::Z73file_3A::Z1Fisaac_2Dsim::kit::mdl::core::Base::baking_annotations  (file:/isaac-sim/kit/mdl/core/Base/baking_annotations.mdl)
2026-06-20T14:10:51Z [138,789ms] [Info] [rtx.neuraylib.plugin] FileWatcher: Started watching: 'mdl::Z73file_3A::Z1Fisaac_2Dsim::kit::mdl::core::Base::SimPBR'
2026-06-20T14:10:51Z [138,811ms] [Info] [rtx.neuraylib.plugin] [EntityResolver] DONE  ::Z73file_3A::Z1Fisaac_2Dsim::kit::mdl::core::Base::OmniSurfaceBlend  <--->  ::Z73file_3A::Z1Fisaac_2Dsim::kit::mdl::core::Base::OmniSurfaceBlend  (file:/isaac-sim/kit/mdl/core/Base/OmniSurfaceBlend.mdl)
2026-06-20T14:10:51Z [138,811ms] [Info] [omni.usd] Status (secondary thread): in _OpenAsset at line 360 of /builds/omniverse/usd-resolver/source/library/OmniUsdResolver_Ar2.cpp -- OmniUsdResolver: Opening filesystem asset 'file:/isaac-sim/kit/mdl/core/Base/OmniSurfaceBlend.mdl' for read

2026-06-20T14:10:51Z [138,812ms] [Info] [rtx.neuraylib.plugin] [EntityResolver] CACHED  ::OmniSurface::OmniImage  <--->  ::OmniSurface::OmniImage  (file:/isaac-sim/kit/mdl/core/mdl/OmniSurface/OmniImage.mdl)
2026-06-20T14:10:51Z [138,813ms] [Info] [rtx.neuraylib.plugin] [EntityResolver] DONE  ::OmniSurface::OmniSurfaceBlendBase  <--->  ::OmniSurface::OmniSurfaceBlendBase  (file:/isaac-sim/kit/mdl/core/mdl/OmniSurface/OmniSurfaceBlendBase.mdl)
2026-06-20T14:10:51Z [138,814ms] [Info] [omni.usd] Status (secondary thread): in _OpenAsset at line 360 of /builds/omniverse/usd-resolver/source/library/OmniUsdResolver_Ar2.cpp -- OmniUsdResolver: Opening filesystem asset 'file:/isaac-sim/kit/mdl/core/mdl/OmniSurface/OmniSurfaceBlendBase.mdl' for read

2026-06-20T14:10:51Z [138,815ms] [Info] [rtx.neuraylib.plugin] [EntityResolver] CACHED  ::OmniSurface::OmniShared  <--->  ::OmniSurface::OmniShared  (file:/isaac-sim/kit/mdl/core/mdl/OmniSurface/OmniShared.mdl)
2026-06-20T14:10:51Z [138,815ms] [Info] [rtx.neuraylib.plugin] [EntityResolver] CACHED  ::OmniSurface::OmniImage  <--->  ::OmniSurface::OmniImage  (file:/isaac-sim/kit/mdl/core/mdl/OmniSurface/OmniImage.mdl)
2026-06-20T14:10:51Z [138,819ms] [Info] [rtx.neuraylib.plugin] FileWatcher: Started watching: 'mdl::OmniSurface::OmniSurfaceBlendBase'
2026-06-20T14:10:51Z [138,819ms] [Info] [rtx.neuraylib.plugin] FileWatcher: Started watching: 'mdl::Z73file_3A::Z1Fisaac_2Dsim::kit::mdl::core::Base::OmniSurfaceBlend'
2026-06-20T14:10:51Z [138,830ms] [Info] [rtx.neuraylib.plugin] [EntityResolver] DONE  ::Z73file_3A::Z1Fisaac_2Dsim::kit::mdl::core::Base::OmniEmissive  <--->  ::Z73file_3A::Z1Fisaac_2Dsim::kit::mdl::core::Base::OmniEmissive  (file:/isaac-sim/kit/mdl/core/Base/OmniEmissive.mdl)
2026-06-20T14:10:51Z [138,830ms] [Info] [omni.usd] Status (secondary thread): in _OpenAsset at line 360 of /builds/omniverse/usd-resolver/source/library/OmniUsdResolver_Ar2.cpp -- OmniUsdResolver: Opening filesystem asset 'file:/isaac-sim/kit/mdl/core/Base/OmniEmissive.mdl' for read

2026-06-20T14:10:51Z [138,831ms] [Info] [rtx.neuraylib.plugin] [EntityResolver] CACHED  ::nvidia::support_definitions  <--->  ::nvidia::support_definitions  (file:/isaac-sim/kit/mdl/core/mdl/nvidia/support_definitions.mdl)
2026-06-20T14:10:51Z [138,832ms] [Info] [rtx.neuraylib.plugin] FileWatcher: Started watching: 'mdl::Z73file_3A::Z1Fisaac_2Dsim::kit::mdl::core::Base::OmniEmissive'
2026-06-20T14:10:51Z [138,836ms] [Info] [rtx.neuraylib.plugin] [EntityResolver] DONE  ::Z73file_3A::Z1Fisaac_2Dsim::kit::mdl::core::Base::OmniPBR  <--->  ::Z73file_3A::Z1Fisaac_2Dsim::kit::mdl::core::Base::OmniPBR  (file:/isaac-sim/kit/mdl/core/Base/OmniPBR.mdl)
2026-06-20T14:10:51Z [138,836ms] [Info] [omni.usd] Status (secondary thread): in _OpenAsset at line 360 of /builds/omniverse/usd-resolver/source/library/OmniUsdResolver_Ar2.cpp -- OmniUsdResolver: Opening filesystem asset 'file:/isaac-sim/kit/mdl/core/Base/OmniPBR.mdl' for read

2026-06-20T14:10:51Z [138,838ms] [Info] [rtx.neuraylib.plugin] [EntityResolver] CACHED  ::nvidia::core_definitions  <--->  ::nvidia::core_definitions  (file:/isaac-sim/kit/mdl/core/mdl/nvidia/core_definitions.mdl)
2026-06-20T14:10:51Z [138,838ms] [Info] [rtx.neuraylib.plugin] [EntityResolver] CACHED  ::nvidia::core_definitions  <--->  ::nvidia::core_definitions  (file:/isaac-sim/kit/mdl/core/mdl/nvidia/core_definitions.mdl)
2026-06-20T14:10:51Z [138,838ms] [Info] [rtx.neuraylib.plugin] [EntityResolver] CACHED  .::OmniPBR_ClearCoat  <--->  ::Z73file_3A::Z1Fisaac_2Dsim::kit::mdl::core::Base::OmniPBR_ClearCoat  (file:/isaac-sim/kit/mdl/core/Base/OmniPBR_ClearCoat.mdl)
2026-06-20T14:10:51Z [138,841ms] [Info] [rtx.neuraylib.plugin] FileWatcher: Started watching: 'mdl::Z73file_3A::Z1Fisaac_2Dsim::kit::mdl::core::Base::OmniPBR'
2026-06-20T14:10:51Z [138,859ms] [Info] [isaacsim.core.utils.stage] Loading Asset from path https://omniverse-content-production.s3-us-west-2.amazonaws.com/Assets/Isaac/5.1/Isaac/IsaacLab/Robots/FrankaEmika/panda_instanceable.usd 
2026-06-20T14:10:51Z [138,861ms] [Info] [rtx.neuraylib.plugin] [EntityResolver] DONE  ::Z73file_3A::Z1Fisaac_2Dsim::kit::mdl::core::Base::OmniSurfacePresets  <--->  ::Z73file_3A::Z1Fisaac_2Dsim::kit::mdl::core::Base::OmniSurfacePresets  (file:/isaac-sim/kit/mdl/core/Base/OmniSurfacePresets.mdl)
2026-06-20T14:10:51Z [138,861ms] [Info] [omni.usd] Status (secondary thread): in _OpenAsset at line 360 of /builds/omniverse/usd-resolver/source/library/OmniUsdResolver_Ar2.cpp -- OmniUsdResolver: Opening filesystem asset 'file:/isaac-sim/kit/mdl/core/Base/OmniSurfacePresets.mdl' for read

2026-06-20T14:10:51Z [138,870ms] [Info] [rtx.neuraylib.plugin] [EntityResolver] CACHED  ::OmniSurface::OmniShared  <--->  ::OmniSurface::OmniShared  (file:/isaac-sim/kit/mdl/core/mdl/OmniSurface/OmniShared.mdl)
2026-06-20T14:10:51Z [138,870ms] [Info] [rtx.neuraylib.plugin] [EntityResolver] CACHED  ::OmniSurface::OmniImage  <--->  ::OmniSurface::OmniImage  (file:/isaac-sim/kit/mdl/core/mdl/OmniSurface/OmniImage.mdl)
2026-06-20T14:10:51Z [138,870ms] [Info] [rtx.neuraylib.plugin] [EntityResolver] CACHED  .::OmniSurfaceLite  <--->  ::Z73file_3A::Z1Fisaac_2Dsim::kit::mdl::core::Base::OmniSurfaceLite  (file:/isaac-sim/kit/mdl/core/Base/OmniSurfaceLite.mdl)
2026-06-20T14:10:51Z [138,871ms] [Info] [rtx.neuraylib.plugin] [EntityResolver] CACHED  .::OmniSurface  <--->  ::Z73file_3A::Z1Fisaac_2Dsim::kit::mdl::core::Base::OmniSurface  (file:/isaac-sim/kit/mdl/core/Base/OmniSurface.mdl)
2026-06-20T14:10:51Z [138,872ms] [Info] [omni.usd] Status: in Open at line 72 of /builds/omniverse/usd-resolver/source/library/OmniUsdAsset.cpp -- OmniUsdResolver: Opened asset 'https://omniverse-content-production.s3-us-west-2.amazonaws.com/Assets/Isaac/5.1/Isaac/IsaacLab/Robots/FrankaEmika/panda_instanceable.usd' for read

2026-06-20T14:10:51Z [138,945ms] [Info] [omni.usd] Status: in Open at line 72 of /builds/omniverse/usd-resolver/source/library/OmniUsdAsset.cpp -- OmniUsdResolver: Opened asset 'https://omniverse-content-production.s3-us-west-2.amazonaws.com/Assets/Isaac/5.1/Isaac/IsaacLab/Robots/FrankaEmika/Props/instanceable_collision_meshes.usd' for read

2026-06-20T14:10:51Z [138,945ms] [Info] [omni.usd] Status (secondary thread): in Open at line 72 of /builds/omniverse/usd-resolver/source/library/OmniUsdAsset.cpp -- OmniUsdResolver: Opened asset 'https://omniverse-content-production.s3-us-west-2.amazonaws.com/Assets/Isaac/5.1/Isaac/IsaacLab/Robots/FrankaEmika/Props/panda_leftfinger.usd' for read

2026-06-20T14:10:51Z [138,947ms] [Info] [omni.usd] Status (secondary thread): in Open at line 72 of /builds/omniverse/usd-resolver/source/library/OmniUsdAsset.cpp -- OmniUsdResolver: Opened asset 'https://omniverse-content-production.s3-us-west-2.amazonaws.com/Assets/Isaac/5.1/Isaac/IsaacLab/Robots/FrankaEmika/Props/panda_rightfinger.usd' for read

2026-06-20T14:10:51Z [138,948ms] [Info] [omni.usd] Status (secondary thread): in Open at line 72 of /builds/omniverse/usd-resolver/source/library/OmniUsdAsset.cpp -- OmniUsdResolver: Opened asset 'https://omniverse-content-production.s3-us-west-2.amazonaws.com/Assets/Isaac/5.1/Isaac/IsaacLab/Robots/FrankaEmika/Props/panda_link1.usd' for read

2026-06-20T14:10:51Z [138,949ms] [Info] [omni.usd] Status (secondary thread): in Open at line 72 of /builds/omniverse/usd-resolver/source/library/OmniUsdAsset.cpp -- OmniUsdResolver: Opened asset 'https://omniverse-content-production.s3-us-west-2.amazonaws.com/Assets/Isaac/5.1/Isaac/IsaacLab/Robots/FrankaEmika/Props/panda_link4.usd' for read

2026-06-20T14:10:51Z [138,956ms] [Info] [omni.usd] Status (secondary thread): in Open at line 72 of /builds/omniverse/usd-resolver/source/library/OmniUsdAsset.cpp -- OmniUsdResolver: Opened asset 'https://omniverse-content-production.s3-us-west-2.amazonaws.com/Assets/Isaac/5.1/Isaac/IsaacLab/Robots/FrankaEmika/Props/panda_link2.usd' for read

2026-06-20T14:10:51Z [138,958ms] [Info] [omni.usd] Status (secondary thread): in Open at line 72 of /builds/omniverse/usd-resolver/source/library/OmniUsdAsset.cpp -- OmniUsdResolver: Opened asset 'https://omniverse-content-production.s3-us-west-2.amazonaws.com/Assets/Isaac/5.1/Isaac/IsaacLab/Robots/FrankaEmika/Props/panda_link5.usd' for read

2026-06-20T14:10:51Z [138,965ms] [Info] [omni.usd] Status (secondary thread): in Open at line 72 of /builds/omniverse/usd-resolver/source/library/OmniUsdAsset.cpp -- OmniUsdResolver: Opened asset 'https://omniverse-content-production.s3-us-west-2.amazonaws.com/Assets/Isaac/5.1/Isaac/IsaacLab/Robots/FrankaEmika/Props/panda_link7.usd' for read

2026-06-20T14:10:51Z [138,965ms] [Info] [omni.usd] Status (secondary thread): in Open at line 72 of /builds/omniverse/usd-resolver/source/library/OmniUsdAsset.cpp -- OmniUsdResolver: Opened asset 'https://omniverse-content-production.s3-us-west-2.amazonaws.com/Assets/Isaac/5.1/Isaac/IsaacLab/Robots/FrankaEmika/Props/panda_link0.usd' for read

2026-06-20T14:10:51Z [138,968ms] [Info] [omni.usd] Status: in Open at line 72 of /builds/omniverse/usd-resolver/source/library/OmniUsdAsset.cpp -- OmniUsdResolver: Opened asset 'https://omniverse-content-production.s3-us-west-2.amazonaws.com/Assets/Isaac/5.1/Isaac/IsaacLab/Robots/FrankaEmika/Props/panda_hand.usd' for read

2026-06-20T14:10:51Z [138,968ms] [Info] [omni.usd] Status (secondary thread): in Open at line 72 of /builds/omniverse/usd-resolver/source/library/OmniUsdAsset.cpp -- OmniUsdResolver: Opened asset 'https://omniverse-content-production.s3-us-west-2.amazonaws.com/Assets/Isaac/5.1/Isaac/IsaacLab/Robots/FrankaEmika/Props/panda_link3.usd' for read

2026-06-20T14:10:51Z [138,973ms] [Info] [omni.usd] Status (secondary thread): in Open at line 72 of /builds/omniverse/usd-resolver/source/library/OmniUsdAsset.cpp -- OmniUsdResolver: Opened asset 'https://omniverse-content-production.s3-us-west-2.amazonaws.com/Assets/Isaac/5.1/Isaac/IsaacLab/Robots/FrankaEmika/Props/panda_link6.usd' for read

2026-06-20T14:10:51Z [139,009ms] [Info] [omni.usd] Status (secondary thread): in Open at line 72 of /builds/omniverse/usd-resolver/source/library/OmniUsdAsset.cpp -- OmniUsdResolver: Opened asset 'https://omniverse-content-production.s3-us-west-2.amazonaws.com/Assets/Isaac/5.1/Isaac/IsaacLab/Robots/FrankaEmika/Materials/Materials.usd' for read

2026-06-20T14:10:51Z [139,062ms] [Info] [rtx.neuraylib.plugin] FileWatcher: Started watching: 'mdl::Z73file_3A::Z1Fisaac_2Dsim::kit::mdl::core::Base::OmniSurfacePresets'
2026-06-20T14:10:51Z [139,075ms] [Info] [isaacsim.core.utils.stage] Loading Asset from path https://omniverse-content-production.s3-us-west-2.amazonaws.com/Assets/Isaac/5.1/Isaac/Environments/Grid/default_environment.usd 
2026-06-20T14:10:51Z [139,140ms] [Info] [omni.usd] Status: in Open at line 72 of /builds/omniverse/usd-resolver/source/library/OmniUsdAsset.cpp -- OmniUsdResolver: Opened asset 'https://omniverse-content-production.s3-us-west-2.amazonaws.com/Assets/Isaac/5.1/Isaac/Environments/Grid/default_environment.usd' for read

2026-06-20T14:10:53Z [141,111ms] [Info] [rtx.neuraylib.plugin] [EntityResolver] DONE  ::Z73file_3A::Z1Fisaac_2Dsim::kit::mdl::core::Base::OmniHairPresets  <--->  ::Z73file_3A::Z1Fisaac_2Dsim::kit::mdl::core::Base::OmniHairPresets  (file:/isaac-sim/kit/mdl/core/Base/OmniHairPresets.mdl)
2026-06-20T14:10:53Z [141,111ms] [Info] [omni.usd] Status (secondary thread): in _OpenAsset at line 360 of /builds/omniverse/usd-resolver/source/library/OmniUsdResolver_Ar2.cpp -- OmniUsdResolver: Opening filesystem asset 'file:/isaac-sim/kit/mdl/core/Base/OmniHairPresets.mdl' for read

2026-06-20T14:10:53Z [141,113ms] [Info] [rtx.neuraylib.plugin] [EntityResolver] CACHED  ::OmniSurface::OmniShared  <--->  ::OmniSurface::OmniShared  (file:/isaac-sim/kit/mdl/core/mdl/OmniSurface/OmniShared.mdl)
2026-06-20T14:10:53Z [141,113ms] [Info] [rtx.neuraylib.plugin] [EntityResolver] CACHED  ::OmniSurface::OmniImage  <--->  ::OmniSurface::OmniImage  (file:/isaac-sim/kit/mdl/core/mdl/OmniSurface/OmniImage.mdl)
2026-06-20T14:10:53Z [141,113ms] [Info] [rtx.neuraylib.plugin] [EntityResolver] CACHED  .::OmniHair  <--->  ::Z73file_3A::Z1Fisaac_2Dsim::kit::mdl::core::Base::OmniHair  (file:/isaac-sim/kit/mdl/core/Base/OmniHair.mdl)
2026-06-20T14:10:53Z [141,124ms] [Info] [rtx.neuraylib.plugin] FileWatcher: Started watching: 'mdl::Z73file_3A::Z1Fisaac_2Dsim::kit::mdl::core::Base::OmniHairPresets'
2026-06-20T14:10:53Z [141,245ms] [Info] [rtx.neuraylib.plugin] [EntityResolver] DONE  ::Z73file_3A::Z1Fisaac_2Dsim::kit::mdl::core::Base::SimPBR_Translucent  <--->  ::Z73file_3A::Z1Fisaac_2Dsim::kit::mdl::core::Base::SimPBR_Translucent  (file:/isaac-sim/kit/mdl/core/Base/SimPBR_Translucent.mdl)
2026-06-20T14:10:53Z [141,245ms] [Info] [omni.usd] Status (secondary thread): in _OpenAsset at line 360 of /builds/omniverse/usd-resolver/source/library/OmniUsdResolver_Ar2.cpp -- OmniUsdResolver: Opening filesystem asset 'file:/isaac-sim/kit/mdl/core/Base/SimPBR_Translucent.mdl' for read

2026-06-20T14:10:53Z [141,247ms] [Info] [rtx.neuraylib.plugin] [EntityResolver] CACHED  ::nvidia::core_definitions  <--->  ::nvidia::core_definitions  (file:/isaac-sim/kit/mdl/core/mdl/nvidia/core_definitions.mdl)
2026-06-20T14:10:53Z [141,247ms] [Info] [rtx.neuraylib.plugin] [EntityResolver] CACHED  ::nvidia::core_definitions  <--->  ::nvidia::core_definitions  (file:/isaac-sim/kit/mdl/core/mdl/nvidia/core_definitions.mdl)
2026-06-20T14:10:53Z [141,250ms] [Info] [rtx.neuraylib.plugin] FileWatcher: Started watching: 'mdl::Z73file_3A::Z1Fisaac_2Dsim::kit::mdl::core::Base::SimPBR_Translucent'
2026-06-20T14:10:53Z [141,260ms] [Info] [rtx.neuraylib.plugin] [EntityResolver] DONE  ::Z73file_3A::Z1Fisaac_2Dsim::kit::mdl::core::Volume::OmniVolumeNoise  <--->  ::Z73file_3A::Z1Fisaac_2Dsim::kit::mdl::core::Volume::OmniVolumeNoise  (file:/isaac-sim/kit/mdl/core/Volume/OmniVolumeNoise.mdl)
2026-06-20T14:10:53Z [141,261ms] [Info] [omni.usd] Status (secondary thread): in _OpenAsset at line 360 of /builds/omniverse/usd-resolver/source/library/OmniUsdResolver_Ar2.cpp -- OmniUsdResolver: Opening filesystem asset 'file:/isaac-sim/kit/mdl/core/Volume/OmniVolumeNoise.mdl' for read

2026-06-20T14:10:53Z [141,264ms] [Info] [rtx.neuraylib.plugin] FileWatcher: Started watching: 'mdl::Z73file_3A::Z1Fisaac_2Dsim::kit::mdl::core::Volume::OmniVolumeNoise'
2026-06-20T14:10:53Z [141,280ms] [Info] [rtx.neuraylib.plugin] [EntityResolver] DONE  ::Z73file_3A::Z1Fisaac_2Dsim::kit::mdl::core::Volume::OmniVolumeDensity  <--->  ::Z73file_3A::Z1Fisaac_2Dsim::kit::mdl::core::Volume::OmniVolumeDensity  (file:/isaac-sim/kit/mdl/core/Volume/OmniVolumeDensity.mdl)
2026-06-20T14:10:53Z [141,280ms] [Info] [omni.usd] Status (secondary thread): in _OpenAsset at line 360 of /builds/omniverse/usd-resolver/source/library/OmniUsdResolver_Ar2.cpp -- OmniUsdResolver: Opening filesystem asset 'file:/isaac-sim/kit/mdl/core/Volume/OmniVolumeDensity.mdl' for read

2026-06-20T14:10:53Z [141,283ms] [Info] [rtx.neuraylib.plugin] FileWatcher: Started watching: 'mdl::Z73file_3A::Z1Fisaac_2Dsim::kit::mdl::core::Volume::OmniVolumeDensity'
2026-06-20T14:10:53Z [141,343ms] [Info] [isaacsim.core.utils.stage] Loading Asset from path https://omniverse-content-production.s3-us-west-2.amazonaws.com/Assets/Isaac/5.1/Isaac/Props/Mounts/SeattleLabTable/table_instanceable.usd 
2026-06-20T14:10:53Z [141,347ms] [Info] [omni.usd] Status: in Open at line 72 of /builds/omniverse/usd-resolver/source/library/OmniUsdAsset.cpp -- OmniUsdResolver: Opened asset 'https://omniverse-content-production.s3-us-west-2.amazonaws.com/Assets/Isaac/5.1/Isaac/Props/Mounts/SeattleLabTable/table_instanceable.usd' for read

2026-06-20T14:10:53Z [141,389ms] [Info] [omni.usd] Status: in Open at line 72 of /builds/omniverse/usd-resolver/source/library/OmniUsdAsset.cpp -- OmniUsdResolver: Opened asset 'https://omniverse-content-production.s3-us-west-2.amazonaws.com/Assets/Isaac/5.1/Isaac/Props/Mounts/SeattleLabTable/table.usd' for read

2026-06-20T14:10:53Z [141,407ms] [Info] [omni.usdMdl] MdlModuleRegistry::GetSdrFromDiscoveryResult(/isaac-sim/kit/mdl/rtx/UsdPreviewSurface.mdl, 1)
2026-06-20T14:10:53Z [141,530ms] [Info] [carb] Plugin isaacsim.core.simulation_manager.plugin is already a dependency of omni.fabric.plugin; not changing unload order
2026-06-20T14:10:53Z [141,538ms] [Info] [carb] `get_post_update_event_stream` is deprecated. Use Events 2.0. Callstack:   File "/workspace/isaaclab/source/isaaclab/isaaclab/envs/manager_based_rl_env.py", line 82, in __init__
    super().__init__(cfg=cfg)
  File "/workspace/isaaclab/source/isaaclab/isaaclab/envs/manager_based_env.py", line 145, in __init__
    self.viewport_camera_controller = ViewportCameraController(self, self.cfg.viewer)
  File "/workspace/isaaclab/source/isaaclab/isaaclab/envs/ui/viewport_camera_controller.py", line 79, in __init__
    app_event_stream = app_interface.get_post_update_event_stream()
  File "/isaac-sim/kit/kernel/py/carb/__init__.py", line 107, in wrapped
    obj.__name__, message, "".join(traceback.format_stack(limit=4))[:-1]
2026-06-20T14:10:54Z [142,153ms] [Info] [omni.physx.cooking.plugin] ConvexMeshCookingTask: polygon limit reached, resulting convex hull may be suboptimal. Prim 
2026-06-20T14:10:54Z [142,154ms] [Info] [omni.physx.cooking.plugin] ConvexMeshCookingTask: polygon limit reached, resulting convex hull may be suboptimal. Prim 
2026-06-20T14:10:54Z [142,154ms] [Info] [omni.physx.cooking.plugin] ConvexMeshCookingTask: polygon limit reached, resulting convex hull may be suboptimal. Prim 
2026-06-20T14:10:54Z [142,155ms] [Info] [omni.physx.cooking.plugin] ConvexMeshCookingTask: polygon limit reached, resulting convex hull may be suboptimal. Prim 
2026-06-20T14:10:54Z [142,155ms] [Info] [omni.physx.cooking.plugin] ConvexMeshCookingTask: polygon limit reached, resulting convex hull may be suboptimal. Prim 
2026-06-20T14:10:54Z [142,156ms] [Info] [omni.physx.cooking.plugin] ConvexMeshCookingTask: polygon limit reached, resulting convex hull may be suboptimal. Prim 
2026-06-20T14:10:54Z [142,157ms] [Info] [omni.physx.cooking.plugin] ConvexMeshCookingTask: polygon limit reached, resulting convex hull may be suboptimal. Prim 
2026-06-20T14:10:54Z [142,157ms] [Info] [omni.physx.cooking.plugin] ConvexMeshCookingTask: polygon limit reached, resulting convex hull may be suboptimal. Prim 
2026-06-20T14:10:54Z [142,158ms] [Info] [omni.physx.cooking.plugin] ConvexMeshCookingTask: polygon limit reached, resulting convex hull may be suboptimal. Prim 
2026-06-20T14:10:54Z [142,235ms] [Info] [omni.usd] Status: in Resolve at line 246 of /builds/omniverse/usd-resolver/source/library/ResolverHelper.cpp -- OmniUsdResolver: Disabling base URL to resolve MDL identifier 'OmniPBR.mdl'

2026-06-20T14:10:54Z [142,235ms] [Info] [omni.usd] Status (secondary thread): in Resolve at line 246 of /builds/omniverse/usd-resolver/source/library/ResolverHelper.cpp -- OmniUsdResolver: Disabling base URL to resolve MDL identifier 'OmniPBR.mdl'

2026-06-20T14:10:54Z [142,235ms] [Info] [omni.usd] Status (secondary thread): in Resolve at line 246 of /builds/omniverse/usd-resolver/source/library/ResolverHelper.cpp -- OmniUsdResolver: Disabling base URL to resolve MDL identifier 'OmniPBR.mdl'

2026-06-20T14:10:54Z [142,235ms] [Info] [omni.usd] Status (secondary thread): in Resolve at line 246 of /builds/omniverse/usd-resolver/source/library/ResolverHelper.cpp -- OmniUsdResolver: Disabling base URL to resolve MDL identifier 'OmniPBR.mdl'

2026-06-20T14:10:54Z [142,235ms] [Info] [omni.usd] Status (secondary thread): in Resolve at line 246 of /builds/omniverse/usd-resolver/source/library/ResolverHelper.cpp -- OmniUsdResolver: Disabling base URL to resolve MDL identifier 'OmniPBR.mdl'

2026-06-20T14:10:54Z [142,235ms] [Info] [omni.usd] Status (secondary thread): in Resolve at line 246 of /builds/omniverse/usd-resolver/source/library/ResolverHelper.cpp -- OmniUsdResolver: Disabling base URL to resolve MDL identifier 'OmniPBR.mdl'

2026-06-20T14:10:54Z [142,235ms] [Info] [omni.usd] Status (secondary thread): in Resolve at line 246 of /builds/omniverse/usd-resolver/source/library/ResolverHelper.cpp -- OmniUsdResolver: Disabling base URL to resolve MDL identifier 'OmniPBR.mdl'

2026-06-20T14:10:54Z [142,235ms] [Info] [omni.usd] Status (secondary thread): in Resolve at line 246 of /builds/omniverse/usd-resolver/source/library/ResolverHelper.cpp -- OmniUsdResolver: Disabling base URL to resolve MDL identifier 'OmniPBR.mdl'

2026-06-20T14:10:54Z [142,235ms] [Info] [omni.usd] Status (secondary thread): in Resolve at line 246 of /builds/omniverse/usd-resolver/source/library/ResolverHelper.cpp -- OmniUsdResolver: Disabling base URL to resolve MDL identifier 'OmniPBR.mdl'

2026-06-20T14:10:54Z [142,235ms] [Info] [omni.usd] Status (secondary thread): in Resolve at line 246 of /builds/omniverse/usd-resolver/source/library/ResolverHelper.cpp -- OmniUsdResolver: Disabling base URL to resolve MDL identifier 'OmniPBR.mdl'

2026-06-20T14:10:54Z [142,235ms] [Info] [omni.usd] Status (secondary thread): in Resolve at line 246 of /builds/omniverse/usd-resolver/source/library/ResolverHelper.cpp -- OmniUsdResolver: Disabling base URL to resolve MDL identifier 'OmniPBR.mdl'

2026-06-20T14:10:54Z [142,235ms] [Info] [omni.usd] Status (secondary thread): in Resolve at line 246 of /builds/omniverse/usd-resolver/source/library/ResolverHelper.cpp -- OmniUsdResolver: Disabling base URL to resolve MDL identifier 'OmniPBR.mdl'

2026-06-20T14:10:54Z [142,235ms] [Info] [omni.usd] Status (secondary thread): in Resolve at line 246 of /builds/omniverse/usd-resolver/source/library/ResolverHelper.cpp -- OmniUsdResolver: Disabling base URL to resolve MDL identifier 'OmniPBR.mdl'

2026-06-20T14:10:54Z [142,304ms] [Info] [usdrt.population.plugin] USDRT population: Total primvar size: 0.000, sparse primvar size: 0.000 
2026-06-20T14:10:54Z [142,304ms] [Info] [usdrt.population.plugin] FabricPopulation: 25 meshes, 144 materials -> 0 after de-duplication, 24 geo instance proxies
2026-06-20T14:10:54Z [142,307ms] [Info] [omni.usd] Status: in Resolve at line 246 of /builds/omniverse/usd-resolver/source/library/ResolverHelper.cpp -- OmniUsdResolver: Disabling base URL to resolve MDL identifier 'OmniPBR.mdl'

2026-06-20T14:10:54Z [142,308ms] [Info] [omni.usd] Status: in Resolve at line 246 of /builds/omniverse/usd-resolver/source/library/ResolverHelper.cpp -- OmniUsdResolver: Disabling base URL to resolve MDL identifier 'OmniPBR.mdl'

2026-06-20T14:10:54Z [142,308ms] [Info] [omni.usd] Status: in Resolve at line 246 of /builds/omniverse/usd-resolver/source/library/ResolverHelper.cpp -- OmniUsdResolver: Disabling base URL to resolve MDL identifier 'OmniPBR.mdl'

2026-06-20T14:10:54Z [142,308ms] [Info] [omni.usd] Status: in Resolve at line 246 of /builds/omniverse/usd-resolver/source/library/ResolverHelper.cpp -- OmniUsdResolver: Disabling base URL to resolve MDL identifier 'OmniPBR.mdl'

2026-06-20T14:10:54Z [142,309ms] [Info] [omni.usd] Status: in Resolve at line 246 of /builds/omniverse/usd-resolver/source/library/ResolverHelper.cpp -- OmniUsdResolver: Disabling base URL to resolve MDL identifier 'OmniPBR.mdl'

2026-06-20T14:10:54Z [142,309ms] [Info] [omni.usd] Status: in Resolve at line 246 of /builds/omniverse/usd-resolver/source/library/ResolverHelper.cpp -- OmniUsdResolver: Disabling base URL to resolve MDL identifier 'OmniPBR.mdl'

2026-06-20T14:10:54Z [142,309ms] [Info] [omni.usd] Status: in Resolve at line 246 of /builds/omniverse/usd-resolver/source/library/ResolverHelper.cpp -- OmniUsdResolver: Disabling base URL to resolve MDL identifier 'OmniPBR.mdl'

2026-06-20T14:10:54Z [142,310ms] [Info] [omni.usd] Status: in Resolve at line 246 of /builds/omniverse/usd-resolver/source/library/ResolverHelper.cpp -- OmniUsdResolver: Disabling base URL to resolve MDL identifier 'OmniPBR.mdl'

2026-06-20T14:10:54Z [142,310ms] [Info] [omni.usd] Status: in Resolve at line 246 of /builds/omniverse/usd-resolver/source/library/ResolverHelper.cpp -- OmniUsdResolver: Disabling base URL to resolve MDL identifier 'OmniPBR.mdl'

2026-06-20T14:10:54Z [142,311ms] [Info] [omni.usd] Status: in Resolve at line 246 of /builds/omniverse/usd-resolver/source/library/ResolverHelper.cpp -- OmniUsdResolver: Disabling base URL to resolve MDL identifier 'OmniPBR.mdl'

2026-06-20T14:10:54Z [142,311ms] [Info] [omni.usd] Status: in Resolve at line 246 of /builds/omniverse/usd-resolver/source/library/ResolverHelper.cpp -- OmniUsdResolver: Disabling base URL to resolve MDL identifier 'OmniPBR.mdl'

2026-06-20T14:10:54Z [142,325ms] [Info] [omni.physx.tensors.plugin] Physics using context 0x151bc180, device 0
2026-06-20T14:10:54Z [142,334ms] [Info] [isaaclab.assets.articulation.articulation] Articulation initialized at: /World/envs/env_.*/Robot with root '/World/envs/env_.*/Robot'.
2026-06-20T14:10:54Z [142,334ms] [Info] [isaaclab.assets.articulation.articulation] Is fixed root: True
2026-06-20T14:10:54Z [142,334ms] [Info] [isaaclab.assets.articulation.articulation] Number of bodies: 12
2026-06-20T14:10:54Z [142,334ms] [Info] [isaaclab.assets.articulation.articulation] Body names: ['panda_link0', 'panda_link1', 'panda_link2', 'panda_link3', 'panda_link4', 'panda_link5', 'panda_link6', 'panda_link7', 'panda_hand', 'panda_leftfinger', 'panda_rightfinger', 'Peg']
2026-06-20T14:10:54Z [142,334ms] [Info] [isaaclab.assets.articulation.articulation] Number of joints: 9
2026-06-20T14:10:54Z [142,334ms] [Info] [isaaclab.assets.articulation.articulation] Joint names: ['panda_joint1', 'panda_joint2', 'panda_joint3', 'panda_joint4', 'panda_joint5', 'panda_joint6', 'panda_joint7', 'panda_finger_joint1', 'panda_finger_joint2']
2026-06-20T14:10:54Z [142,334ms] [Info] [isaaclab.assets.articulation.articulation] Number of fixed tendons: 0
2026-06-20T14:10:54Z [142,407ms] [Info] [isaaclab.assets.articulation.articulation] Actuator collection: panda_shoulder with model 'ImplicitActuator' (type: implicit) and joint names: ['panda_joint1', 'panda_joint2', 'panda_joint3', 'panda_joint4'] [tensor([0, 1, 2, 3], device='cuda:0')].
2026-06-20T14:10:54Z [142,411ms] [Info] [isaaclab.assets.articulation.articulation] Actuator collection: panda_forearm with model 'ImplicitActuator' (type: implicit) and joint names: ['panda_joint5', 'panda_joint6', 'panda_joint7'] [tensor([4, 5, 6], device='cuda:0')].
2026-06-20T14:10:54Z [142,415ms] [Info] [isaaclab.assets.articulation.articulation] Actuator collection: panda_hand with model 'ImplicitActuator' (type: implicit) and joint names: ['panda_finger_joint1', 'panda_finger_joint2'] [tensor([7, 8], device='cuda:0')].
2026-06-20T14:10:54Z [142,424ms] [Info] [isaaclab.assets.articulation.articulation] Simulation parameters for joints in /World/envs/env_.*/Robot:
+---------------------------------------------------------------------------------------------------------------------------------------------------------------------------+
|                                                     Simulation Joint Information (Prim path: /World/envs/env_.*/Robot)                                                    |
+-------+---------------------+-----------+---------+----------+-----------------+------------------+------------------+------------------+-----------------+---------------+
| Index | Name                | Stiffness | Damping | Armature | Static Friction | Dynamic Friction | Viscous Friction | Position Limits  | Velocity Limits | Effort Limits |
+-------+---------------------+-----------+---------+----------+-----------------+------------------+------------------+------------------+-----------------+---------------+
|   0   | panda_joint1        |  400.000  |  80.000 |  0.000   |      0.000      |      0.000       |      0.000       | [-2.897, 2.897]  |      2.175      |     87.000    |
|   1   | panda_joint2        |  400.000  |  80.000 |  0.000   |      0.000      |      0.000       |      0.000       | [-1.763, 1.763]  |      2.175      |     87.000    |
|   2   | panda_joint3        |  400.000  |  80.000 |  0.000   |      0.000      |      0.000       |      0.000       | [-2.897, 2.897]  |      2.175      |     87.000    |
|   3   | panda_joint4        |  400.000  |  80.000 |  0.000   |      0.000      |      0.000       |      0.000       | [-3.072, -0.070] |      2.175      |     87.000    |
|   4   | panda_joint5        |  400.000  |  80.000 |  0.000   |      0.000      |      0.000       |      0.000       | [-2.897, 2.897]  |      2.610      |     12.000    |
|   5   | panda_joint6        |  400.000  |  80.000 |  0.000   |      0.000      |      0.000       |      0.000       | [-0.018, 3.753]  |      2.610      |     12.000    |
|   6   | panda_joint7        |  400.000  |  80.000 |  0.000   |      0.000      |      0.000       |      0.000       | [-2.897, 2.897]  |      2.610      |     12.000    |
|   7   | panda_finger_joint1 |  2000.000 | 100.000 |  0.000   |      0.000      |      0.000       |      0.000       |  [0.000, 0.040]  |      0.200      |    200.000    |
|   8   | panda_finger_joint2 |  2000.000 | 100.000 |  0.000   |      0.000      |      0.000       |      0.000       |  [0.000, 0.040]  |      0.200      |    200.000    |
+-------+---------------------+-----------+---------+----------+-----------------+------------------+------------------+------------------+-----------------+---------------+
2026-06-20T14:10:54Z [142,425ms] [Info] [isaaclab.assets.rigid_object.rigid_object] Rigid body initialized at: /World/envs/env_.*/SocketFrame with root '/World/envs/env_.*/SocketFrame'.
2026-06-20T14:10:54Z [142,425ms] [Info] [isaaclab.assets.rigid_object.rigid_object] Number of instances: 1
2026-06-20T14:10:54Z [142,425ms] [Info] [isaaclab.assets.rigid_object.rigid_object] Number of bodies: 1
2026-06-20T14:10:54Z [142,425ms] [Info] [isaaclab.assets.rigid_object.rigid_object] Body names: ['SocketFrame']
2026-06-20T14:10:54Z [142,464ms] [Info] [isaaclab.assets.rigid_object.rigid_object] Rigid body initialized at: /World/envs/env_.*/SocketWallLeft with root '/World/envs/env_.*/SocketWallLeft'.
2026-06-20T14:10:54Z [142,464ms] [Info] [isaaclab.assets.rigid_object.rigid_object] Number of instances: 1
2026-06-20T14:10:54Z [142,464ms] [Info] [isaaclab.assets.rigid_object.rigid_object] Number of bodies: 1
2026-06-20T14:10:54Z [142,464ms] [Info] [isaaclab.assets.rigid_object.rigid_object] Body names: ['SocketWallLeft']
2026-06-20T14:10:54Z [142,465ms] [Info] [isaaclab.assets.rigid_object.rigid_object] Rigid body initialized at: /World/envs/env_.*/SocketWallRight with root '/World/envs/env_.*/SocketWallRight'.
2026-06-20T14:10:54Z [142,465ms] [Info] [isaaclab.assets.rigid_object.rigid_object] Number of instances: 1
2026-06-20T14:10:54Z [142,465ms] [Info] [isaaclab.assets.rigid_object.rigid_object] Number of bodies: 1
2026-06-20T14:10:54Z [142,465ms] [Info] [isaaclab.assets.rigid_object.rigid_object] Body names: ['SocketWallRight']
2026-06-20T14:10:54Z [142,467ms] [Info] [isaaclab.assets.rigid_object.rigid_object] Rigid body initialized at: /World/envs/env_.*/SocketWallFront with root '/World/envs/env_.*/SocketWallFront'.
2026-06-20T14:10:54Z [142,467ms] [Info] [isaaclab.assets.rigid_object.rigid_object] Number of instances: 1
2026-06-20T14:10:54Z [142,467ms] [Info] [isaaclab.assets.rigid_object.rigid_object] Number of bodies: 1
2026-06-20T14:10:54Z [142,467ms] [Info] [isaaclab.assets.rigid_object.rigid_object] Body names: ['SocketWallFront']
2026-06-20T14:10:54Z [142,468ms] [Info] [isaaclab.assets.rigid_object.rigid_object] Rigid body initialized at: /World/envs/env_.*/SocketWallBack with root '/World/envs/env_.*/SocketWallBack'.
2026-06-20T14:10:54Z [142,468ms] [Info] [isaaclab.assets.rigid_object.rigid_object] Number of instances: 1
2026-06-20T14:10:54Z [142,468ms] [Info] [isaaclab.assets.rigid_object.rigid_object] Number of bodies: 1
2026-06-20T14:10:54Z [142,468ms] [Info] [isaaclab.assets.rigid_object.rigid_object] Body names: ['SocketWallBack']
2026-06-20T14:10:54Z [142,471ms] [Info] [isaacsim.core.simulation_manager.plugin] onResume: Stored initial time data
2026-06-20T14:10:54Z [142,474ms] [Info] [omni.kit.menu.utils.utils] omni.kit.menu.utils.refresh_menu_items Replicator
2026-06-20T14:10:54Z [142,480ms] [Info] [gpu.foundation.plugin] Setting mgpu copy backend to 'copyQueue'
2026-06-20T14:10:54Z [142,490ms] [Info] [omni.usdMdl] MdlModuleRegistry::GetSdrFromDiscoveryResult(/isaac-sim/kit/mdl/core/Base/OmniPBR.mdl, 1)
2026-06-20T14:10:54Z [142,490ms] [Info] [omni.usdMdl] MdlModuleRegistry::_GetOrCreateModule(/isaac-sim/kit/mdl/core/Base/OmniPBR.mdl, 1, 0)
2026-06-20T14:10:54Z [142,490ms] [Info] [omni.usdMdl] MdlModuleRegistry::_GetOrCreateModule(/isaac-sim/kit/mdl/core/Base/OmniPBR.mdl, 1, 0)	Done	created: 1
2026-06-20T14:10:54Z [142,490ms] [Info] [omni.usdMdl] ModuleRegistryItem::GetOrCreateModule(1, 0)	assetPath: /isaac-sim/kit/mdl/core/Base/OmniPBR.mdl
2026-06-20T14:10:54Z [142,490ms] [Info] [omni.usdMdl] MdlModule::MdlModule(/isaac-sim/kit/mdl/core/Base/OmniPBR.mdl, 1, 0)
2026-06-20T14:10:54Z [142,490ms] [Info] [omni.usdMdl] Neuray::LoadModule(/isaac-sim/kit/mdl/core/Base/OmniPBR.mdl, OmniPBR.mdl, 0)
2026-06-20T14:10:54Z [142,492ms] [Info] [rtx.neuraylib.plugin] [EntityResolver] DONE  ::OmniPBR  <--->  ::OmniPBR  (file:/isaac-sim/kit/mdl/core/Base/OmniPBR.mdl)
2026-06-20T14:10:54Z [142,492ms] [Info] [omni.usd] Status (secondary thread): in _OpenAsset at line 360 of /builds/omniverse/usd-resolver/source/library/OmniUsdResolver_Ar2.cpp -- OmniUsdResolver: Opening filesystem asset 'file:/isaac-sim/kit/mdl/core/Base/OmniPBR.mdl' for read

2026-06-20T14:10:54Z [142,494ms] [Info] [rtx.neuraylib.plugin] [EntityResolver] CACHED  ::nvidia::core_definitions  <--->  ::nvidia::core_definitions  (file:/isaac-sim/kit/mdl/core/mdl/nvidia/core_definitions.mdl)
2026-06-20T14:10:54Z [142,494ms] [Info] [rtx.neuraylib.plugin] [EntityResolver] CACHED  ::nvidia::core_definitions  <--->  ::nvidia::core_definitions  (file:/isaac-sim/kit/mdl/core/mdl/nvidia/core_definitions.mdl)
2026-06-20T14:10:54Z [142,496ms] [Info] [rtx.neuraylib.plugin] [EntityResolver] DONE  .::OmniPBR_ClearCoat  <--->  ::OmniPBR_ClearCoat  (file:/isaac-sim/kit/mdl/core/Base/OmniPBR_ClearCoat.mdl)
2026-06-20T14:10:54Z [142,496ms] [Info] [omni.usd] Status (secondary thread): in _OpenAsset at line 360 of /builds/omniverse/usd-resolver/source/library/OmniUsdResolver_Ar2.cpp -- OmniUsdResolver: Opening filesystem asset 'file:/isaac-sim/kit/mdl/core/Base/OmniPBR_ClearCoat.mdl' for read

2026-06-20T14:10:54Z [142,498ms] [Info] [rtx.neuraylib.plugin] [EntityResolver] CACHED  ::nvidia::core_definitions  <--->  ::nvidia::core_definitions  (file:/isaac-sim/kit/mdl/core/mdl/nvidia/core_definitions.mdl)
2026-06-20T14:10:54Z [142,498ms] [Info] [rtx.neuraylib.plugin] [EntityResolver] CACHED  ::nvidia::core_definitions  <--->  ::nvidia::core_definitions  (file:/isaac-sim/kit/mdl/core/mdl/nvidia/core_definitions.mdl)
2026-06-20T14:10:54Z [142,500ms] [Info] [rtx.neuraylib.plugin] [EntityResolver] DONE  .::OmniPBRBase  <--->  ::OmniPBRBase  (file:/isaac-sim/kit/mdl/core/Base/OmniPBRBase.mdl)
2026-06-20T14:10:54Z [142,501ms] [Info] [omni.usd] Status (secondary thread): in _OpenAsset at line 360 of /builds/omniverse/usd-resolver/source/library/OmniUsdResolver_Ar2.cpp -- OmniUsdResolver: Opening filesystem asset 'file:/isaac-sim/kit/mdl/core/Base/OmniPBRBase.mdl' for read

2026-06-20T14:10:54Z [142,515ms] [Info] [rtx.neuraylib.plugin] FileWatcher: Started watching: 'mdl::OmniPBRBase'
2026-06-20T14:10:54Z [142,515ms] [Info] [rtx.neuraylib.plugin] FileWatcher: Started watching: 'mdl::OmniPBR_ClearCoat'
2026-06-20T14:10:54Z [142,515ms] [Info] [rtx.neuraylib.plugin] FileWatcher: Started watching: 'mdl::OmniPBR'
2026-06-20T14:10:54Z [142,515ms] [Info] [omni.usdMdl] MdlNotice::ModuleLoaded	/isaac-sim/kit/mdl/core/Base/OmniPBR.mdl
2026-06-20T14:10:54Z [142,515ms] [Info] [omni.usdMdl] Neuray::LoadModule(/isaac-sim/kit/mdl/core/Base/OmniPBR.mdl, OmniPBR.mdl, 0)	Done	success: 1
2026-06-20T14:10:54Z [142,515ms] [Info] [omni.usdMdl] MdlModule::MdlModule(/isaac-sim/kit/mdl/core/Base/OmniPBR.mdl, 1, 0)	Done	function count: 1	valid: 1
2026-06-20T14:10:54Z [142,515ms] [Info] [omni.usdMdl] ModuleRegistryItem::GetOrCreateModule(1, 0)	assetPath: /isaac-sim/kit/mdl/core/Base/OmniPBR.mdl	Done	created: 1
2026-06-20T14:10:54Z [142,516ms] [Info] [omni.hydra] Resolved MdlEntity function overload for prim '/__Prototype_18263965167746407872/Looks/rubber_cable/Shader' as '::OmniPBR::OmniPBR.mdl'.
2026-06-20T14:10:54Z [142,517ms] [Info] [rtx.neuraylib.plugin] Stored MdlEntitySnapshot to DB: usd::rtx_scope0::/__Prototype_18263965167746407872/Looks/rubber_cable/Shader::::OmniPBR::OmniPBR((8))
2026-06-20T14:10:54Z [142,517ms] [Info] [omni.usdMdl] MdlModuleRegistry::SubscribeModuleReloaded(1385719264942916404<OmniPBR><mdl>)
2026-06-20T14:10:54Z [142,517ms] [Info] [omni.hydra] Structural change on shade node '/__Prototype_18263965167746407872/Looks/rubber_cable/Shader'. Initiating database and shader updates.
2026-06-20T14:10:54Z [142,517ms] [Info] [omni.hydra] Start creating rendering material for prim '/__Prototype_18263965167746407872/Looks/rubber_cable/Shader': usd::rtx_scope0::/__Prototype_18263965167746407872/Looks/rubber_cable/Shader::::OmniPBR::OmniPBR((8))
2026-06-20T14:10:55Z [143,420ms] [Info] [omni.hydra] Setting new rendering material for prim '/__Prototype_18263965167746407872/Looks/rubber_cable/Shader': usd::rtx_scope0::/__Prototype_18263965167746407872/Looks/rubber_cable/Shader::::OmniPBR::OmniPBR((8))
2026-06-20T14:10:55Z [143,420ms] [Info] [omni.hydra] Resolved MdlEntity function overload for prim '/__Prototype_5288141205716021555/Looks/AluminumRough/Shader' as '::OmniPBR::OmniPBR.mdl'.
2026-06-20T14:10:55Z [143,420ms] [Info] [rtx.neuraylib.plugin] Stored MdlEntitySnapshot to DB: usd::rtx_scope0::/__Prototype_5288141205716021555/Looks/AluminumRough/Shader::::OmniPBR::OmniPBR((9))
2026-06-20T14:10:55Z [143,420ms] [Info] [omni.usdMdl] MdlModuleRegistry::SubscribeModuleReloaded(1385719264942916404<OmniPBR><mdl>)
2026-06-20T14:10:55Z [143,421ms] [Info] [omni.hydra] Structural change on shade node '/__Prototype_5288141205716021555/Looks/AluminumRough/Shader'. Initiating database and shader updates.
2026-06-20T14:10:55Z [143,421ms] [Info] [omni.hydra] Start creating rendering material for prim '/__Prototype_5288141205716021555/Looks/AluminumRough/Shader': usd::rtx_scope0::/__Prototype_5288141205716021555/Looks/AluminumRough/Shader::::OmniPBR::OmniPBR((9))
2026-06-20T14:10:55Z [143,421ms] [Info] [omni.hydra] Setting new rendering material for prim '/__Prototype_5288141205716021555/Looks/AluminumRough/Shader': usd::rtx_scope0::/__Prototype_5288141205716021555/Looks/AluminumRough/Shader::::OmniPBR::OmniPBR((9))
2026-06-20T14:10:55Z [143,422ms] [Info] [omni.hydra] Resolved MdlEntity function overload for prim '/__Prototype_4857502944779566417/Looks/Aluminum/Shader' as '::OmniPBR::OmniPBR.mdl'.
2026-06-20T14:10:55Z [143,422ms] [Info] [rtx.neuraylib.plugin] Stored MdlEntitySnapshot to DB: usd::rtx_scope0::/__Prototype_4857502944779566417/Looks/Aluminum/Shader::::OmniPBR::OmniPBR((10))
2026-06-20T14:10:55Z [143,422ms] [Info] [omni.usdMdl] MdlModuleRegistry::SubscribeModuleReloaded(1385719264942916404<OmniPBR><mdl>)
2026-06-20T14:10:55Z [143,422ms] [Info] [omni.hydra] Structural change on shade node '/__Prototype_4857502944779566417/Looks/Aluminum/Shader'. Initiating database and shader updates.
2026-06-20T14:10:55Z [143,422ms] [Info] [omni.hydra] Start creating rendering material for prim '/__Prototype_4857502944779566417/Looks/Aluminum/Shader': usd::rtx_scope0::/__Prototype_4857502944779566417/Looks/Aluminum/Shader::::OmniPBR::OmniPBR((10))
2026-06-20T14:10:55Z [143,423ms] [Info] [omni.hydra] Setting new rendering material for prim '/__Prototype_4857502944779566417/Looks/Aluminum/Shader': usd::rtx_scope0::/__Prototype_4857502944779566417/Looks/Aluminum/Shader::::OmniPBR::OmniPBR((10))
2026-06-20T14:10:55Z [143,423ms] [Info] [omni.hydra] Resolved MdlEntity function overload for prim '/__Prototype_4857502944779566417/Looks/EmissiveBlue/Shader' as '::OmniPBR::OmniPBR.mdl'.
2026-06-20T14:10:55Z [143,423ms] [Info] [rtx.neuraylib.plugin] Stored MdlEntitySnapshot to DB: usd::rtx_scope0::/__Prototype_4857502944779566417/Looks/EmissiveBlue/Shader::::OmniPBR::OmniPBR((11))
2026-06-20T14:10:55Z [143,423ms] [Info] [omni.usdMdl] MdlModuleRegistry::SubscribeModuleReloaded(1385719264942916404<OmniPBR><mdl>)
2026-06-20T14:10:55Z [143,423ms] [Info] [omni.hydra] Structural change on shade node '/__Prototype_4857502944779566417/Looks/EmissiveBlue/Shader'. Initiating database and shader updates.
2026-06-20T14:10:55Z [143,423ms] [Info] [omni.hydra] Start creating rendering material for prim '/__Prototype_4857502944779566417/Looks/EmissiveBlue/Shader': usd::rtx_scope0::/__Prototype_4857502944779566417/Looks/EmissiveBlue/Shader::::OmniPBR::OmniPBR((11))
2026-06-20T14:10:55Z [143,424ms] [Info] [omni.hydra] Setting new rendering material for prim '/__Prototype_4857502944779566417/Looks/EmissiveBlue/Shader': usd::rtx_scope0::/__Prototype_4857502944779566417/Looks/EmissiveBlue/Shader::::OmniPBR::OmniPBR((11))
2026-06-20T14:10:55Z [143,424ms] [Info] [omni.hydra] Resolved MdlEntity function overload for prim '/__Prototype_8866471526631341610/Looks/RubberLightGray/Shader' as '::OmniPBR::OmniPBR.mdl'.
2026-06-20T14:10:55Z [143,425ms] [Info] [rtx.neuraylib.plugin] Stored MdlEntitySnapshot to DB: usd::rtx_scope0::/__Prototype_8866471526631341610/Looks/RubberLightGray/Shader::::OmniPBR::OmniPBR((12))
2026-06-20T14:10:55Z [143,425ms] [Info] [omni.usdMdl] MdlModuleRegistry::SubscribeModuleReloaded(1385719264942916404<OmniPBR><mdl>)
2026-06-20T14:10:55Z [143,425ms] [Info] [omni.hydra] Structural change on shade node '/__Prototype_8866471526631341610/Looks/RubberLightGray/Shader'. Initiating database and shader updates.
2026-06-20T14:10:55Z [143,425ms] [Info] [omni.hydra] Start creating rendering material for prim '/__Prototype_8866471526631341610/Looks/RubberLightGray/Shader': usd::rtx_scope0::/__Prototype_8866471526631341610/Looks/RubberLightGray/Shader::::OmniPBR::OmniPBR((12))
2026-06-20T14:10:55Z [143,426ms] [Info] [omni.hydra] Setting new rendering material for prim '/__Prototype_8866471526631341610/Looks/RubberLightGray/Shader': usd::rtx_scope0::/__Prototype_8866471526631341610/Looks/RubberLightGray/Shader::::OmniPBR::OmniPBR((12))
2026-06-20T14:10:55Z [143,426ms] [Info] [omni.hydra] Resolved MdlEntity function overload for prim '/__Prototype_1639404433645361550/Looks/PlasticBlack/Shader' as '::OmniPBR::OmniPBR.mdl'.
2026-06-20T14:10:55Z [143,426ms] [Info] [rtx.neuraylib.plugin] Stored MdlEntitySnapshot to DB: usd::rtx_scope0::/__Prototype_1639404433645361550/Looks/PlasticBlack/Shader::::OmniPBR::OmniPBR((13))
2026-06-20T14:10:55Z [143,426ms] [Info] [omni.usdMdl] MdlModuleRegistry::SubscribeModuleReloaded(1385719264942916404<OmniPBR><mdl>)
2026-06-20T14:10:55Z [143,426ms] [Info] [omni.hydra] Structural change on shade node '/__Prototype_1639404433645361550/Looks/PlasticBlack/Shader'. Initiating database and shader updates.
2026-06-20T14:10:55Z [143,426ms] [Info] [omni.hydra] Start creating rendering material for prim '/__Prototype_1639404433645361550/Looks/PlasticBlack/Shader': usd::rtx_scope0::/__Prototype_1639404433645361550/Looks/PlasticBlack/Shader::::OmniPBR::OmniPBR((13))
2026-06-20T14:10:55Z [143,427ms] [Info] [omni.hydra] Setting new rendering material for prim '/__Prototype_1639404433645361550/Looks/PlasticBlack/Shader': usd::rtx_scope0::/__Prototype_1639404433645361550/Looks/PlasticBlack/Shader::::OmniPBR::OmniPBR((13))
2026-06-20T14:10:55Z [143,427ms] [Info] [omni.hydra] Resolved MdlEntity function overload for prim '/__Prototype_1639404433645361550/Looks/RubberGreen/Shader' as '::OmniPBR::OmniPBR.mdl'.
2026-06-20T14:10:55Z [143,427ms] [Info] [rtx.neuraylib.plugin] Stored MdlEntitySnapshot to DB: usd::rtx_scope0::/__Prototype_1639404433645361550/Looks/RubberGreen/Shader::::OmniPBR::OmniPBR((14))
2026-06-20T14:10:55Z [143,427ms] [Info] [omni.usdMdl] MdlModuleRegistry::SubscribeModuleReloaded(1385719264942916404<OmniPBR><mdl>)
2026-06-20T14:10:55Z [143,428ms] [Info] [omni.hydra] Structural change on shade node '/__Prototype_1639404433645361550/Looks/RubberGreen/Shader'. Initiating database and shader updates.
2026-06-20T14:10:55Z [143,428ms] [Info] [omni.hydra] Start creating rendering material for prim '/__Prototype_1639404433645361550/Looks/RubberGreen/Shader': usd::rtx_scope0::/__Prototype_1639404433645361550/Looks/RubberGreen/Shader::::OmniPBR::OmniPBR((14))
2026-06-20T14:10:55Z [143,428ms] [Info] [omni.hydra] Setting new rendering material for prim '/__Prototype_1639404433645361550/Looks/RubberGreen/Shader': usd::rtx_scope0::/__Prototype_1639404433645361550/Looks/RubberGreen/Shader::::OmniPBR::OmniPBR((14))
2026-06-20T14:10:55Z [143,428ms] [Info] [omni.hydra] Resolved MdlEntity function overload for prim '/__Prototype_11141905192441409142/Looks/EmissiveBlue/Shader' as '::OmniPBR::OmniPBR.mdl'.
2026-06-20T14:10:55Z [143,429ms] [Info] [rtx.neuraylib.plugin] Stored MdlEntitySnapshot to DB: usd::rtx_scope0::/__Prototype_11141905192441409142/Looks/EmissiveBlue/Shader::::OmniPBR::OmniPBR((15))
2026-06-20T14:10:55Z [143,429ms] [Info] [omni.usdMdl] MdlModuleRegistry::SubscribeModuleReloaded(1385719264942916404<OmniPBR><mdl>)
2026-06-20T14:10:55Z [143,429ms] [Info] [omni.hydra] Structural change on shade node '/__Prototype_11141905192441409142/Looks/EmissiveBlue/Shader'. Initiating database and shader updates.
2026-06-20T14:10:55Z [143,429ms] [Info] [omni.hydra] Start creating rendering material for prim '/__Prototype_11141905192441409142/Looks/EmissiveBlue/Shader': usd::rtx_scope0::/__Prototype_11141905192441409142/Looks/EmissiveBlue/Shader::::OmniPBR::OmniPBR((15))
2026-06-20T14:10:55Z [143,430ms] [Info] [omni.hydra] Setting new rendering material for prim '/__Prototype_11141905192441409142/Looks/EmissiveBlue/Shader': usd::rtx_scope0::/__Prototype_11141905192441409142/Looks/EmissiveBlue/Shader::::OmniPBR::OmniPBR((15))
2026-06-20T14:10:55Z [143,430ms] [Info] [omni.hydra] Resolved MdlEntity function overload for prim '/__Prototype_4857502944779566417/Looks/AluminumRough/Shader' as '::OmniPBR::OmniPBR.mdl'.
2026-06-20T14:10:55Z [143,430ms] [Info] [rtx.neuraylib.plugin] Stored MdlEntitySnapshot to DB: usd::rtx_scope0::/__Prototype_4857502944779566417/Looks/AluminumRough/Shader::::OmniPBR::OmniPBR((16))
2026-06-20T14:10:55Z [143,430ms] [Info] [omni.usdMdl] MdlModuleRegistry::SubscribeModuleReloaded(1385719264942916404<OmniPBR><mdl>)
2026-06-20T14:10:55Z [143,430ms] [Info] [omni.hydra] Structural change on shade node '/__Prototype_4857502944779566417/Looks/AluminumRough/Shader'. Initiating database and shader updates.
2026-06-20T14:10:55Z [143,430ms] [Info] [omni.hydra] Start creating rendering material for prim '/__Prototype_4857502944779566417/Looks/AluminumRough/Shader': usd::rtx_scope0::/__Prototype_4857502944779566417/Looks/AluminumRough/Shader::::OmniPBR::OmniPBR((16))
2026-06-20T14:10:55Z [143,431ms] [Info] [omni.hydra] Setting new rendering material for prim '/__Prototype_4857502944779566417/Looks/AluminumRough/Shader': usd::rtx_scope0::/__Prototype_4857502944779566417/Looks/AluminumRough/Shader::::OmniPBR::OmniPBR((16))
2026-06-20T14:10:55Z [143,431ms] [Info] [omni.hydra] Resolved MdlEntity function overload for prim '/__Prototype_12495086293957741503/Looks/rubber_cable/Shader' as '::OmniPBR::OmniPBR.mdl'.
2026-06-20T14:10:55Z [143,431ms] [Info] [rtx.neuraylib.plugin] Stored MdlEntitySnapshot to DB: usd::rtx_scope0::/__Prototype_12495086293957741503/Looks/rubber_cable/Shader::::OmniPBR::OmniPBR((17))
2026-06-20T14:10:55Z [143,431ms] [Info] [omni.usdMdl] MdlModuleRegistry::SubscribeModuleReloaded(1385719264942916404<OmniPBR><mdl>)
2026-06-20T14:10:55Z [143,432ms] [Info] [omni.hydra] Structural change on shade node '/__Prototype_12495086293957741503/Looks/rubber_cable/Shader'. Initiating database and shader updates.
2026-06-20T14:10:55Z [143,432ms] [Info] [omni.hydra] Start creating rendering material for prim '/__Prototype_12495086293957741503/Looks/rubber_cable/Shader': usd::rtx_scope0::/__Prototype_12495086293957741503/Looks/rubber_cable/Shader::::OmniPBR::OmniPBR((17))
2026-06-20T14:10:55Z [143,432ms] [Info] [omni.hydra] Setting new rendering material for prim '/__Prototype_12495086293957741503/Looks/rubber_cable/Shader': usd::rtx_scope0::/__Prototype_12495086293957741503/Looks/rubber_cable/Shader::::OmniPBR::OmniPBR((17))
2026-06-20T14:10:55Z [143,432ms] [Info] [omni.hydra] Resolved MdlEntity function overload for prim '/__Prototype_11141905192441409142/Looks/Aluminum/Shader' as '::OmniPBR::OmniPBR.mdl'.
2026-06-20T14:10:55Z [143,432ms] [Info] [rtx.neuraylib.plugin] Stored MdlEntitySnapshot to DB: usd::rtx_scope0::/__Prototype_11141905192441409142/Looks/Aluminum/Shader::::OmniPBR::OmniPBR((18))
2026-06-20T14:10:55Z [143,432ms] [Info] [omni.usdMdl] MdlModuleRegistry::SubscribeModuleReloaded(1385719264942916404<OmniPBR><mdl>)
2026-06-20T14:10:55Z [143,433ms] [Info] [omni.hydra] Structural change on shade node '/__Prototype_11141905192441409142/Looks/Aluminum/Shader'. Initiating database and shader updates.
2026-06-20T14:10:55Z [143,433ms] [Info] [omni.hydra] Start creating rendering material for prim '/__Prototype_11141905192441409142/Looks/Aluminum/Shader': usd::rtx_scope0::/__Prototype_11141905192441409142/Looks/Aluminum/Shader::::OmniPBR::OmniPBR((18))
2026-06-20T14:10:55Z [143,434ms] [Info] [omni.hydra] Setting new rendering material for prim '/__Prototype_11141905192441409142/Looks/Aluminum/Shader': usd::rtx_scope0::/__Prototype_11141905192441409142/Looks/Aluminum/Shader::::OmniPBR::OmniPBR((18))
2026-06-20T14:10:55Z [143,434ms] [Info] [omni.hydra] Resolved MdlEntity function overload for prim '/__Prototype_8866471526631341610/Looks/RubberRed/Shader' as '::OmniPBR::OmniPBR.mdl'.
2026-06-20T14:10:55Z [143,434ms] [Info] [rtx.neuraylib.plugin] Stored MdlEntitySnapshot to DB: usd::rtx_scope0::/__Prototype_8866471526631341610/Looks/RubberRed/Shader::::OmniPBR::OmniPBR((19))
2026-06-20T14:10:55Z [143,434ms] [Info] [omni.usdMdl] MdlModuleRegistry::SubscribeModuleReloaded(1385719264942916404<OmniPBR><mdl>)
2026-06-20T14:10:55Z [143,434ms] [Info] [omni.hydra] Structural change on shade node '/__Prototype_8866471526631341610/Looks/RubberRed/Shader'. Initiating database and shader updates.
2026-06-20T14:10:55Z [143,434ms] [Info] [omni.hydra] Start creating rendering material for prim '/__Prototype_8866471526631341610/Looks/RubberRed/Shader': usd::rtx_scope0::/__Prototype_8866471526631341610/Looks/RubberRed/Shader::::OmniPBR::OmniPBR((19))
2026-06-20T14:10:55Z [143,435ms] [Info] [omni.hydra] Setting new rendering material for prim '/__Prototype_8866471526631341610/Looks/RubberRed/Shader': usd::rtx_scope0::/__Prototype_8866471526631341610/Looks/RubberRed/Shader::::OmniPBR::OmniPBR((19))
2026-06-20T14:10:55Z [143,435ms] [Info] [omni.hydra] Resolved MdlEntity function overload for prim '/__Prototype_4857502944779566417/Looks/RubberGray/Shader' as '::OmniPBR::OmniPBR.mdl'.
2026-06-20T14:10:55Z [143,435ms] [Info] [rtx.neuraylib.plugin] Stored MdlEntitySnapshot to DB: usd::rtx_scope0::/__Prototype_4857502944779566417/Looks/RubberGray/Shader::::OmniPBR::OmniPBR((20))
2026-06-20T14:10:55Z [143,435ms] [Info] [omni.usdMdl] MdlModuleRegistry::SubscribeModuleReloaded(1385719264942916404<OmniPBR><mdl>)
2026-06-20T14:10:55Z [143,435ms] [Info] [omni.hydra] Structural change on shade node '/__Prototype_4857502944779566417/Looks/RubberGray/Shader'. Initiating database and shader updates.
2026-06-20T14:10:55Z [143,435ms] [Info] [omni.hydra] Start creating rendering material for prim '/__Prototype_4857502944779566417/Looks/RubberGray/Shader': usd::rtx_scope0::/__Prototype_4857502944779566417/Looks/RubberGray/Shader::::OmniPBR::OmniPBR((20))
2026-06-20T14:10:55Z [143,436ms] [Info] [omni.hydra] Setting new rendering material for prim '/__Prototype_4857502944779566417/Looks/RubberGray/Shader': usd::rtx_scope0::/__Prototype_4857502944779566417/Looks/RubberGray/Shader::::OmniPBR::OmniPBR((20))
2026-06-20T14:10:55Z [143,436ms] [Info] [omni.hydra] Resolved MdlEntity function overload for prim '/__Prototype_5288141205716021555/Looks/EmissiveBlue/Shader' as '::OmniPBR::OmniPBR.mdl'.
2026-06-20T14:10:55Z [143,436ms] [Info] [rtx.neuraylib.plugin] Stored MdlEntitySnapshot to DB: usd::rtx_scope0::/__Prototype_5288141205716021555/Looks/EmissiveBlue/Shader::::OmniPBR::OmniPBR((21))
2026-06-20T14:10:55Z [143,436ms] [Info] [omni.usdMdl] MdlModuleRegistry::SubscribeModuleReloaded(1385719264942916404<OmniPBR><mdl>)
2026-06-20T14:10:55Z [143,437ms] [Info] [omni.hydra] Structural change on shade node '/__Prototype_5288141205716021555/Looks/EmissiveBlue/Shader'. Initiating database and shader updates.
2026-06-20T14:10:55Z [143,437ms] [Info] [omni.hydra] Start creating rendering material for prim '/__Prototype_5288141205716021555/Looks/EmissiveBlue/Shader': usd::rtx_scope0::/__Prototype_5288141205716021555/Looks/EmissiveBlue/Shader::::OmniPBR::OmniPBR((21))
2026-06-20T14:10:55Z [143,437ms] [Info] [omni.hydra] Setting new rendering material for prim '/__Prototype_5288141205716021555/Looks/EmissiveBlue/Shader': usd::rtx_scope0::/__Prototype_5288141205716021555/Looks/EmissiveBlue/Shader::::OmniPBR::OmniPBR((21))
2026-06-20T14:10:55Z [143,438ms] [Info] [omni.hydra] Resolved MdlEntity function overload for prim '/__Prototype_5288141205716021555/Looks/PlasticBlack/Shader' as '::OmniPBR::OmniPBR.mdl'.
2026-06-20T14:10:55Z [143,438ms] [Info] [rtx.neuraylib.plugin] Stored MdlEntitySnapshot to DB: usd::rtx_scope0::/__Prototype_5288141205716021555/Looks/PlasticBlack/Shader::::OmniPBR::OmniPBR((22))
2026-06-20T14:10:55Z [143,438ms] [Info] [omni.usdMdl] MdlModuleRegistry::SubscribeModuleReloaded(1385719264942916404<OmniPBR><mdl>)
2026-06-20T14:10:55Z [143,438ms] [Info] [omni.hydra] Structural change on shade node '/__Prototype_5288141205716021555/Looks/PlasticBlack/Shader'. Initiating database and shader updates.
2026-06-20T14:10:55Z [143,438ms] [Info] [omni.hydra] Start creating rendering material for prim '/__Prototype_5288141205716021555/Looks/PlasticBlack/Shader': usd::rtx_scope0::/__Prototype_5288141205716021555/Looks/PlasticBlack/Shader::::OmniPBR::OmniPBR((22))
2026-06-20T14:10:55Z [143,439ms] [Info] [omni.hydra] Setting new rendering material for prim '/__Prototype_5288141205716021555/Looks/PlasticBlack/Shader': usd::rtx_scope0::/__Prototype_5288141205716021555/Looks/PlasticBlack/Shader::::OmniPBR::OmniPBR((22))
2026-06-20T14:10:55Z [143,439ms] [Info] [omni.hydra] Resolved MdlEntity function overload for prim '/__Prototype_5417931770746990313/Looks/EmissiveBlue/Shader' as '::OmniPBR::OmniPBR.mdl'.
2026-06-20T14:10:55Z [143,439ms] [Info] [rtx.neuraylib.plugin] Stored MdlEntitySnapshot to DB: usd::rtx_scope0::/__Prototype_5417931770746990313/Looks/EmissiveBlue/Shader::::OmniPBR::OmniPBR((23))
2026-06-20T14:10:55Z [143,439ms] [Info] [omni.usdMdl] MdlModuleRegistry::SubscribeModuleReloaded(1385719264942916404<OmniPBR><mdl>)
2026-06-20T14:10:55Z [143,439ms] [Info] [omni.hydra] Structural change on shade node '/__Prototype_5417931770746990313/Looks/EmissiveBlue/Shader'. Initiating database and shader updates.
2026-06-20T14:10:55Z [143,439ms] [Info] [omni.hydra] Start creating rendering material for prim '/__Prototype_5417931770746990313/Looks/EmissiveBlue/Shader': usd::rtx_scope0::/__Prototype_5417931770746990313/Looks/EmissiveBlue/Shader::::OmniPBR::OmniPBR((23))
2026-06-20T14:10:55Z [143,440ms] [Info] [omni.hydra] Setting new rendering material for prim '/__Prototype_5417931770746990313/Looks/EmissiveBlue/Shader': usd::rtx_scope0::/__Prototype_5417931770746990313/Looks/EmissiveBlue/Shader::::OmniPBR::OmniPBR((23))
2026-06-20T14:10:55Z [143,440ms] [Info] [omni.hydra] Resolved MdlEntity function overload for prim '/__Prototype_5417931770746990313/Looks/RubberLightGray/Shader' as '::OmniPBR::OmniPBR.mdl'.
2026-06-20T14:10:55Z [143,440ms] [Info] [rtx.neuraylib.plugin] Stored MdlEntitySnapshot to DB: usd::rtx_scope0::/__Prototype_5417931770746990313/Looks/RubberLightGray/Shader::::OmniPBR::OmniPBR((24))
2026-06-20T14:10:55Z [143,440ms] [Info] [omni.usdMdl] MdlModuleRegistry::SubscribeModuleReloaded(1385719264942916404<OmniPBR><mdl>)
2026-06-20T14:10:55Z [143,441ms] [Info] [omni.hydra] Structural change on shade node '/__Prototype_5417931770746990313/Looks/RubberLightGray/Shader'. Initiating database and shader updates.
2026-06-20T14:10:55Z [143,441ms] [Info] [omni.hydra] Start creating rendering material for prim '/__Prototype_5417931770746990313/Looks/RubberLightGray/Shader': usd::rtx_scope0::/__Prototype_5417931770746990313/Looks/RubberLightGray/Shader::::OmniPBR::OmniPBR((24))
2026-06-20T14:10:55Z [143,441ms] [Info] [omni.hydra] Setting new rendering material for prim '/__Prototype_5417931770746990313/Looks/RubberLightGray/Shader': usd::rtx_scope0::/__Prototype_5417931770746990313/Looks/RubberLightGray/Shader::::OmniPBR::OmniPBR((24))
2026-06-20T14:10:55Z [143,441ms] [Info] [omni.hydra] Resolved MdlEntity function overload for prim '/__Prototype_18263965167746407872/Looks/EmissiveBlue/Shader' as '::OmniPBR::OmniPBR.mdl'.
2026-06-20T14:10:55Z [143,441ms] [Info] [rtx.neuraylib.plugin] Stored MdlEntitySnapshot to DB: usd::rtx_scope0::/__Prototype_18263965167746407872/Looks/EmissiveBlue/Shader::::OmniPBR::OmniPBR((25))
2026-06-20T14:10:55Z [143,441ms] [Info] [omni.usdMdl] MdlModuleRegistry::SubscribeModuleReloaded(1385719264942916404<OmniPBR><mdl>)
2026-06-20T14:10:55Z [143,442ms] [Info] [omni.hydra] Structural change on shade node '/__Prototype_18263965167746407872/Looks/EmissiveBlue/Shader'. Initiating database and shader updates.
2026-06-20T14:10:55Z [143,442ms] [Info] [omni.hydra] Start creating rendering material for prim '/__Prototype_18263965167746407872/Looks/EmissiveBlue/Shader': usd::rtx_scope0::/__Prototype_18263965167746407872/Looks/EmissiveBlue/Shader::::OmniPBR::OmniPBR((25))
2026-06-20T14:10:55Z [143,442ms] [Info] [omni.hydra] Setting new rendering material for prim '/__Prototype_18263965167746407872/Looks/EmissiveBlue/Shader': usd::rtx_scope0::/__Prototype_18263965167746407872/Looks/EmissiveBlue/Shader::::OmniPBR::OmniPBR((25))
2026-06-20T14:10:55Z [143,443ms] [Info] [omni.hydra] Resolved MdlEntity function overload for prim '/__Prototype_1639404433645361550/Looks/AluminumRough/Shader' as '::OmniPBR::OmniPBR.mdl'.
2026-06-20T14:10:55Z [143,443ms] [Info] [rtx.neuraylib.plugin] Stored MdlEntitySnapshot to DB: usd::rtx_scope0::/__Prototype_1639404433645361550/Looks/AluminumRough/Shader::::OmniPBR::OmniPBR((26))
2026-06-20T14:10:55Z [143,443ms] [Info] [omni.usdMdl] MdlModuleRegistry::SubscribeModuleReloaded(1385719264942916404<OmniPBR><mdl>)
2026-06-20T14:10:55Z [143,443ms] [Info] [omni.hydra] Structural change on shade node '/__Prototype_1639404433645361550/Looks/AluminumRough/Shader'. Initiating database and shader updates.
2026-06-20T14:10:55Z [143,443ms] [Info] [omni.hydra] Start creating rendering material for prim '/__Prototype_1639404433645361550/Looks/AluminumRough/Shader': usd::rtx_scope0::/__Prototype_1639404433645361550/Looks/AluminumRough/Shader::::OmniPBR::OmniPBR((26))
2026-06-20T14:10:55Z [143,444ms] [Info] [omni.hydra] Setting new rendering material for prim '/__Prototype_1639404433645361550/Looks/AluminumRough/Shader': usd::rtx_scope0::/__Prototype_1639404433645361550/Looks/AluminumRough/Shader::::OmniPBR::OmniPBR((26))
2026-06-20T14:10:55Z [143,444ms] [Info] [omni.hydra] Resolved MdlEntity function overload for prim '/__Prototype_12495086293957741503/Looks/EmissiveBlue/Shader' as '::OmniPBR::OmniPBR.mdl'.
2026-06-20T14:10:55Z [143,444ms] [Info] [rtx.neuraylib.plugin] Stored MdlEntitySnapshot to DB: usd::rtx_scope0::/__Prototype_12495086293957741503/Looks/EmissiveBlue/Shader::::OmniPBR::OmniPBR((27))
2026-06-20T14:10:55Z [143,444ms] [Info] [omni.usdMdl] MdlModuleRegistry::SubscribeModuleReloaded(1385719264942916404<OmniPBR><mdl>)
2026-06-20T14:10:55Z [143,444ms] [Info] [omni.hydra] Structural change on shade node '/__Prototype_12495086293957741503/Looks/EmissiveBlue/Shader'. Initiating database and shader updates.
2026-06-20T14:10:55Z [143,444ms] [Info] [omni.hydra] Start creating rendering material for prim '/__Prototype_12495086293957741503/Looks/EmissiveBlue/Shader': usd::rtx_scope0::/__Prototype_12495086293957741503/Looks/EmissiveBlue/Shader::::OmniPBR::OmniPBR((27))
2026-06-20T14:10:55Z [143,445ms] [Info] [omni.hydra] Setting new rendering material for prim '/__Prototype_12495086293957741503/Looks/EmissiveBlue/Shader': usd::rtx_scope0::/__Prototype_12495086293957741503/Looks/EmissiveBlue/Shader::::OmniPBR::OmniPBR((27))
2026-06-20T14:10:55Z [143,445ms] [Info] [omni.hydra] Resolved MdlEntity function overload for prim '/__Prototype_8866471526631341610/Looks/AluminumRough/Shader' as '::OmniPBR::OmniPBR.mdl'.
2026-06-20T14:10:55Z [143,445ms] [Info] [rtx.neuraylib.plugin] Stored MdlEntitySnapshot to DB: usd::rtx_scope0::/__Prototype_8866471526631341610/Looks/AluminumRough/Shader::::OmniPBR::OmniPBR((28))
2026-06-20T14:10:55Z [143,445ms] [Info] [omni.usdMdl] MdlModuleRegistry::SubscribeModuleReloaded(1385719264942916404<OmniPBR><mdl>)
2026-06-20T14:10:55Z [143,446ms] [Info] [omni.hydra] Structural change on shade node '/__Prototype_8866471526631341610/Looks/AluminumRough/Shader'. Initiating database and shader updates.
2026-06-20T14:10:55Z [143,446ms] [Info] [omni.hydra] Start creating rendering material for prim '/__Prototype_8866471526631341610/Looks/AluminumRough/Shader': usd::rtx_scope0::/__Prototype_8866471526631341610/Looks/AluminumRough/Shader::::OmniPBR::OmniPBR((28))
2026-06-20T14:10:55Z [143,446ms] [Info] [omni.hydra] Setting new rendering material for prim '/__Prototype_8866471526631341610/Looks/AluminumRough/Shader': usd::rtx_scope0::/__Prototype_8866471526631341610/Looks/AluminumRough/Shader::::OmniPBR::OmniPBR((28))
2026-06-20T14:10:55Z [143,446ms] [Info] [omni.hydra] Resolved MdlEntity function overload for prim '/__Prototype_5417931770746990313/Looks/Aluminum/Shader' as '::OmniPBR::OmniPBR.mdl'.
2026-06-20T14:10:55Z [143,447ms] [Info] [rtx.neuraylib.plugin] Stored MdlEntitySnapshot to DB: usd::rtx_scope0::/__Prototype_5417931770746990313/Looks/Aluminum/Shader::::OmniPBR::OmniPBR((29))
2026-06-20T14:10:55Z [143,447ms] [Info] [omni.usdMdl] MdlModuleRegistry::SubscribeModuleReloaded(1385719264942916404<OmniPBR><mdl>)
2026-06-20T14:10:55Z [143,447ms] [Info] [omni.hydra] Structural change on shade node '/__Prototype_5417931770746990313/Looks/Aluminum/Shader'. Initiating database and shader updates.
2026-06-20T14:10:55Z [143,447ms] [Info] [omni.hydra] Start creating rendering material for prim '/__Prototype_5417931770746990313/Looks/Aluminum/Shader': usd::rtx_scope0::/__Prototype_5417931770746990313/Looks/Aluminum/Shader::::OmniPBR::OmniPBR((29))
2026-06-20T14:10:55Z [143,448ms] [Info] [omni.hydra] Setting new rendering material for prim '/__Prototype_5417931770746990313/Looks/Aluminum/Shader': usd::rtx_scope0::/__Prototype_5417931770746990313/Looks/Aluminum/Shader::::OmniPBR::OmniPBR((29))
2026-06-20T14:10:55Z [143,448ms] [Info] [omni.hydra] Resolved MdlEntity function overload for prim '/__Prototype_12495086293957741503/Looks/AluminumRough/Shader' as '::OmniPBR::OmniPBR.mdl'.
2026-06-20T14:10:55Z [143,448ms] [Info] [rtx.neuraylib.plugin] Stored MdlEntitySnapshot to DB: usd::rtx_scope0::/__Prototype_12495086293957741503/Looks/AluminumRough/Shader::::OmniPBR::OmniPBR((30))
2026-06-20T14:10:55Z [143,448ms] [Info] [omni.usdMdl] MdlModuleRegistry::SubscribeModuleReloaded(1385719264942916404<OmniPBR><mdl>)
2026-06-20T14:10:55Z [143,448ms] [Info] [omni.hydra] Structural change on shade node '/__Prototype_12495086293957741503/Looks/AluminumRough/Shader'. Initiating database and shader updates.
2026-06-20T14:10:55Z [143,448ms] [Info] [omni.hydra] Start creating rendering material for prim '/__Prototype_12495086293957741503/Looks/AluminumRough/Shader': usd::rtx_scope0::/__Prototype_12495086293957741503/Looks/AluminumRough/Shader::::OmniPBR::OmniPBR((30))
2026-06-20T14:10:55Z [143,449ms] [Info] [omni.hydra] Setting new rendering material for prim '/__Prototype_12495086293957741503/Looks/AluminumRough/Shader': usd::rtx_scope0::/__Prototype_12495086293957741503/Looks/AluminumRough/Shader::::OmniPBR::OmniPBR((30))
2026-06-20T14:10:55Z [143,449ms] [Info] [omni.hydra] Resolved MdlEntity function overload for prim '/__Prototype_8866471526631341610/Looks/Aluminum/Shader' as '::OmniPBR::OmniPBR.mdl'.
2026-06-20T14:10:55Z [143,449ms] [Info] [rtx.neuraylib.plugin] Stored MdlEntitySnapshot to DB: usd::rtx_scope0::/__Prototype_8866471526631341610/Looks/Aluminum/Shader::::OmniPBR::OmniPBR((31))
2026-06-20T14:10:55Z [143,449ms] [Info] [omni.usdMdl] MdlModuleRegistry::SubscribeModuleReloaded(1385719264942916404<OmniPBR><mdl>)
2026-06-20T14:10:55Z [143,449ms] [Info] [omni.hydra] Structural change on shade node '/__Prototype_8866471526631341610/Looks/Aluminum/Shader'. Initiating database and shader updates.
2026-06-20T14:10:55Z [143,449ms] [Info] [omni.hydra] Start creating rendering material for prim '/__Prototype_8866471526631341610/Looks/Aluminum/Shader': usd::rtx_scope0::/__Prototype_8866471526631341610/Looks/Aluminum/Shader::::OmniPBR::OmniPBR((31))
2026-06-20T14:10:55Z [143,450ms] [Info] [omni.hydra] Setting new rendering material for prim '/__Prototype_8866471526631341610/Looks/Aluminum/Shader': usd::rtx_scope0::/__Prototype_8866471526631341610/Looks/Aluminum/Shader::::OmniPBR::OmniPBR((31))
2026-06-20T14:10:55Z [143,450ms] [Info] [omni.hydra] Resolved MdlEntity function overload for prim '/__Prototype_12495086293957741503/Looks/PlasticBlack/Shader' as '::OmniPBR::OmniPBR.mdl'.
2026-06-20T14:10:55Z [143,450ms] [Info] [rtx.neuraylib.plugin] Stored MdlEntitySnapshot to DB: usd::rtx_scope0::/__Prototype_12495086293957741503/Looks/PlasticBlack/Shader::::OmniPBR::OmniPBR((32))
2026-06-20T14:10:55Z [143,450ms] [Info] [omni.usdMdl] MdlModuleRegistry::SubscribeModuleReloaded(1385719264942916404<OmniPBR><mdl>)
2026-06-20T14:10:55Z [143,451ms] [Info] [omni.hydra] Structural change on shade node '/__Prototype_12495086293957741503/Looks/PlasticBlack/Shader'. Initiating database and shader updates.
2026-06-20T14:10:55Z [143,451ms] [Info] [omni.hydra] Start creating rendering material for prim '/__Prototype_12495086293957741503/Looks/PlasticBlack/Shader': usd::rtx_scope0::/__Prototype_12495086293957741503/Looks/PlasticBlack/Shader::::OmniPBR::OmniPBR((32))
2026-06-20T14:10:55Z [143,451ms] [Info] [omni.hydra] Setting new rendering material for prim '/__Prototype_12495086293957741503/Looks/PlasticBlack/Shader': usd::rtx_scope0::/__Prototype_12495086293957741503/Looks/PlasticBlack/Shader::::OmniPBR::OmniPBR((32))
2026-06-20T14:10:55Z [143,451ms] [Info] [omni.hydra] Resolved MdlEntity function overload for prim '/__Prototype_4857502944779566417/Looks/PlasticGray/Shader' as '::OmniPBR::OmniPBR.mdl'.
2026-06-20T14:10:55Z [143,452ms] [Info] [rtx.neuraylib.plugin] Stored MdlEntitySnapshot to DB: usd::rtx_scope0::/__Prototype_4857502944779566417/Looks/PlasticGray/Shader::::OmniPBR::OmniPBR((33))
2026-06-20T14:10:55Z [143,452ms] [Info] [omni.usdMdl] MdlModuleRegistry::SubscribeModuleReloaded(1385719264942916404<OmniPBR><mdl>)
2026-06-20T14:10:55Z [143,452ms] [Info] [omni.hydra] Structural change on shade node '/__Prototype_4857502944779566417/Looks/PlasticGray/Shader'. Initiating database and shader updates.
2026-06-20T14:10:55Z [143,452ms] [Info] [omni.hydra] Start creating rendering material for prim '/__Prototype_4857502944779566417/Looks/PlasticGray/Shader': usd::rtx_scope0::/__Prototype_4857502944779566417/Looks/PlasticGray/Shader::::OmniPBR::OmniPBR((33))
2026-06-20T14:10:55Z [143,452ms] [Info] [omni.hydra] Setting new rendering material for prim '/__Prototype_4857502944779566417/Looks/PlasticGray/Shader': usd::rtx_scope0::/__Prototype_4857502944779566417/Looks/PlasticGray/Shader::::OmniPBR::OmniPBR((33))
2026-06-20T14:10:55Z [143,453ms] [Info] [omni.hydra] Resolved MdlEntity function overload for prim '/__Prototype_206413464770449272/Looks/PlasticGray/Shader' as '::OmniPBR::OmniPBR.mdl'.
2026-06-20T14:10:55Z [143,453ms] [Info] [rtx.neuraylib.plugin] Stored MdlEntitySnapshot to DB: usd::rtx_scope0::/__Prototype_206413464770449272/Looks/PlasticGray/Shader::::OmniPBR::OmniPBR((34))
2026-06-20T14:10:55Z [143,453ms] [Info] [omni.usdMdl] MdlModuleRegistry::SubscribeModuleReloaded(1385719264942916404<OmniPBR><mdl>)
2026-06-20T14:10:55Z [143,453ms] [Info] [omni.hydra] Structural change on shade node '/__Prototype_206413464770449272/Looks/PlasticGray/Shader'. Initiating database and shader updates.
2026-06-20T14:10:55Z [143,453ms] [Info] [omni.hydra] Start creating rendering material for prim '/__Prototype_206413464770449272/Looks/PlasticGray/Shader': usd::rtx_scope0::/__Prototype_206413464770449272/Looks/PlasticGray/Shader::::OmniPBR::OmniPBR((34))
2026-06-20T14:10:55Z [143,454ms] [Info] [omni.hydra] Setting new rendering material for prim '/__Prototype_206413464770449272/Looks/PlasticGray/Shader': usd::rtx_scope0::/__Prototype_206413464770449272/Looks/PlasticGray/Shader::::OmniPBR::OmniPBR((34))
2026-06-20T14:10:55Z [143,454ms] [Info] [omni.hydra] Resolved MdlEntity function overload for prim '/__Prototype_12495086293957741503/Looks/RubberLightGray/Shader' as '::OmniPBR::OmniPBR.mdl'.
2026-06-20T14:10:55Z [143,454ms] [Info] [rtx.neuraylib.plugin] Stored MdlEntitySnapshot to DB: usd::rtx_scope0::/__Prototype_12495086293957741503/Looks/RubberLightGray/Shader::::OmniPBR::OmniPBR((35))
2026-06-20T14:10:55Z [143,454ms] [Info] [omni.usdMdl] MdlModuleRegistry::SubscribeModuleReloaded(1385719264942916404<OmniPBR><mdl>)
2026-06-20T14:10:55Z [143,454ms] [Info] [omni.hydra] Structural change on shade node '/__Prototype_12495086293957741503/Looks/RubberLightGray/Shader'. Initiating database and shader updates.
2026-06-20T14:10:55Z [143,454ms] [Info] [omni.hydra] Start creating rendering material for prim '/__Prototype_12495086293957741503/Looks/RubberLightGray/Shader': usd::rtx_scope0::/__Prototype_12495086293957741503/Looks/RubberLightGray/Shader::::OmniPBR::OmniPBR((35))
2026-06-20T14:10:55Z [143,455ms] [Info] [omni.hydra] Setting new rendering material for prim '/__Prototype_12495086293957741503/Looks/RubberLightGray/Shader': usd::rtx_scope0::/__Prototype_12495086293957741503/Looks/RubberLightGray/Shader::::OmniPBR::OmniPBR((35))
2026-06-20T14:10:55Z [143,455ms] [Info] [omni.hydra] Resolved MdlEntity function overload for prim '/__Prototype_5417931770746990313/Looks/PlasticBlack/Shader' as '::OmniPBR::OmniPBR.mdl'.
2026-06-20T14:10:55Z [143,455ms] [Info] [rtx.neuraylib.plugin] Stored MdlEntitySnapshot to DB: usd::rtx_scope0::/__Prototype_5417931770746990313/Looks/PlasticBlack/Shader::::OmniPBR::OmniPBR((36))
2026-06-20T14:10:55Z [143,455ms] [Info] [omni.usdMdl] MdlModuleRegistry::SubscribeModuleReloaded(1385719264942916404<OmniPBR><mdl>)
2026-06-20T14:10:55Z [143,455ms] [Info] [omni.hydra] Structural change on shade node '/__Prototype_5417931770746990313/Looks/PlasticBlack/Shader'. Initiating database and shader updates.
2026-06-20T14:10:55Z [143,455ms] [Info] [omni.hydra] Start creating rendering material for prim '/__Prototype_5417931770746990313/Looks/PlasticBlack/Shader': usd::rtx_scope0::/__Prototype_5417931770746990313/Looks/PlasticBlack/Shader::::OmniPBR::OmniPBR((36))
2026-06-20T14:10:55Z [143,456ms] [Info] [omni.hydra] Setting new rendering material for prim '/__Prototype_5417931770746990313/Looks/PlasticBlack/Shader': usd::rtx_scope0::/__Prototype_5417931770746990313/Looks/PlasticBlack/Shader::::OmniPBR::OmniPBR((36))
2026-06-20T14:10:55Z [143,456ms] [Info] [omni.hydra] Resolved MdlEntity function overload for prim '/__Prototype_5288141205716021555/Looks/RubberGray/Shader' as '::OmniPBR::OmniPBR.mdl'.
2026-06-20T14:10:55Z [143,456ms] [Info] [rtx.neuraylib.plugin] Stored MdlEntitySnapshot to DB: usd::rtx_scope0::/__Prototype_5288141205716021555/Looks/RubberGray/Shader::::OmniPBR::OmniPBR((37))
2026-06-20T14:10:55Z [143,456ms] [Info] [omni.usdMdl] MdlModuleRegistry::SubscribeModuleReloaded(1385719264942916404<OmniPBR><mdl>)
2026-06-20T14:10:55Z [143,457ms] [Info] [omni.hydra] Structural change on shade node '/__Prototype_5288141205716021555/Looks/RubberGray/Shader'. Initiating database and shader updates.
2026-06-20T14:10:55Z [143,457ms] [Info] [omni.hydra] Start creating rendering material for prim '/__Prototype_5288141205716021555/Looks/RubberGray/Shader': usd::rtx_scope0::/__Prototype_5288141205716021555/Looks/RubberGray/Shader::::OmniPBR::OmniPBR((37))
2026-06-20T14:10:55Z [143,457ms] [Info] [omni.hydra] Setting new rendering material for prim '/__Prototype_5288141205716021555/Looks/RubberGray/Shader': usd::rtx_scope0::/__Prototype_5288141205716021555/Looks/RubberGray/Shader::::OmniPBR::OmniPBR((37))
2026-06-20T14:10:55Z [143,457ms] [Info] [omni.hydra] Resolved MdlEntity function overload for prim '/__Prototype_12495086293957741503/Looks/RubberWhite/Shader' as '::OmniPBR::OmniPBR.mdl'.
2026-06-20T14:10:55Z [143,458ms] [Info] [rtx.neuraylib.plugin] Stored MdlEntitySnapshot to DB: usd::rtx_scope0::/__Prototype_12495086293957741503/Looks/RubberWhite/Shader::::OmniPBR::OmniPBR((38))
2026-06-20T14:10:55Z [143,458ms] [Info] [omni.usdMdl] MdlModuleRegistry::SubscribeModuleReloaded(1385719264942916404<OmniPBR><mdl>)
2026-06-20T14:10:55Z [143,458ms] [Info] [omni.hydra] Structural change on shade node '/__Prototype_12495086293957741503/Looks/RubberWhite/Shader'. Initiating database and shader updates.
2026-06-20T14:10:55Z [143,458ms] [Info] [omni.hydra] Start creating rendering material for prim '/__Prototype_12495086293957741503/Looks/RubberWhite/Shader': usd::rtx_scope0::/__Prototype_12495086293957741503/Looks/RubberWhite/Shader::::OmniPBR::OmniPBR((38))
2026-06-20T14:10:55Z [143,459ms] [Info] [omni.hydra] Setting new rendering material for prim '/__Prototype_12495086293957741503/Looks/RubberWhite/Shader': usd::rtx_scope0::/__Prototype_12495086293957741503/Looks/RubberWhite/Shader::::OmniPBR::OmniPBR((38))
2026-06-20T14:10:55Z [143,459ms] [Info] [omni.hydra] Resolved MdlEntity function overload for prim '/__Prototype_5288141205716021555/Looks/RubberLightGray/Shader' as '::OmniPBR::OmniPBR.mdl'.
2026-06-20T14:10:55Z [143,459ms] [Info] [rtx.neuraylib.plugin] Stored MdlEntitySnapshot to DB: usd::rtx_scope0::/__Prototype_5288141205716021555/Looks/RubberLightGray/Shader::::OmniPBR::OmniPBR((39))
2026-06-20T14:10:55Z [143,459ms] [Info] [omni.usdMdl] MdlModuleRegistry::SubscribeModuleReloaded(1385719264942916404<OmniPBR><mdl>)
2026-06-20T14:10:55Z [143,459ms] [Info] [omni.hydra] Structural change on shade node '/__Prototype_5288141205716021555/Looks/RubberLightGray/Shader'. Initiating database and shader updates.
2026-06-20T14:10:55Z [143,459ms] [Info] [omni.hydra] Start creating rendering material for prim '/__Prototype_5288141205716021555/Looks/RubberLightGray/Shader': usd::rtx_scope0::/__Prototype_5288141205716021555/Looks/RubberLightGray/Shader::::OmniPBR::OmniPBR((39))
2026-06-20T14:10:55Z [143,460ms] [Info] [omni.hydra] Setting new rendering material for prim '/__Prototype_5288141205716021555/Looks/RubberLightGray/Shader': usd::rtx_scope0::/__Prototype_5288141205716021555/Looks/RubberLightGray/Shader::::OmniPBR::OmniPBR((39))
2026-06-20T14:10:55Z [143,460ms] [Info] [omni.hydra] Resolved MdlEntity function overload for prim '/__Prototype_15159519498633414852/Looks/RubberRed/Shader' as '::OmniPBR::OmniPBR.mdl'.
2026-06-20T14:10:55Z [143,460ms] [Info] [rtx.neuraylib.plugin] Stored MdlEntitySnapshot to DB: usd::rtx_scope0::/__Prototype_15159519498633414852/Looks/RubberRed/Shader::::OmniPBR::OmniPBR((40))
2026-06-20T14:10:55Z [143,460ms] [Info] [omni.usdMdl] MdlModuleRegistry::SubscribeModuleReloaded(1385719264942916404<OmniPBR><mdl>)
2026-06-20T14:10:55Z [143,460ms] [Info] [omni.hydra] Structural change on shade node '/__Prototype_15159519498633414852/Looks/RubberRed/Shader'. Initiating database and shader updates.
2026-06-20T14:10:55Z [143,460ms] [Info] [omni.hydra] Start creating rendering material for prim '/__Prototype_15159519498633414852/Looks/RubberRed/Shader': usd::rtx_scope0::/__Prototype_15159519498633414852/Looks/RubberRed/Shader::::OmniPBR::OmniPBR((40))
2026-06-20T14:10:55Z [143,461ms] [Info] [omni.hydra] Setting new rendering material for prim '/__Prototype_15159519498633414852/Looks/RubberRed/Shader': usd::rtx_scope0::/__Prototype_15159519498633414852/Looks/RubberRed/Shader::::OmniPBR::OmniPBR((40))
2026-06-20T14:10:55Z [143,461ms] [Info] [omni.hydra] Resolved MdlEntity function overload for prim '/__Prototype_12495086293957741503/Looks/PlasticGray/Shader' as '::OmniPBR::OmniPBR.mdl'.
2026-06-20T14:10:55Z [143,461ms] [Info] [rtx.neuraylib.plugin] Stored MdlEntitySnapshot to DB: usd::rtx_scope0::/__Prototype_12495086293957741503/Looks/PlasticGray/Shader::::OmniPBR::OmniPBR((41))
2026-06-20T14:10:55Z [143,461ms] [Info] [omni.usdMdl] MdlModuleRegistry::SubscribeModuleReloaded(1385719264942916404<OmniPBR><mdl>)
2026-06-20T14:10:55Z [143,462ms] [Info] [omni.hydra] Structural change on shade node '/__Prototype_12495086293957741503/Looks/PlasticGray/Shader'. Initiating database and shader updates.
2026-06-20T14:10:55Z [143,462ms] [Info] [omni.hydra] Start creating rendering material for prim '/__Prototype_12495086293957741503/Looks/PlasticGray/Shader': usd::rtx_scope0::/__Prototype_12495086293957741503/Looks/PlasticGray/Shader::::OmniPBR::OmniPBR((41))
2026-06-20T14:10:55Z [143,462ms] [Info] [omni.hydra] Setting new rendering material for prim '/__Prototype_12495086293957741503/Looks/PlasticGray/Shader': usd::rtx_scope0::/__Prototype_12495086293957741503/Looks/PlasticGray/Shader::::OmniPBR::OmniPBR((41))
2026-06-20T14:10:55Z [143,463ms] [Info] [omni.hydra] Resolved MdlEntity function overload for prim '/__Prototype_5417931770746990313/Looks/rubber_cable/Shader' as '::OmniPBR::OmniPBR.mdl'.
2026-06-20T14:10:55Z [143,463ms] [Info] [rtx.neuraylib.plugin] Stored MdlEntitySnapshot to DB: usd::rtx_scope0::/__Prototype_5417931770746990313/Looks/rubber_cable/Shader::::OmniPBR::OmniPBR((42))
2026-06-20T14:10:55Z [143,463ms] [Info] [omni.usdMdl] MdlModuleRegistry::SubscribeModuleReloaded(1385719264942916404<OmniPBR><mdl>)
2026-06-20T14:10:55Z [143,463ms] [Info] [omni.hydra] Structural change on shade node '/__Prototype_5417931770746990313/Looks/rubber_cable/Shader'. Initiating database and shader updates.
2026-06-20T14:10:55Z [143,463ms] [Info] [omni.hydra] Start creating rendering material for prim '/__Prototype_5417931770746990313/Looks/rubber_cable/Shader': usd::rtx_scope0::/__Prototype_5417931770746990313/Looks/rubber_cable/Shader::::OmniPBR::OmniPBR((42))
2026-06-20T14:10:55Z [143,464ms] [Info] [omni.hydra] Setting new rendering material for prim '/__Prototype_5417931770746990313/Looks/rubber_cable/Shader': usd::rtx_scope0::/__Prototype_5417931770746990313/Looks/rubber_cable/Shader::::OmniPBR::OmniPBR((42))
2026-06-20T14:10:55Z [143,464ms] [Info] [omni.hydra] Resolved MdlEntity function overload for prim '/__Prototype_11141905192441409142/Looks/PlasticBlack/Shader' as '::OmniPBR::OmniPBR.mdl'.
2026-06-20T14:10:55Z [143,464ms] [Info] [rtx.neuraylib.plugin] Stored MdlEntitySnapshot to DB: usd::rtx_scope0::/__Prototype_11141905192441409142/Looks/PlasticBlack/Shader::::OmniPBR::OmniPBR((43))
2026-06-20T14:10:55Z [143,464ms] [Info] [omni.usdMdl] MdlModuleRegistry::SubscribeModuleReloaded(1385719264942916404<OmniPBR><mdl>)
2026-06-20T14:10:55Z [143,464ms] [Info] [omni.hydra] Structural change on shade node '/__Prototype_11141905192441409142/Looks/PlasticBlack/Shader'. Initiating database and shader updates.
2026-06-20T14:10:55Z [143,464ms] [Info] [omni.hydra] Start creating rendering material for prim '/__Prototype_11141905192441409142/Looks/PlasticBlack/Shader': usd::rtx_scope0::/__Prototype_11141905192441409142/Looks/PlasticBlack/Shader::::OmniPBR::OmniPBR((43))
2026-06-20T14:10:55Z [143,465ms] [Info] [omni.hydra] Setting new rendering material for prim '/__Prototype_11141905192441409142/Looks/PlasticBlack/Shader': usd::rtx_scope0::/__Prototype_11141905192441409142/Looks/PlasticBlack/Shader::::OmniPBR::OmniPBR((43))
2026-06-20T14:10:55Z [143,465ms] [Info] [omni.hydra] Resolved MdlEntity function overload for prim '/__Prototype_1639404433645361550/Looks/EmissiveBlue/Shader' as '::OmniPBR::OmniPBR.mdl'.
2026-06-20T14:10:55Z [143,465ms] [Info] [rtx.neuraylib.plugin] Stored MdlEntitySnapshot to DB: usd::rtx_scope0::/__Prototype_1639404433645361550/Looks/EmissiveBlue/Shader::::OmniPBR::OmniPBR((44))
2026-06-20T14:10:55Z [143,465ms] [Info] [omni.usdMdl] MdlModuleRegistry::SubscribeModuleReloaded(1385719264942916404<OmniPBR><mdl>)
2026-06-20T14:10:55Z [143,466ms] [Info] [omni.hydra] Structural change on shade node '/__Prototype_1639404433645361550/Looks/EmissiveBlue/Shader'. Initiating database and shader updates.
2026-06-20T14:10:55Z [143,466ms] [Info] [omni.hydra] Start creating rendering material for prim '/__Prototype_1639404433645361550/Looks/EmissiveBlue/Shader': usd::rtx_scope0::/__Prototype_1639404433645361550/Looks/EmissiveBlue/Shader::::OmniPBR::OmniPBR((44))
2026-06-20T14:10:55Z [143,466ms] [Info] [omni.hydra] Setting new rendering material for prim '/__Prototype_1639404433645361550/Looks/EmissiveBlue/Shader': usd::rtx_scope0::/__Prototype_1639404433645361550/Looks/EmissiveBlue/Shader::::OmniPBR::OmniPBR((44))
2026-06-20T14:10:55Z [143,466ms] [Info] [omni.hydra] Resolved MdlEntity function overload for prim '/__Prototype_5288141205716021555/Looks/RubberWhite/Shader' as '::OmniPBR::OmniPBR.mdl'.
2026-06-20T14:10:55Z [143,466ms] [Info] [rtx.neuraylib.plugin] Stored MdlEntitySnapshot to DB: usd::rtx_scope0::/__Prototype_5288141205716021555/Looks/RubberWhite/Shader::::OmniPBR::OmniPBR((45))
2026-06-20T14:10:55Z [143,466ms] [Info] [omni.usdMdl] MdlModuleRegistry::SubscribeModuleReloaded(1385719264942916404<OmniPBR><mdl>)
2026-06-20T14:10:55Z [143,467ms] [Info] [omni.hydra] Structural change on shade node '/__Prototype_5288141205716021555/Looks/RubberWhite/Shader'. Initiating database and shader updates.
2026-06-20T14:10:55Z [143,467ms] [Info] [omni.hydra] Start creating rendering material for prim '/__Prototype_5288141205716021555/Looks/RubberWhite/Shader': usd::rtx_scope0::/__Prototype_5288141205716021555/Looks/RubberWhite/Shader::::OmniPBR::OmniPBR((45))
2026-06-20T14:10:55Z [143,467ms] [Info] [omni.hydra] Setting new rendering material for prim '/__Prototype_5288141205716021555/Looks/RubberWhite/Shader': usd::rtx_scope0::/__Prototype_5288141205716021555/Looks/RubberWhite/Shader::::OmniPBR::OmniPBR((45))
2026-06-20T14:10:55Z [143,467ms] [Info] [omni.hydra] Resolved MdlEntity function overload for prim '/__Prototype_206413464770449272/Looks/RubberRed/Shader' as '::OmniPBR::OmniPBR.mdl'.
2026-06-20T14:10:55Z [143,468ms] [Info] [rtx.neuraylib.plugin] Stored MdlEntitySnapshot to DB: usd::rtx_scope0::/__Prototype_206413464770449272/Looks/RubberRed/Shader::::OmniPBR::OmniPBR((46))
2026-06-20T14:10:55Z [143,468ms] [Info] [omni.usdMdl] MdlModuleRegistry::SubscribeModuleReloaded(1385719264942916404<OmniPBR><mdl>)
2026-06-20T14:10:55Z [143,468ms] [Info] [omni.hydra] Structural change on shade node '/__Prototype_206413464770449272/Looks/RubberRed/Shader'. Initiating database and shader updates.
2026-06-20T14:10:55Z [143,468ms] [Info] [omni.hydra] Start creating rendering material for prim '/__Prototype_206413464770449272/Looks/RubberRed/Shader': usd::rtx_scope0::/__Prototype_206413464770449272/Looks/RubberRed/Shader::::OmniPBR::OmniPBR((46))
2026-06-20T14:10:55Z [143,468ms] [Info] [omni.hydra] Setting new rendering material for prim '/__Prototype_206413464770449272/Looks/RubberRed/Shader': usd::rtx_scope0::/__Prototype_206413464770449272/Looks/RubberRed/Shader::::OmniPBR::OmniPBR((46))
2026-06-20T14:10:55Z [143,469ms] [Info] [omni.hydra] Resolved MdlEntity function overload for prim '/__Prototype_15159519498633414852/Looks/RubberGreen/Shader' as '::OmniPBR::OmniPBR.mdl'.
2026-06-20T14:10:55Z [143,469ms] [Info] [rtx.neuraylib.plugin] Stored MdlEntitySnapshot to DB: usd::rtx_scope0::/__Prototype_15159519498633414852/Looks/RubberGreen/Shader::::OmniPBR::OmniPBR((47))
2026-06-20T14:10:55Z [143,469ms] [Info] [omni.usdMdl] MdlModuleRegistry::SubscribeModuleReloaded(1385719264942916404<OmniPBR><mdl>)
2026-06-20T14:10:55Z [143,469ms] [Info] [omni.hydra] Structural change on shade node '/__Prototype_15159519498633414852/Looks/RubberGreen/Shader'. Initiating database and shader updates.
2026-06-20T14:10:55Z [143,469ms] [Info] [omni.hydra] Start creating rendering material for prim '/__Prototype_15159519498633414852/Looks/RubberGreen/Shader': usd::rtx_scope0::/__Prototype_15159519498633414852/Looks/RubberGreen/Shader::::OmniPBR::OmniPBR((47))
2026-06-20T14:10:55Z [143,470ms] [Info] [omni.hydra] Setting new rendering material for prim '/__Prototype_15159519498633414852/Looks/RubberGreen/Shader': usd::rtx_scope0::/__Prototype_15159519498633414852/Looks/RubberGreen/Shader::::OmniPBR::OmniPBR((47))
2026-06-20T14:10:55Z [143,470ms] [Info] [omni.hydra] Resolved MdlEntity function overload for prim '/__Prototype_4857502944779566417/Looks/RubberWhite/Shader' as '::OmniPBR::OmniPBR.mdl'.
2026-06-20T14:10:55Z [143,470ms] [Info] [rtx.neuraylib.plugin] Stored MdlEntitySnapshot to DB: usd::rtx_scope0::/__Prototype_4857502944779566417/Looks/RubberWhite/Shader::::OmniPBR::OmniPBR((48))
2026-06-20T14:10:55Z [143,470ms] [Info] [omni.usdMdl] MdlModuleRegistry::SubscribeModuleReloaded(1385719264942916404<OmniPBR><mdl>)
2026-06-20T14:10:55Z [143,470ms] [Info] [omni.hydra] Structural change on shade node '/__Prototype_4857502944779566417/Looks/RubberWhite/Shader'. Initiating database and shader updates.
2026-06-20T14:10:55Z [143,470ms] [Info] [omni.hydra] Start creating rendering material for prim '/__Prototype_4857502944779566417/Looks/RubberWhite/Shader': usd::rtx_scope0::/__Prototype_4857502944779566417/Looks/RubberWhite/Shader::::OmniPBR::OmniPBR((48))
2026-06-20T14:10:55Z [143,471ms] [Info] [omni.hydra] Setting new rendering material for prim '/__Prototype_4857502944779566417/Looks/RubberWhite/Shader': usd::rtx_scope0::/__Prototype_4857502944779566417/Looks/RubberWhite/Shader::::OmniPBR::OmniPBR((48))
2026-06-20T14:10:55Z [143,471ms] [Info] [omni.hydra] Resolved MdlEntity function overload for prim '/__Prototype_15159519498633414852/Looks/AluminumRough/Shader' as '::OmniPBR::OmniPBR.mdl'.
2026-06-20T14:10:55Z [143,471ms] [Info] [rtx.neuraylib.plugin] Stored MdlEntitySnapshot to DB: usd::rtx_scope0::/__Prototype_15159519498633414852/Looks/AluminumRough/Shader::::OmniPBR::OmniPBR((49))
2026-06-20T14:10:55Z [143,471ms] [Info] [omni.usdMdl] MdlModuleRegistry::SubscribeModuleReloaded(1385719264942916404<OmniPBR><mdl>)
2026-06-20T14:10:55Z [143,471ms] [Info] [omni.hydra] Structural change on shade node '/__Prototype_15159519498633414852/Looks/AluminumRough/Shader'. Initiating database and shader updates.
2026-06-20T14:10:55Z [143,471ms] [Info] [omni.hydra] Start creating rendering material for prim '/__Prototype_15159519498633414852/Looks/AluminumRough/Shader': usd::rtx_scope0::/__Prototype_15159519498633414852/Looks/AluminumRough/Shader::::OmniPBR::OmniPBR((49))
2026-06-20T14:10:55Z [143,472ms] [Info] [omni.hydra] Setting new rendering material for prim '/__Prototype_15159519498633414852/Looks/AluminumRough/Shader': usd::rtx_scope0::/__Prototype_15159519498633414852/Looks/AluminumRough/Shader::::OmniPBR::OmniPBR((49))
2026-06-20T14:10:55Z [143,472ms] [Info] [omni.hydra] Resolved MdlEntity function overload for prim '/__Prototype_1639404433645361550/Looks/RubberWhite/Shader' as '::OmniPBR::OmniPBR.mdl'.
2026-06-20T14:10:55Z [143,472ms] [Info] [rtx.neuraylib.plugin] Stored MdlEntitySnapshot to DB: usd::rtx_scope0::/__Prototype_1639404433645361550/Looks/RubberWhite/Shader::::OmniPBR::OmniPBR((50))
2026-06-20T14:10:55Z [143,472ms] [Info] [omni.usdMdl] MdlModuleRegistry::SubscribeModuleReloaded(1385719264942916404<OmniPBR><mdl>)
2026-06-20T14:10:55Z [143,473ms] [Info] [omni.hydra] Structural change on shade node '/__Prototype_1639404433645361550/Looks/RubberWhite/Shader'. Initiating database and shader updates.
2026-06-20T14:10:55Z [143,473ms] [Info] [omni.hydra] Start creating rendering material for prim '/__Prototype_1639404433645361550/Looks/RubberWhite/Shader': usd::rtx_scope0::/__Prototype_1639404433645361550/Looks/RubberWhite/Shader::::OmniPBR::OmniPBR((50))
2026-06-20T14:10:55Z [143,473ms] [Info] [omni.hydra] Setting new rendering material for prim '/__Prototype_1639404433645361550/Looks/RubberWhite/Shader': usd::rtx_scope0::/__Prototype_1639404433645361550/Looks/RubberWhite/Shader::::OmniPBR::OmniPBR((50))
2026-06-20T14:10:55Z [143,473ms] [Info] [omni.hydra] Resolved MdlEntity function overload for prim '/__Fabric_StageInfo/MaterialPool/mat_ee15977d/Shader' as '::OmniPBR::OmniPBR.mdl'.
2026-06-20T14:10:55Z [143,474ms] [Info] [rtx.neuraylib.plugin] Stored MdlEntitySnapshot to DB: usd::rtx_scope0::/__Fabric_StageInfo/MaterialPool/mat_ee15977d/Shader::::OmniPBR::OmniPBR((51))
2026-06-20T14:10:55Z [143,474ms] [Info] [omni.usdMdl] MdlModuleRegistry::SubscribeModuleReloaded(1385719264942916404<OmniPBR><mdl>)
2026-06-20T14:10:55Z [143,474ms] [Info] [omni.hydra] Structural change on shade node '/__Fabric_StageInfo/MaterialPool/mat_ee15977d/Shader'. Initiating database and shader updates.
2026-06-20T14:10:55Z [143,474ms] [Info] [omni.hydra] Start creating rendering material for prim '/__Fabric_StageInfo/MaterialPool/mat_ee15977d/Shader': usd::rtx_scope0::/__Fabric_StageInfo/MaterialPool/mat_ee15977d/Shader::::OmniPBR::OmniPBR((51))
2026-06-20T14:10:55Z [143,475ms] [Info] [omni.hydra] Setting new rendering material for prim '/__Fabric_StageInfo/MaterialPool/mat_ee15977d/Shader': usd::rtx_scope0::/__Fabric_StageInfo/MaterialPool/mat_ee15977d/Shader::::OmniPBR::OmniPBR((51))
2026-06-20T14:10:55Z [143,475ms] [Info] [omni.hydra] Resolved MdlEntity function overload for prim '/__Prototype_4857502944779566417/Looks/RubberRed/Shader' as '::OmniPBR::OmniPBR.mdl'.
2026-06-20T14:10:55Z [143,475ms] [Info] [rtx.neuraylib.plugin] Stored MdlEntitySnapshot to DB: usd::rtx_scope0::/__Prototype_4857502944779566417/Looks/RubberRed/Shader::::OmniPBR::OmniPBR((52))
2026-06-20T14:10:55Z [143,475ms] [Info] [omni.usdMdl] MdlModuleRegistry::SubscribeModuleReloaded(1385719264942916404<OmniPBR><mdl>)
2026-06-20T14:10:55Z [143,475ms] [Info] [omni.hydra] Structural change on shade node '/__Prototype_4857502944779566417/Looks/RubberRed/Shader'. Initiating database and shader updates.
2026-06-20T14:10:55Z [143,475ms] [Info] [omni.hydra] Start creating rendering material for prim '/__Prototype_4857502944779566417/Looks/RubberRed/Shader': usd::rtx_scope0::/__Prototype_4857502944779566417/Looks/RubberRed/Shader::::OmniPBR::OmniPBR((52))
2026-06-20T14:10:55Z [143,476ms] [Info] [omni.hydra] Setting new rendering material for prim '/__Prototype_4857502944779566417/Looks/RubberRed/Shader': usd::rtx_scope0::/__Prototype_4857502944779566417/Looks/RubberRed/Shader::::OmniPBR::OmniPBR((52))
2026-06-20T14:10:55Z [143,476ms] [Info] [omni.hydra] Resolved MdlEntity function overload for prim '/__Prototype_67592052575106092/Looks/PlasticBlack/Shader' as '::OmniPBR::OmniPBR.mdl'.
2026-06-20T14:10:55Z [143,476ms] [Info] [rtx.neuraylib.plugin] Stored MdlEntitySnapshot to DB: usd::rtx_scope0::/__Prototype_67592052575106092/Looks/PlasticBlack/Shader::::OmniPBR::OmniPBR((53))
2026-06-20T14:10:55Z [143,476ms] [Info] [omni.usdMdl] MdlModuleRegistry::SubscribeModuleReloaded(1385719264942916404<OmniPBR><mdl>)
2026-06-20T14:10:55Z [143,476ms] [Info] [omni.hydra] Structural change on shade node '/__Prototype_67592052575106092/Looks/PlasticBlack/Shader'. Initiating database and shader updates.
2026-06-20T14:10:55Z [143,476ms] [Info] [omni.hydra] Start creating rendering material for prim '/__Prototype_67592052575106092/Looks/PlasticBlack/Shader': usd::rtx_scope0::/__Prototype_67592052575106092/Looks/PlasticBlack/Shader::::OmniPBR::OmniPBR((53))
2026-06-20T14:10:55Z [143,477ms] [Info] [omni.hydra] Setting new rendering material for prim '/__Prototype_67592052575106092/Looks/PlasticBlack/Shader': usd::rtx_scope0::/__Prototype_67592052575106092/Looks/PlasticBlack/Shader::::OmniPBR::OmniPBR((53))
2026-06-20T14:10:55Z [143,477ms] [Info] [omni.hydra] Resolved MdlEntity function overload for prim '/__Prototype_5417931770746990313/Looks/RubberGray/Shader' as '::OmniPBR::OmniPBR.mdl'.
2026-06-20T14:10:55Z [143,477ms] [Info] [rtx.neuraylib.plugin] Stored MdlEntitySnapshot to DB: usd::rtx_scope0::/__Prototype_5417931770746990313/Looks/RubberGray/Shader::::OmniPBR::OmniPBR((54))
2026-06-20T14:10:55Z [143,477ms] [Info] [omni.usdMdl] MdlModuleRegistry::SubscribeModuleReloaded(1385719264942916404<OmniPBR><mdl>)
2026-06-20T14:10:55Z [143,478ms] [Info] [omni.hydra] Structural change on shade node '/__Prototype_5417931770746990313/Looks/RubberGray/Shader'. Initiating database and shader updates.
2026-06-20T14:10:55Z [143,478ms] [Info] [omni.hydra] Start creating rendering material for prim '/__Prototype_5417931770746990313/Looks/RubberGray/Shader': usd::rtx_scope0::/__Prototype_5417931770746990313/Looks/RubberGray/Shader::::OmniPBR::OmniPBR((54))
2026-06-20T14:10:55Z [143,478ms] [Info] [omni.hydra] Setting new rendering material for prim '/__Prototype_5417931770746990313/Looks/RubberGray/Shader': usd::rtx_scope0::/__Prototype_5417931770746990313/Looks/RubberGray/Shader::::OmniPBR::OmniPBR((54))
2026-06-20T14:10:55Z [143,478ms] [Info] [omni.hydra] Resolved MdlEntity function overload for prim '/__Prototype_4857502944779566417/Looks/rubber_cable/Shader' as '::OmniPBR::OmniPBR.mdl'.
2026-06-20T14:10:55Z [143,479ms] [Info] [rtx.neuraylib.plugin] Stored MdlEntitySnapshot to DB: usd::rtx_scope0::/__Prototype_4857502944779566417/Looks/rubber_cable/Shader::::OmniPBR::OmniPBR((55))
2026-06-20T14:10:55Z [143,479ms] [Info] [omni.usdMdl] MdlModuleRegistry::SubscribeModuleReloaded(1385719264942916404<OmniPBR><mdl>)
2026-06-20T14:10:55Z [143,479ms] [Info] [omni.hydra] Structural change on shade node '/__Prototype_4857502944779566417/Looks/rubber_cable/Shader'. Initiating database and shader updates.
2026-06-20T14:10:55Z [143,479ms] [Info] [omni.hydra] Start creating rendering material for prim '/__Prototype_4857502944779566417/Looks/rubber_cable/Shader': usd::rtx_scope0::/__Prototype_4857502944779566417/Looks/rubber_cable/Shader::::OmniPBR::OmniPBR((55))
2026-06-20T14:10:55Z [143,479ms] [Info] [omni.hydra] Setting new rendering material for prim '/__Prototype_4857502944779566417/Looks/rubber_cable/Shader': usd::rtx_scope0::/__Prototype_4857502944779566417/Looks/rubber_cable/Shader::::OmniPBR::OmniPBR((55))
2026-06-20T14:10:55Z [143,480ms] [Info] [omni.hydra] Resolved MdlEntity function overload for prim '/__Prototype_18263965167746407872/Looks/AluminumRough/Shader' as '::OmniPBR::OmniPBR.mdl'.
2026-06-20T14:10:55Z [143,480ms] [Info] [rtx.neuraylib.plugin] Stored MdlEntitySnapshot to DB: usd::rtx_scope0::/__Prototype_18263965167746407872/Looks/AluminumRough/Shader::::OmniPBR::OmniPBR((56))
2026-06-20T14:10:55Z [143,480ms] [Info] [omni.usdMdl] MdlModuleRegistry::SubscribeModuleReloaded(1385719264942916404<OmniPBR><mdl>)
2026-06-20T14:10:55Z [143,480ms] [Info] [omni.hydra] Structural change on shade node '/__Prototype_18263965167746407872/Looks/AluminumRough/Shader'. Initiating database and shader updates.
2026-06-20T14:10:55Z [143,480ms] [Info] [omni.hydra] Start creating rendering material for prim '/__Prototype_18263965167746407872/Looks/AluminumRough/Shader': usd::rtx_scope0::/__Prototype_18263965167746407872/Looks/AluminumRough/Shader::::OmniPBR::OmniPBR((56))
2026-06-20T14:10:55Z [143,481ms] [Info] [omni.hydra] Setting new rendering material for prim '/__Prototype_18263965167746407872/Looks/AluminumRough/Shader': usd::rtx_scope0::/__Prototype_18263965167746407872/Looks/AluminumRough/Shader::::OmniPBR::OmniPBR((56))
2026-06-20T14:10:55Z [143,481ms] [Info] [omni.hydra] Resolved MdlEntity function overload for prim '/__Prototype_15159519498633414852/Looks/RubberGray/Shader' as '::OmniPBR::OmniPBR.mdl'.
2026-06-20T14:10:55Z [143,481ms] [Info] [rtx.neuraylib.plugin] Stored MdlEntitySnapshot to DB: usd::rtx_scope0::/__Prototype_15159519498633414852/Looks/RubberGray/Shader::::OmniPBR::OmniPBR((57))
2026-06-20T14:10:55Z [143,481ms] [Info] [omni.usdMdl] MdlModuleRegistry::SubscribeModuleReloaded(1385719264942916404<OmniPBR><mdl>)
2026-06-20T14:10:55Z [143,481ms] [Info] [omni.hydra] Structural change on shade node '/__Prototype_15159519498633414852/Looks/RubberGray/Shader'. Initiating database and shader updates.
2026-06-20T14:10:55Z [143,481ms] [Info] [omni.hydra] Start creating rendering material for prim '/__Prototype_15159519498633414852/Looks/RubberGray/Shader': usd::rtx_scope0::/__Prototype_15159519498633414852/Looks/RubberGray/Shader::::OmniPBR::OmniPBR((57))
2026-06-20T14:10:55Z [143,482ms] [Info] [omni.hydra] Setting new rendering material for prim '/__Prototype_15159519498633414852/Looks/RubberGray/Shader': usd::rtx_scope0::/__Prototype_15159519498633414852/Looks/RubberGray/Shader::::OmniPBR::OmniPBR((57))
2026-06-20T14:10:55Z [143,482ms] [Info] [omni.usd] Status: in _OpenAsset at line 360 of /builds/omniverse/usd-resolver/source/library/OmniUsdResolver_Ar2.cpp -- OmniUsdResolver: Opening filesystem asset '/isaac-sim/extscache/omni.usd.libs-1.0.1+69cbf6ad.lx64.r.cp311/bin/usd/usdShaders/resources/shaders/shaderDefs.usda' for read

2026-06-20T14:10:55Z [143,484ms] [Info] [omni.hydra] Resolved MdlEntity function overload for prim '/__Prototype_67592052575106092/Looks/rubber_cable/Shader' as '::OmniPBR::OmniPBR.mdl'.
2026-06-20T14:10:55Z [143,484ms] [Info] [rtx.neuraylib.plugin] Stored MdlEntitySnapshot to DB: usd::rtx_scope0::/__Prototype_67592052575106092/Looks/rubber_cable/Shader::::OmniPBR::OmniPBR((58))
2026-06-20T14:10:55Z [143,484ms] [Info] [omni.usdMdl] MdlModuleRegistry::SubscribeModuleReloaded(1385719264942916404<OmniPBR><mdl>)
2026-06-20T14:10:55Z [143,485ms] [Info] [omni.hydra] Structural change on shade node '/__Prototype_67592052575106092/Looks/rubber_cable/Shader'. Initiating database and shader updates.
2026-06-20T14:10:55Z [143,485ms] [Info] [omni.hydra] Start creating rendering material for prim '/__Prototype_67592052575106092/Looks/rubber_cable/Shader': usd::rtx_scope0::/__Prototype_67592052575106092/Looks/rubber_cable/Shader::::OmniPBR::OmniPBR((58))
2026-06-20T14:10:55Z [143,485ms] [Info] [omni.hydra] Setting new rendering material for prim '/__Prototype_67592052575106092/Looks/rubber_cable/Shader': usd::rtx_scope0::/__Prototype_67592052575106092/Looks/rubber_cable/Shader::::OmniPBR::OmniPBR((58))
2026-06-20T14:10:55Z [143,485ms] [Info] [omni.hydra] Resolved MdlEntity function overload for prim '/__Prototype_8866471526631341610/Looks/EmissiveBlue/Shader' as '::OmniPBR::OmniPBR.mdl'.
2026-06-20T14:10:55Z [143,486ms] [Info] [rtx.neuraylib.plugin] Stored MdlEntitySnapshot to DB: usd::rtx_scope0::/__Prototype_8866471526631341610/Looks/EmissiveBlue/Shader::::OmniPBR::OmniPBR((59))
2026-06-20T14:10:55Z [143,486ms] [Info] [omni.usdMdl] MdlModuleRegistry::SubscribeModuleReloaded(1385719264942916404<OmniPBR><mdl>)
2026-06-20T14:10:55Z [143,486ms] [Info] [omni.hydra] Structural change on shade node '/__Prototype_8866471526631341610/Looks/EmissiveBlue/Shader'. Initiating database and shader updates.
2026-06-20T14:10:55Z [143,486ms] [Info] [omni.hydra] Start creating rendering material for prim '/__Prototype_8866471526631341610/Looks/EmissiveBlue/Shader': usd::rtx_scope0::/__Prototype_8866471526631341610/Looks/EmissiveBlue/Shader::::OmniPBR::OmniPBR((59))
2026-06-20T14:10:55Z [143,487ms] [Info] [omni.hydra] Setting new rendering material for prim '/__Prototype_8866471526631341610/Looks/EmissiveBlue/Shader': usd::rtx_scope0::/__Prototype_8866471526631341610/Looks/EmissiveBlue/Shader::::OmniPBR::OmniPBR((59))
2026-06-20T14:10:55Z [143,487ms] [Info] [omni.hydra] Resolved MdlEntity function overload for prim '/__Prototype_11141905192441409142/Looks/RubberLightGray/Shader' as '::OmniPBR::OmniPBR.mdl'.
2026-06-20T14:10:55Z [143,487ms] [Info] [rtx.neuraylib.plugin] Stored MdlEntitySnapshot to DB: usd::rtx_scope0::/__Prototype_11141905192441409142/Looks/RubberLightGray/Shader::::OmniPBR::OmniPBR((60))
2026-06-20T14:10:55Z [143,487ms] [Info] [omni.usdMdl] MdlModuleRegistry::SubscribeModuleReloaded(1385719264942916404<OmniPBR><mdl>)
2026-06-20T14:10:55Z [143,487ms] [Info] [omni.hydra] Structural change on shade node '/__Prototype_11141905192441409142/Looks/RubberLightGray/Shader'. Initiating database and shader updates.
2026-06-20T14:10:55Z [143,487ms] [Info] [omni.hydra] Start creating rendering material for prim '/__Prototype_11141905192441409142/Looks/RubberLightGray/Shader': usd::rtx_scope0::/__Prototype_11141905192441409142/Looks/RubberLightGray/Shader::::OmniPBR::OmniPBR((60))
2026-06-20T14:10:55Z [143,488ms] [Info] [omni.hydra] Setting new rendering material for prim '/__Prototype_11141905192441409142/Looks/RubberLightGray/Shader': usd::rtx_scope0::/__Prototype_11141905192441409142/Looks/RubberLightGray/Shader::::OmniPBR::OmniPBR((60))
2026-06-20T14:10:55Z [143,488ms] [Info] [omni.hydra] Resolved MdlEntity function overload for prim '/__Prototype_206413464770449272/Looks/rubber_cable/Shader' as '::OmniPBR::OmniPBR.mdl'.
2026-06-20T14:10:55Z [143,488ms] [Info] [rtx.neuraylib.plugin] Stored MdlEntitySnapshot to DB: usd::rtx_scope0::/__Prototype_206413464770449272/Looks/rubber_cable/Shader::::OmniPBR::OmniPBR((61))
2026-06-20T14:10:55Z [143,488ms] [Info] [omni.usdMdl] MdlModuleRegistry::SubscribeModuleReloaded(1385719264942916404<OmniPBR><mdl>)
2026-06-20T14:10:55Z [143,488ms] [Info] [omni.hydra] Structural change on shade node '/__Prototype_206413464770449272/Looks/rubber_cable/Shader'. Initiating database and shader updates.
2026-06-20T14:10:55Z [143,488ms] [Info] [omni.hydra] Start creating rendering material for prim '/__Prototype_206413464770449272/Looks/rubber_cable/Shader': usd::rtx_scope0::/__Prototype_206413464770449272/Looks/rubber_cable/Shader::::OmniPBR::OmniPBR((61))
2026-06-20T14:10:55Z [143,489ms] [Info] [omni.hydra] Setting new rendering material for prim '/__Prototype_206413464770449272/Looks/rubber_cable/Shader': usd::rtx_scope0::/__Prototype_206413464770449272/Looks/rubber_cable/Shader::::OmniPBR::OmniPBR((61))
2026-06-20T14:10:55Z [143,489ms] [Info] [omni.hydra] Resolved MdlEntity function overload for prim '/__Prototype_18263965167746407872/Looks/RubberWhite/Shader' as '::OmniPBR::OmniPBR.mdl'.
2026-06-20T14:10:55Z [143,489ms] [Info] [rtx.neuraylib.plugin] Stored MdlEntitySnapshot to DB: usd::rtx_scope0::/__Prototype_18263965167746407872/Looks/RubberWhite/Shader::::OmniPBR::OmniPBR((62))
2026-06-20T14:10:55Z [143,489ms] [Info] [omni.usdMdl] MdlModuleRegistry::SubscribeModuleReloaded(1385719264942916404<OmniPBR><mdl>)
2026-06-20T14:10:55Z [143,489ms] [Info] [omni.hydra] Structural change on shade node '/__Prototype_18263965167746407872/Looks/RubberWhite/Shader'. Initiating database and shader updates.
2026-06-20T14:10:55Z [143,489ms] [Info] [omni.hydra] Start creating rendering material for prim '/__Prototype_18263965167746407872/Looks/RubberWhite/Shader': usd::rtx_scope0::/__Prototype_18263965167746407872/Looks/RubberWhite/Shader::::OmniPBR::OmniPBR((62))
2026-06-20T14:10:55Z [143,490ms] [Info] [omni.hydra] Setting new rendering material for prim '/__Prototype_18263965167746407872/Looks/RubberWhite/Shader': usd::rtx_scope0::/__Prototype_18263965167746407872/Looks/RubberWhite/Shader::::OmniPBR::OmniPBR((62))
2026-06-20T14:10:55Z [143,490ms] [Info] [omni.hydra] Resolved MdlEntity function overload for prim '/__Prototype_11141905192441409142/Looks/PlasticGray/Shader' as '::OmniPBR::OmniPBR.mdl'.
2026-06-20T14:10:55Z [143,490ms] [Info] [rtx.neuraylib.plugin] Stored MdlEntitySnapshot to DB: usd::rtx_scope0::/__Prototype_11141905192441409142/Looks/PlasticGray/Shader::::OmniPBR::OmniPBR((63))
2026-06-20T14:10:55Z [143,490ms] [Info] [omni.usdMdl] MdlModuleRegistry::SubscribeModuleReloaded(1385719264942916404<OmniPBR><mdl>)
2026-06-20T14:10:55Z [143,491ms] [Info] [omni.hydra] Structural change on shade node '/__Prototype_11141905192441409142/Looks/PlasticGray/Shader'. Initiating database and shader updates.
2026-06-20T14:10:55Z [143,491ms] [Info] [omni.hydra] Start creating rendering material for prim '/__Prototype_11141905192441409142/Looks/PlasticGray/Shader': usd::rtx_scope0::/__Prototype_11141905192441409142/Looks/PlasticGray/Shader::::OmniPBR::OmniPBR((63))
2026-06-20T14:10:55Z [143,491ms] [Info] [omni.hydra] Setting new rendering material for prim '/__Prototype_11141905192441409142/Looks/PlasticGray/Shader': usd::rtx_scope0::/__Prototype_11141905192441409142/Looks/PlasticGray/Shader::::OmniPBR::OmniPBR((63))
2026-06-20T14:10:55Z [143,491ms] [Info] [omni.hydra] Resolved MdlEntity function overload for prim '/__Fabric_StageInfo/MaterialPool/mat_ab3db4cc/Shader' as '::OmniPBR::OmniPBR.mdl'.
2026-06-20T14:10:55Z [143,492ms] [Info] [rtx.neuraylib.plugin] Stored MdlEntitySnapshot to DB: usd::rtx_scope0::/__Fabric_StageInfo/MaterialPool/mat_ab3db4cc/Shader::::OmniPBR::OmniPBR((64))
2026-06-20T14:10:55Z [143,492ms] [Info] [omni.usdMdl] MdlModuleRegistry::SubscribeModuleReloaded(1385719264942916404<OmniPBR><mdl>)
2026-06-20T14:10:55Z [143,492ms] [Info] [omni.hydra] Structural change on shade node '/__Fabric_StageInfo/MaterialPool/mat_ab3db4cc/Shader'. Initiating database and shader updates.
2026-06-20T14:10:55Z [143,492ms] [Info] [omni.hydra] Start creating rendering material for prim '/__Fabric_StageInfo/MaterialPool/mat_ab3db4cc/Shader': usd::rtx_scope0::/__Fabric_StageInfo/MaterialPool/mat_ab3db4cc/Shader::::OmniPBR::OmniPBR((64))
2026-06-20T14:10:55Z [143,492ms] [Info] [omni.hydra] Setting new rendering material for prim '/__Fabric_StageInfo/MaterialPool/mat_ab3db4cc/Shader': usd::rtx_scope0::/__Fabric_StageInfo/MaterialPool/mat_ab3db4cc/Shader::::OmniPBR::OmniPBR((64))
2026-06-20T14:10:55Z [143,493ms] [Info] [omni.hydra] Resolved MdlEntity function overload for prim '/__Prototype_11141905192441409142/Looks/rubber_cable/Shader' as '::OmniPBR::OmniPBR.mdl'.
2026-06-20T14:10:55Z [143,493ms] [Info] [rtx.neuraylib.plugin] Stored MdlEntitySnapshot to DB: usd::rtx_scope0::/__Prototype_11141905192441409142/Looks/rubber_cable/Shader::::OmniPBR::OmniPBR((65))
2026-06-20T14:10:55Z [143,493ms] [Info] [omni.usdMdl] MdlModuleRegistry::SubscribeModuleReloaded(1385719264942916404<OmniPBR><mdl>)
2026-06-20T14:10:55Z [143,493ms] [Info] [omni.hydra] Structural change on shade node '/__Prototype_11141905192441409142/Looks/rubber_cable/Shader'. Initiating database and shader updates.
2026-06-20T14:10:55Z [143,493ms] [Info] [omni.hydra] Start creating rendering material for prim '/__Prototype_11141905192441409142/Looks/rubber_cable/Shader': usd::rtx_scope0::/__Prototype_11141905192441409142/Looks/rubber_cable/Shader::::OmniPBR::OmniPBR((65))
2026-06-20T14:10:55Z [143,494ms] [Info] [omni.hydra] Setting new rendering material for prim '/__Prototype_11141905192441409142/Looks/rubber_cable/Shader': usd::rtx_scope0::/__Prototype_11141905192441409142/Looks/rubber_cable/Shader::::OmniPBR::OmniPBR((65))
2026-06-20T14:10:55Z [143,494ms] [Info] [omni.hydra] Resolved MdlEntity function overload for prim '/__Prototype_4857502944779566417/Looks/RubberLightGray/Shader' as '::OmniPBR::OmniPBR.mdl'.
2026-06-20T14:10:55Z [143,494ms] [Info] [rtx.neuraylib.plugin] Stored MdlEntitySnapshot to DB: usd::rtx_scope0::/__Prototype_4857502944779566417/Looks/RubberLightGray/Shader::::OmniPBR::OmniPBR((66))
2026-06-20T14:10:55Z [143,494ms] [Info] [omni.usdMdl] MdlModuleRegistry::SubscribeModuleReloaded(1385719264942916404<OmniPBR><mdl>)
2026-06-20T14:10:55Z [143,494ms] [Info] [omni.hydra] Structural change on shade node '/__Prototype_4857502944779566417/Looks/RubberLightGray/Shader'. Initiating database and shader updates.
2026-06-20T14:10:55Z [143,494ms] [Info] [omni.hydra] Start creating rendering material for prim '/__Prototype_4857502944779566417/Looks/RubberLightGray/Shader': usd::rtx_scope0::/__Prototype_4857502944779566417/Looks/RubberLightGray/Shader::::OmniPBR::OmniPBR((66))
2026-06-20T14:10:55Z [143,495ms] [Info] [omni.hydra] Setting new rendering material for prim '/__Prototype_4857502944779566417/Looks/RubberLightGray/Shader': usd::rtx_scope0::/__Prototype_4857502944779566417/Looks/RubberLightGray/Shader::::OmniPBR::OmniPBR((66))
2026-06-20T14:10:55Z [143,495ms] [Info] [omni.hydra] Resolved MdlEntity function overload for prim '/__Prototype_1639404433645361550/Looks/rubber_cable/Shader' as '::OmniPBR::OmniPBR.mdl'.
2026-06-20T14:10:55Z [143,495ms] [Info] [rtx.neuraylib.plugin] Stored MdlEntitySnapshot to DB: usd::rtx_scope0::/__Prototype_1639404433645361550/Looks/rubber_cable/Shader::::OmniPBR::OmniPBR((67))
2026-06-20T14:10:55Z [143,495ms] [Info] [omni.usdMdl] MdlModuleRegistry::SubscribeModuleReloaded(1385719264942916404<OmniPBR><mdl>)
2026-06-20T14:10:55Z [143,495ms] [Info] [omni.hydra] Structural change on shade node '/__Prototype_1639404433645361550/Looks/rubber_cable/Shader'. Initiating database and shader updates.
2026-06-20T14:10:55Z [143,495ms] [Info] [omni.hydra] Start creating rendering material for prim '/__Prototype_1639404433645361550/Looks/rubber_cable/Shader': usd::rtx_scope0::/__Prototype_1639404433645361550/Looks/rubber_cable/Shader::::OmniPBR::OmniPBR((67))
2026-06-20T14:10:55Z [143,496ms] [Info] [omni.hydra] Setting new rendering material for prim '/__Prototype_1639404433645361550/Looks/rubber_cable/Shader': usd::rtx_scope0::/__Prototype_1639404433645361550/Looks/rubber_cable/Shader::::OmniPBR::OmniPBR((67))
2026-06-20T14:10:55Z [143,496ms] [Info] [omni.hydra] Resolved MdlEntity function overload for prim '/__Prototype_8866471526631341610/Looks/PlasticBlack/Shader' as '::OmniPBR::OmniPBR.mdl'.
2026-06-20T14:10:55Z [143,496ms] [Info] [rtx.neuraylib.plugin] Stored MdlEntitySnapshot to DB: usd::rtx_scope0::/__Prototype_8866471526631341610/Looks/PlasticBlack/Shader::::OmniPBR::OmniPBR((68))
2026-06-20T14:10:55Z [143,496ms] [Info] [omni.usdMdl] MdlModuleRegistry::SubscribeModuleReloaded(1385719264942916404<OmniPBR><mdl>)
2026-06-20T14:10:55Z [143,497ms] [Info] [omni.hydra] Structural change on shade node '/__Prototype_8866471526631341610/Looks/PlasticBlack/Shader'. Initiating database and shader updates.
2026-06-20T14:10:55Z [143,497ms] [Info] [omni.hydra] Start creating rendering material for prim '/__Prototype_8866471526631341610/Looks/PlasticBlack/Shader': usd::rtx_scope0::/__Prototype_8866471526631341610/Looks/PlasticBlack/Shader::::OmniPBR::OmniPBR((68))
2026-06-20T14:10:55Z [143,497ms] [Info] [omni.hydra] Setting new rendering material for prim '/__Prototype_8866471526631341610/Looks/PlasticBlack/Shader': usd::rtx_scope0::/__Prototype_8866471526631341610/Looks/PlasticBlack/Shader::::OmniPBR::OmniPBR((68))
2026-06-20T14:10:55Z [143,498ms] [Info] [omni.hydra] Resolved MdlEntity function overload for prim '/__Prototype_4857502944779566417/Looks/PlasticBlack/Shader' as '::OmniPBR::OmniPBR.mdl'.
2026-06-20T14:10:55Z [143,498ms] [Info] [rtx.neuraylib.plugin] Stored MdlEntitySnapshot to DB: usd::rtx_scope0::/__Prototype_4857502944779566417/Looks/PlasticBlack/Shader::::OmniPBR::OmniPBR((69))
2026-06-20T14:10:55Z [143,498ms] [Info] [omni.usdMdl] MdlModuleRegistry::SubscribeModuleReloaded(1385719264942916404<OmniPBR><mdl>)
2026-06-20T14:10:55Z [143,498ms] [Info] [omni.hydra] Structural change on shade node '/__Prototype_4857502944779566417/Looks/PlasticBlack/Shader'. Initiating database and shader updates.
2026-06-20T14:10:55Z [143,498ms] [Info] [omni.hydra] Start creating rendering material for prim '/__Prototype_4857502944779566417/Looks/PlasticBlack/Shader': usd::rtx_scope0::/__Prototype_4857502944779566417/Looks/PlasticBlack/Shader::::OmniPBR::OmniPBR((69))
2026-06-20T14:10:55Z [143,499ms] [Info] [omni.hydra] Setting new rendering material for prim '/__Prototype_4857502944779566417/Looks/PlasticBlack/Shader': usd::rtx_scope0::/__Prototype_4857502944779566417/Looks/PlasticBlack/Shader::::OmniPBR::OmniPBR((69))
2026-06-20T14:10:55Z [143,499ms] [Info] [omni.hydra] Resolved MdlEntity function overload for prim '/__Fabric_StageInfo/MaterialPool/mat_8edaf408/Shader' as '::OmniPBR::OmniPBR.mdl'.
2026-06-20T14:10:55Z [143,499ms] [Info] [rtx.neuraylib.plugin] Stored MdlEntitySnapshot to DB: usd::rtx_scope0::/__Fabric_StageInfo/MaterialPool/mat_8edaf408/Shader::::OmniPBR::OmniPBR((70))
2026-06-20T14:10:55Z [143,499ms] [Info] [omni.usdMdl] MdlModuleRegistry::SubscribeModuleReloaded(1385719264942916404<OmniPBR><mdl>)
2026-06-20T14:10:55Z [143,499ms] [Info] [omni.hydra] Structural change on shade node '/__Fabric_StageInfo/MaterialPool/mat_8edaf408/Shader'. Initiating database and shader updates.
2026-06-20T14:10:55Z [143,499ms] [Info] [omni.hydra] Start creating rendering material for prim '/__Fabric_StageInfo/MaterialPool/mat_8edaf408/Shader': usd::rtx_scope0::/__Fabric_StageInfo/MaterialPool/mat_8edaf408/Shader::::OmniPBR::OmniPBR((70))
2026-06-20T14:10:55Z [143,500ms] [Info] [omni.hydra] Setting new rendering material for prim '/__Fabric_StageInfo/MaterialPool/mat_8edaf408/Shader': usd::rtx_scope0::/__Fabric_StageInfo/MaterialPool/mat_8edaf408/Shader::::OmniPBR::OmniPBR((70))
2026-06-20T14:10:55Z [143,500ms] [Info] [omni.hydra] Resolved MdlEntity function overload for prim '/__Prototype_11141905192441409142/Looks/RubberRed/Shader' as '::OmniPBR::OmniPBR.mdl'.
2026-06-20T14:10:55Z [143,500ms] [Info] [rtx.neuraylib.plugin] Stored MdlEntitySnapshot to DB: usd::rtx_scope0::/__Prototype_11141905192441409142/Looks/RubberRed/Shader::::OmniPBR::OmniPBR((71))
2026-06-20T14:10:55Z [143,500ms] [Info] [omni.usdMdl] MdlModuleRegistry::SubscribeModuleReloaded(1385719264942916404<OmniPBR><mdl>)
2026-06-20T14:10:55Z [143,500ms] [Info] [omni.hydra] Structural change on shade node '/__Prototype_11141905192441409142/Looks/RubberRed/Shader'. Initiating database and shader updates.
2026-06-20T14:10:55Z [143,500ms] [Info] [omni.hydra] Start creating rendering material for prim '/__Prototype_11141905192441409142/Looks/RubberRed/Shader': usd::rtx_scope0::/__Prototype_11141905192441409142/Looks/RubberRed/Shader::::OmniPBR::OmniPBR((71))
2026-06-20T14:10:55Z [143,501ms] [Info] [omni.hydra] Setting new rendering material for prim '/__Prototype_11141905192441409142/Looks/RubberRed/Shader': usd::rtx_scope0::/__Prototype_11141905192441409142/Looks/RubberRed/Shader::::OmniPBR::OmniPBR((71))
2026-06-20T14:10:55Z [143,501ms] [Info] [omni.hydra] Resolved MdlEntity function overload for prim '/__Fabric_StageInfo/MaterialPool/mat_70451a2c/Shader' as '::OmniPBR::OmniPBR.mdl'.
2026-06-20T14:10:55Z [143,501ms] [Info] [rtx.neuraylib.plugin] Stored MdlEntitySnapshot to DB: usd::rtx_scope0::/__Fabric_StageInfo/MaterialPool/mat_70451a2c/Shader::::OmniPBR::OmniPBR((72))
2026-06-20T14:10:55Z [143,501ms] [Info] [omni.usdMdl] MdlModuleRegistry::SubscribeModuleReloaded(1385719264942916404<OmniPBR><mdl>)
2026-06-20T14:10:55Z [143,502ms] [Info] [omni.usd] Status (secondary thread): in _OpenAsset at line 360 of /builds/omniverse/usd-resolver/source/library/OmniUsdResolver_Ar2.cpp -- OmniUsdResolver: Opening filesystem asset 'file:/isaac-sim/.cache/ov/texturecache' for read

2026-06-20T14:10:55Z [143,502ms] [Info] [omni.usd] Status (secondary thread): in _OpenAsset at line 360 of /builds/omniverse/usd-resolver/source/library/OmniUsdResolver_Ar2.cpp -- OmniUsdResolver: Opening filesystem asset 'file:/isaac-sim/.cache/ov/texturecache/_cache.json' for read

2026-06-20T14:10:55Z [143,503ms] [Info] [gpu.foundation.plugin] Texture cache is at  and /isaac-sim/.cache/ov/texturecache (local)
2026-06-20T14:10:55Z [143,503ms] [Info] [gpu.foundation.plugin] IndeX Direct: volume handling enabled.
2026-06-20T14:10:55Z [143,505ms] [Info] [omni.usd] Status (secondary thread): in _OpenAsset at line 360 of /builds/omniverse/usd-resolver/source/library/OmniUsdResolver_Ar2.cpp -- OmniUsdResolver: Opening filesystem asset 'file:/isaac-sim/.cache/ov/texturecache/Wireframe_blue_110_1_0_1760470665_111895_6.ovtex.desc' for read

2026-06-20T14:10:55Z [143,515ms] [Info] [omni.usd] Status (secondary thread): in Open at line 72 of /builds/omniverse/usd-resolver/source/library/OmniUsdAsset.cpp -- OmniUsdResolver: Opened asset 'https://omniverse-content-production.s3-us-west-2.amazonaws.com/Assets/Isaac/5.1/Isaac/Environments/Grid/Materials/Textures/Wireframe_blue.png' for read

2026-06-20T14:10:56Z [143,864ms] [Info] [omni.usd] Status (secondary thread): in _OpenAsset at line 360 of /builds/omniverse/usd-resolver/source/library/OmniUsdResolver_Ar2.cpp -- OmniUsdResolver: Opening filesystem asset 'file:/isaac-sim/.cache/ov/texturecache/WireframeBlur_blue_112_1_0_1760470665_1474958_6.ovtex.desc' for read

2026-06-20T14:10:56Z [143,873ms] [Info] [omni.usd] Status (secondary thread): in Open at line 72 of /builds/omniverse/usd-resolver/source/library/OmniUsdAsset.cpp -- OmniUsdResolver: Opened asset 'https://omniverse-content-production.s3-us-west-2.amazonaws.com/Assets/Isaac/5.1/Isaac/Environments/Grid/Materials/Textures/WireframeBlur_blue.png' for read

2026-06-20T14:10:57Z [144,669ms] [Info] [omni.usd] Status (secondary thread): in _OpenAsset at line 360 of /builds/omniverse/usd-resolver/source/library/OmniUsdResolver_Ar2.cpp -- OmniUsdResolver: Opening filesystem asset 'file:/isaac-sim/.cache/ov/texturecache/WireframeBlur_basecolor_110_1_0_1760470665_436257_6.ovtex.desc' for read

2026-06-20T14:10:57Z [144,679ms] [Info] [omni.usd] Status (secondary thread): in Open at line 72 of /builds/omniverse/usd-resolver/source/library/OmniUsdAsset.cpp -- OmniUsdResolver: Opened asset 'https://omniverse-content-production.s3-us-west-2.amazonaws.com/Assets/Isaac/5.1/Isaac/Environments/Grid/Materials/Textures/WireframeBlur_basecolor.png' for read

2026-06-20T14:10:57Z [144,740ms] [Info] [omni.hydra] Structural change on shade node '/__Fabric_StageInfo/MaterialPool/mat_70451a2c/Shader'. Initiating database and shader updates.
2026-06-20T14:10:57Z [144,740ms] [Info] [omni.hydra] Start creating rendering material for prim '/__Fabric_StageInfo/MaterialPool/mat_70451a2c/Shader': usd::rtx_scope0::/__Fabric_StageInfo/MaterialPool/mat_70451a2c/Shader::::OmniPBR::OmniPBR((72))
2026-06-20T14:10:57Z [144,741ms] [Info] [omni.hydra] Setting new rendering material for prim '/__Fabric_StageInfo/MaterialPool/mat_70451a2c/Shader': usd::rtx_scope0::/__Fabric_StageInfo/MaterialPool/mat_70451a2c/Shader::::OmniPBR::OmniPBR((72))
2026-06-20T14:10:57Z [144,741ms] [Info] [omni.hydra] Resolved MdlEntity function overload for prim '/__Prototype_5417931770746990313/Looks/RubberGreen/Shader' as '::OmniPBR::OmniPBR.mdl'.
2026-06-20T14:10:57Z [144,741ms] [Info] [rtx.neuraylib.plugin] Stored MdlEntitySnapshot to DB: usd::rtx_scope0::/__Prototype_5417931770746990313/Looks/RubberGreen/Shader::::OmniPBR::OmniPBR((73))
2026-06-20T14:10:57Z [144,741ms] [Info] [omni.usdMdl] MdlModuleRegistry::SubscribeModuleReloaded(1385719264942916404<OmniPBR><mdl>)
2026-06-20T14:10:57Z [144,741ms] [Info] [omni.hydra] Structural change on shade node '/__Prototype_5417931770746990313/Looks/RubberGreen/Shader'. Initiating database and shader updates.
2026-06-20T14:10:57Z [144,742ms] [Info] [omni.hydra] Start creating rendering material for prim '/__Prototype_5417931770746990313/Looks/RubberGreen/Shader': usd::rtx_scope0::/__Prototype_5417931770746990313/Looks/RubberGreen/Shader::::OmniPBR::OmniPBR((73))
2026-06-20T14:10:57Z [144,742ms] [Info] [omni.hydra] Setting new rendering material for prim '/__Prototype_5417931770746990313/Looks/RubberGreen/Shader': usd::rtx_scope0::/__Prototype_5417931770746990313/Looks/RubberGreen/Shader::::OmniPBR::OmniPBR((73))
2026-06-20T14:10:57Z [144,742ms] [Info] [omni.hydra] Resolved MdlEntity function overload for prim '/__Prototype_12495086293957741503/Looks/Aluminum/Shader' as '::OmniPBR::OmniPBR.mdl'.
2026-06-20T14:10:57Z [144,743ms] [Info] [rtx.neuraylib.plugin] Stored MdlEntitySnapshot to DB: usd::rtx_scope0::/__Prototype_12495086293957741503/Looks/Aluminum/Shader::::OmniPBR::OmniPBR((74))
2026-06-20T14:10:57Z [144,743ms] [Info] [omni.usdMdl] MdlModuleRegistry::SubscribeModuleReloaded(1385719264942916404<OmniPBR><mdl>)
2026-06-20T14:10:57Z [144,743ms] [Info] [omni.hydra] Structural change on shade node '/__Prototype_12495086293957741503/Looks/Aluminum/Shader'. Initiating database and shader updates.
2026-06-20T14:10:57Z [144,743ms] [Info] [omni.hydra] Start creating rendering material for prim '/__Prototype_12495086293957741503/Looks/Aluminum/Shader': usd::rtx_scope0::/__Prototype_12495086293957741503/Looks/Aluminum/Shader::::OmniPBR::OmniPBR((74))
2026-06-20T14:10:57Z [144,744ms] [Info] [omni.hydra] Setting new rendering material for prim '/__Prototype_12495086293957741503/Looks/Aluminum/Shader': usd::rtx_scope0::/__Prototype_12495086293957741503/Looks/Aluminum/Shader::::OmniPBR::OmniPBR((74))
2026-06-20T14:10:57Z [144,744ms] [Info] [omni.hydra] Resolved MdlEntity function overload for prim '/__Prototype_11141905192441409142/Looks/RubberGray/Shader' as '::OmniPBR::OmniPBR.mdl'.
2026-06-20T14:10:57Z [144,744ms] [Info] [rtx.neuraylib.plugin] Stored MdlEntitySnapshot to DB: usd::rtx_scope0::/__Prototype_11141905192441409142/Looks/RubberGray/Shader::::OmniPBR::OmniPBR((75))
2026-06-20T14:10:57Z [144,744ms] [Info] [omni.usdMdl] MdlModuleRegistry::SubscribeModuleReloaded(1385719264942916404<OmniPBR><mdl>)
2026-06-20T14:10:57Z [144,745ms] [Info] [omni.hydra] Structural change on shade node '/__Prototype_11141905192441409142/Looks/RubberGray/Shader'. Initiating database and shader updates.
2026-06-20T14:10:57Z [144,745ms] [Info] [omni.hydra] Start creating rendering material for prim '/__Prototype_11141905192441409142/Looks/RubberGray/Shader': usd::rtx_scope0::/__Prototype_11141905192441409142/Looks/RubberGray/Shader::::OmniPBR::OmniPBR((75))
2026-06-20T14:10:57Z [144,745ms] [Info] [omni.hydra] Setting new rendering material for prim '/__Prototype_11141905192441409142/Looks/RubberGray/Shader': usd::rtx_scope0::/__Prototype_11141905192441409142/Looks/RubberGray/Shader::::OmniPBR::OmniPBR((75))
2026-06-20T14:10:57Z [144,745ms] [Info] [omni.hydra] Resolved MdlEntity function overload for prim '/__Prototype_8866471526631341610/Looks/RubberWhite/Shader' as '::OmniPBR::OmniPBR.mdl'.
2026-06-20T14:10:57Z [144,745ms] [Info] [rtx.neuraylib.plugin] Stored MdlEntitySnapshot to DB: usd::rtx_scope0::/__Prototype_8866471526631341610/Looks/RubberWhite/Shader::::OmniPBR::OmniPBR((76))
2026-06-20T14:10:57Z [144,745ms] [Info] [omni.usdMdl] MdlModuleRegistry::SubscribeModuleReloaded(1385719264942916404<OmniPBR><mdl>)
2026-06-20T14:10:57Z [144,746ms] [Info] [omni.hydra] Structural change on shade node '/__Prototype_8866471526631341610/Looks/RubberWhite/Shader'. Initiating database and shader updates.
2026-06-20T14:10:57Z [144,746ms] [Info] [omni.hydra] Start creating rendering material for prim '/__Prototype_8866471526631341610/Looks/RubberWhite/Shader': usd::rtx_scope0::/__Prototype_8866471526631341610/Looks/RubberWhite/Shader::::OmniPBR::OmniPBR((76))
2026-06-20T14:10:57Z [144,746ms] [Info] [omni.hydra] Setting new rendering material for prim '/__Prototype_8866471526631341610/Looks/RubberWhite/Shader': usd::rtx_scope0::/__Prototype_8866471526631341610/Looks/RubberWhite/Shader::::OmniPBR::OmniPBR((76))
2026-06-20T14:10:57Z [144,747ms] [Info] [omni.hydra] Resolved MdlEntity function overload for prim '/__Fabric_StageInfo/MaterialPool/mat_2ec8506/Shader' as '::OmniPBR::OmniPBR.mdl'.
2026-06-20T14:10:57Z [144,747ms] [Info] [rtx.neuraylib.plugin] Stored MdlEntitySnapshot to DB: usd::rtx_scope0::/__Fabric_StageInfo/MaterialPool/mat_2ec8506/Shader::::OmniPBR::OmniPBR((77))
2026-06-20T14:10:57Z [144,747ms] [Info] [omni.usdMdl] MdlModuleRegistry::SubscribeModuleReloaded(1385719264942916404<OmniPBR><mdl>)
2026-06-20T14:10:57Z [144,747ms] [Info] [omni.hydra] Structural change on shade node '/__Fabric_StageInfo/MaterialPool/mat_2ec8506/Shader'. Initiating database and shader updates.
2026-06-20T14:10:57Z [144,747ms] [Info] [omni.hydra] Start creating rendering material for prim '/__Fabric_StageInfo/MaterialPool/mat_2ec8506/Shader': usd::rtx_scope0::/__Fabric_StageInfo/MaterialPool/mat_2ec8506/Shader::::OmniPBR::OmniPBR((77))
2026-06-20T14:10:57Z [144,748ms] [Info] [omni.hydra] Setting new rendering material for prim '/__Fabric_StageInfo/MaterialPool/mat_2ec8506/Shader': usd::rtx_scope0::/__Fabric_StageInfo/MaterialPool/mat_2ec8506/Shader::::OmniPBR::OmniPBR((77))
2026-06-20T14:10:57Z [144,748ms] [Info] [omni.hydra] Resolved MdlEntity function overload for prim '/__Fabric_StageInfo/MaterialPool/mat_31a75de9/Shader' as '::OmniPBR::OmniPBR.mdl'.
2026-06-20T14:10:57Z [144,748ms] [Info] [rtx.neuraylib.plugin] Stored MdlEntitySnapshot to DB: usd::rtx_scope0::/__Fabric_StageInfo/MaterialPool/mat_31a75de9/Shader::::OmniPBR::OmniPBR((78))
2026-06-20T14:10:57Z [144,748ms] [Info] [omni.usdMdl] MdlModuleRegistry::SubscribeModuleReloaded(1385719264942916404<OmniPBR><mdl>)
2026-06-20T14:10:57Z [144,749ms] [Info] [omni.usd] Status (secondary thread): in _OpenAsset at line 360 of /builds/omniverse/usd-resolver/source/library/OmniUsdResolver_Ar2.cpp -- OmniUsdResolver: Opening filesystem asset 'file:/isaac-sim/.cache/ov/texturecache/DemoTable_TableBase_Roughness_111_1_0_1760471598_7077839_6.ovtex.desc' for read

2026-06-20T14:10:57Z [144,777ms] [Info] [omni.usd] Status (secondary thread): in Open at line 72 of /builds/omniverse/usd-resolver/source/library/OmniUsdAsset.cpp -- OmniUsdResolver: Opened asset 'https://omniverse-content-production.s3-us-west-2.amazonaws.com/Assets/Isaac/5.1/Isaac/Props/Mounts/SeattleLabTable/Materials/Textures/DemoTable_TableBase_Roughness.png' for read

2026-06-20T14:10:57Z [144,914ms] [Info] [omni.usd] Status (secondary thread): in _OpenAsset at line 360 of /builds/omniverse/usd-resolver/source/library/OmniUsdResolver_Ar2.cpp -- OmniUsdResolver: Opening filesystem asset 'file:/isaac-sim/.cache/ov/texturecache/DemoTable_TableBase_Normal_111_1_0_1760471598_34371270_6.ovtex.desc' for read

2026-06-20T14:10:57Z [145,072ms] [Info] [omni.usd] Status (secondary thread): in Open at line 72 of /builds/omniverse/usd-resolver/source/library/OmniUsdAsset.cpp -- OmniUsdResolver: Opened asset 'https://omniverse-content-production.s3-us-west-2.amazonaws.com/Assets/Isaac/5.1/Isaac/Props/Mounts/SeattleLabTable/Materials/Textures/DemoTable_TableBase_Normal.png' for read

2026-06-20T14:10:58Z [145,851ms] [Info] [omni.usd] Status (secondary thread): in _OpenAsset at line 360 of /builds/omniverse/usd-resolver/source/library/OmniUsdResolver_Ar2.cpp -- OmniUsdResolver: Opening filesystem asset 'file:/isaac-sim/.cache/ov/texturecache/DemoTable_TableBase_Metallic_111_1_0_1760471598_119609_6.ovtex.desc' for read

2026-06-20T14:10:58Z [145,859ms] [Info] [omni.usd] Status (secondary thread): in Open at line 72 of /builds/omniverse/usd-resolver/source/library/OmniUsdAsset.cpp -- OmniUsdResolver: Opened asset 'https://omniverse-content-production.s3-us-west-2.amazonaws.com/Assets/Isaac/5.1/Isaac/Props/Mounts/SeattleLabTable/Materials/Textures/DemoTable_TableBase_Metallic.png' for read

2026-06-20T14:10:58Z [145,893ms] [Info] [omni.usd] Status (secondary thread): in _OpenAsset at line 360 of /builds/omniverse/usd-resolver/source/library/OmniUsdResolver_Ar2.cpp -- OmniUsdResolver: Opening filesystem asset 'file:/isaac-sim/.cache/ov/texturecache/DemoTable_TableBase_BaseColor_110_1_0_1760471598_6335308_6.ovtex.desc' for read

2026-06-20T14:10:58Z [145,928ms] [Info] [omni.usd] Status (secondary thread): in Open at line 72 of /builds/omniverse/usd-resolver/source/library/OmniUsdAsset.cpp -- OmniUsdResolver: Opened asset 'https://omniverse-content-production.s3-us-west-2.amazonaws.com/Assets/Isaac/5.1/Isaac/Props/Mounts/SeattleLabTable/Materials/Textures/DemoTable_TableBase_BaseColor.png' for read

2026-06-20T14:10:58Z [146,306ms] [Info] [omni.hydra] Structural change on shade node '/__Fabric_StageInfo/MaterialPool/mat_31a75de9/Shader'. Initiating database and shader updates.
2026-06-20T14:10:58Z [146,306ms] [Info] [omni.hydra] Start creating rendering material for prim '/__Fabric_StageInfo/MaterialPool/mat_31a75de9/Shader': usd::rtx_scope0::/__Fabric_StageInfo/MaterialPool/mat_31a75de9/Shader::::OmniPBR::OmniPBR((78))
2026-06-20T14:10:58Z [146,307ms] [Info] [omni.hydra] Setting new rendering material for prim '/__Fabric_StageInfo/MaterialPool/mat_31a75de9/Shader': usd::rtx_scope0::/__Fabric_StageInfo/MaterialPool/mat_31a75de9/Shader::::OmniPBR::OmniPBR((78))
2026-06-20T14:10:58Z [146,307ms] [Info] [omni.hydra] Resolved MdlEntity function overload for prim '/__Fabric_StageInfo/MaterialPool/mat_1a4be362/Shader' as '::OmniPBR::OmniPBR.mdl'.
2026-06-20T14:10:58Z [146,307ms] [Info] [rtx.neuraylib.plugin] Stored MdlEntitySnapshot to DB: usd::rtx_scope0::/__Fabric_StageInfo/MaterialPool/mat_1a4be362/Shader::::OmniPBR::OmniPBR((79))
2026-06-20T14:10:58Z [146,307ms] [Info] [omni.usdMdl] MdlModuleRegistry::SubscribeModuleReloaded(1385719264942916404<OmniPBR><mdl>)
2026-06-20T14:10:58Z [146,308ms] [Info] [omni.usd] Status (secondary thread): in _OpenAsset at line 360 of /builds/omniverse/usd-resolver/source/library/OmniUsdResolver_Ar2.cpp -- OmniUsdResolver: Opening filesystem asset 'file:/isaac-sim/.cache/ov/texturecache/DemoTable_TableParts_Roughness_111_1_0_1760471598_2995685_6.ovtex.desc' for read

2026-06-20T14:10:58Z [146,322ms] [Info] [omni.usd] Status (secondary thread): in Open at line 72 of /builds/omniverse/usd-resolver/source/library/OmniUsdAsset.cpp -- OmniUsdResolver: Opened asset 'https://omniverse-content-production.s3-us-west-2.amazonaws.com/Assets/Isaac/5.1/Isaac/Props/Mounts/SeattleLabTable/Materials/Textures/DemoTable_TableParts_Roughness.png' for read

2026-06-20T14:10:58Z [146,443ms] [Info] [omni.usd] Status (secondary thread): in _OpenAsset at line 360 of /builds/omniverse/usd-resolver/source/library/OmniUsdResolver_Ar2.cpp -- OmniUsdResolver: Opening filesystem asset 'file:/isaac-sim/.cache/ov/texturecache/DemoTable_TableParts_Normal_111_1_0_1760471598_13632148_6.ovtex.desc' for read

2026-06-20T14:10:58Z [146,491ms] [Info] [omni.usd] Status (secondary thread): in Open at line 72 of /builds/omniverse/usd-resolver/source/library/OmniUsdAsset.cpp -- OmniUsdResolver: Opened asset 'https://omniverse-content-production.s3-us-west-2.amazonaws.com/Assets/Isaac/5.1/Isaac/Props/Mounts/SeattleLabTable/Materials/Textures/DemoTable_TableParts_Normal.png' for read

2026-06-20T14:10:59Z [147,067ms] [Info] [omni.usd] Status (secondary thread): in _OpenAsset at line 360 of /builds/omniverse/usd-resolver/source/library/OmniUsdResolver_Ar2.cpp -- OmniUsdResolver: Opening filesystem asset 'file:/isaac-sim/.cache/ov/texturecache/DemoTable_TableParts_Metallic_111_1_0_1760471598_414290_6.ovtex.desc' for read

2026-06-20T14:10:59Z [147,076ms] [Info] [omni.usd] Status (secondary thread): in Open at line 72 of /builds/omniverse/usd-resolver/source/library/OmniUsdAsset.cpp -- OmniUsdResolver: Opened asset 'https://omniverse-content-production.s3-us-west-2.amazonaws.com/Assets/Isaac/5.1/Isaac/Props/Mounts/SeattleLabTable/Materials/Textures/DemoTable_TableParts_Metallic.png' for read

2026-06-20T14:10:59Z [147,149ms] [Info] [omni.usd] Status (secondary thread): in _OpenAsset at line 360 of /builds/omniverse/usd-resolver/source/library/OmniUsdResolver_Ar2.cpp -- OmniUsdResolver: Opening filesystem asset 'file:/isaac-sim/.cache/ov/texturecache/DemoTable_TableParts_BaseColor_110_1_0_1760471598_905610_6.ovtex.desc' for read

2026-06-20T14:10:59Z [147,164ms] [Info] [omni.usd] Status (secondary thread): in Open at line 72 of /builds/omniverse/usd-resolver/source/library/OmniUsdAsset.cpp -- OmniUsdResolver: Opened asset 'https://omniverse-content-production.s3-us-west-2.amazonaws.com/Assets/Isaac/5.1/Isaac/Props/Mounts/SeattleLabTable/Materials/Textures/DemoTable_TableParts_BaseColor.png' for read

2026-06-20T14:10:59Z [147,420ms] [Info] [omni.hydra] Structural change on shade node '/__Fabric_StageInfo/MaterialPool/mat_1a4be362/Shader'. Initiating database and shader updates.
2026-06-20T14:10:59Z [147,420ms] [Info] [omni.hydra] Start creating rendering material for prim '/__Fabric_StageInfo/MaterialPool/mat_1a4be362/Shader': usd::rtx_scope0::/__Fabric_StageInfo/MaterialPool/mat_1a4be362/Shader::::OmniPBR::OmniPBR((79))
2026-06-20T14:10:59Z [147,420ms] [Info] [omni.hydra] Setting new rendering material for prim '/__Fabric_StageInfo/MaterialPool/mat_1a4be362/Shader': usd::rtx_scope0::/__Fabric_StageInfo/MaterialPool/mat_1a4be362/Shader::::OmniPBR::OmniPBR((79))
2026-06-20T14:10:59Z [147,421ms] [Info] [omni.hydra] Resolved MdlEntity function overload for prim '/__Fabric_StageInfo/MaterialPool/mat_7c84fbbe/Shader' as '::OmniPBR::OmniPBR.mdl'.
2026-06-20T14:10:59Z [147,421ms] [Info] [rtx.neuraylib.plugin] Stored MdlEntitySnapshot to DB: usd::rtx_scope0::/__Fabric_StageInfo/MaterialPool/mat_7c84fbbe/Shader::::OmniPBR::OmniPBR((80))
2026-06-20T14:10:59Z [147,421ms] [Info] [omni.usdMdl] MdlModuleRegistry::SubscribeModuleReloaded(1385719264942916404<OmniPBR><mdl>)
2026-06-20T14:10:59Z [147,421ms] [Info] [omni.hydra] Structural change on shade node '/__Fabric_StageInfo/MaterialPool/mat_7c84fbbe/Shader'. Initiating database and shader updates.
2026-06-20T14:10:59Z [147,421ms] [Info] [omni.hydra] Start creating rendering material for prim '/__Fabric_StageInfo/MaterialPool/mat_7c84fbbe/Shader': usd::rtx_scope0::/__Fabric_StageInfo/MaterialPool/mat_7c84fbbe/Shader::::OmniPBR::OmniPBR((80))
2026-06-20T14:10:59Z [147,422ms] [Info] [omni.hydra] Setting new rendering material for prim '/__Fabric_StageInfo/MaterialPool/mat_7c84fbbe/Shader': usd::rtx_scope0::/__Fabric_StageInfo/MaterialPool/mat_7c84fbbe/Shader::::OmniPBR::OmniPBR((80))
2026-06-20T14:10:59Z [147,422ms] [Info] [omni.hydra] Resolved MdlEntity function overload for prim '/__Prototype_1639404433645361550/Looks/RubberRed/Shader' as '::OmniPBR::OmniPBR.mdl'.
2026-06-20T14:10:59Z [147,422ms] [Info] [rtx.neuraylib.plugin] Stored MdlEntitySnapshot to DB: usd::rtx_scope0::/__Prototype_1639404433645361550/Looks/RubberRed/Shader::::OmniPBR::OmniPBR((81))
2026-06-20T14:10:59Z [147,422ms] [Info] [omni.usdMdl] MdlModuleRegistry::SubscribeModuleReloaded(1385719264942916404<OmniPBR><mdl>)
2026-06-20T14:10:59Z [147,423ms] [Info] [omni.hydra] Structural change on shade node '/__Prototype_1639404433645361550/Looks/RubberRed/Shader'. Initiating database and shader updates.
2026-06-20T14:10:59Z [147,423ms] [Info] [omni.hydra] Start creating rendering material for prim '/__Prototype_1639404433645361550/Looks/RubberRed/Shader': usd::rtx_scope0::/__Prototype_1639404433645361550/Looks/RubberRed/Shader::::OmniPBR::OmniPBR((81))
2026-06-20T14:10:59Z [147,423ms] [Info] [omni.hydra] Setting new rendering material for prim '/__Prototype_1639404433645361550/Looks/RubberRed/Shader': usd::rtx_scope0::/__Prototype_1639404433645361550/Looks/RubberRed/Shader::::OmniPBR::OmniPBR((81))
2026-06-20T14:10:59Z [147,424ms] [Info] [omni.hydra] Resolved MdlEntity function overload for prim '/__Fabric_StageInfo/MaterialPool/mat_e44ce0f9/Shader' as '::OmniPBR::OmniPBR.mdl'.
2026-06-20T14:10:59Z [147,424ms] [Info] [rtx.neuraylib.plugin] Stored MdlEntitySnapshot to DB: usd::rtx_scope0::/__Fabric_StageInfo/MaterialPool/mat_e44ce0f9/Shader::::OmniPBR::OmniPBR((82))
2026-06-20T14:10:59Z [147,424ms] [Info] [omni.usdMdl] MdlModuleRegistry::SubscribeModuleReloaded(1385719264942916404<OmniPBR><mdl>)
2026-06-20T14:10:59Z [147,424ms] [Info] [omni.hydra] Structural change on shade node '/__Fabric_StageInfo/MaterialPool/mat_e44ce0f9/Shader'. Initiating database and shader updates.
2026-06-20T14:10:59Z [147,424ms] [Info] [omni.hydra] Start creating rendering material for prim '/__Fabric_StageInfo/MaterialPool/mat_e44ce0f9/Shader': usd::rtx_scope0::/__Fabric_StageInfo/MaterialPool/mat_e44ce0f9/Shader::::OmniPBR::OmniPBR((82))
2026-06-20T14:10:59Z [147,425ms] [Info] [omni.hydra] Setting new rendering material for prim '/__Fabric_StageInfo/MaterialPool/mat_e44ce0f9/Shader': usd::rtx_scope0::/__Fabric_StageInfo/MaterialPool/mat_e44ce0f9/Shader::::OmniPBR::OmniPBR((82))
2026-06-20T14:10:59Z [147,425ms] [Info] [omni.hydra] Resolved MdlEntity function overload for prim '/__Prototype_206413464770449272/Looks/EmissiveBlue/Shader' as '::OmniPBR::OmniPBR.mdl'.
2026-06-20T14:10:59Z [147,425ms] [Info] [rtx.neuraylib.plugin] Stored MdlEntitySnapshot to DB: usd::rtx_scope0::/__Prototype_206413464770449272/Looks/EmissiveBlue/Shader::::OmniPBR::OmniPBR((83))
2026-06-20T14:10:59Z [147,425ms] [Info] [omni.usdMdl] MdlModuleRegistry::SubscribeModuleReloaded(1385719264942916404<OmniPBR><mdl>)
2026-06-20T14:10:59Z [147,425ms] [Info] [omni.hydra] Structural change on shade node '/__Prototype_206413464770449272/Looks/EmissiveBlue/Shader'. Initiating database and shader updates.
2026-06-20T14:10:59Z [147,425ms] [Info] [omni.hydra] Start creating rendering material for prim '/__Prototype_206413464770449272/Looks/EmissiveBlue/Shader': usd::rtx_scope0::/__Prototype_206413464770449272/Looks/EmissiveBlue/Shader::::OmniPBR::OmniPBR((83))
2026-06-20T14:10:59Z [147,426ms] [Info] [omni.hydra] Setting new rendering material for prim '/__Prototype_206413464770449272/Looks/EmissiveBlue/Shader': usd::rtx_scope0::/__Prototype_206413464770449272/Looks/EmissiveBlue/Shader::::OmniPBR::OmniPBR((83))
2026-06-20T14:10:59Z [147,426ms] [Info] [omni.hydra] Resolved MdlEntity function overload for prim '/__Fabric_StageInfo/MaterialPool/mat_5c7a9aec/Shader' as '::OmniPBR::OmniPBR.mdl'.
2026-06-20T14:10:59Z [147,426ms] [Info] [rtx.neuraylib.plugin] Stored MdlEntitySnapshot to DB: usd::rtx_scope0::/__Fabric_StageInfo/MaterialPool/mat_5c7a9aec/Shader::::OmniPBR::OmniPBR((84))
2026-06-20T14:10:59Z [147,426ms] [Info] [omni.usdMdl] MdlModuleRegistry::SubscribeModuleReloaded(1385719264942916404<OmniPBR><mdl>)
2026-06-20T14:10:59Z [147,427ms] [Info] [omni.hydra] Structural change on shade node '/__Fabric_StageInfo/MaterialPool/mat_5c7a9aec/Shader'. Initiating database and shader updates.
2026-06-20T14:10:59Z [147,427ms] [Info] [omni.hydra] Start creating rendering material for prim '/__Fabric_StageInfo/MaterialPool/mat_5c7a9aec/Shader': usd::rtx_scope0::/__Fabric_StageInfo/MaterialPool/mat_5c7a9aec/Shader::::OmniPBR::OmniPBR((84))
2026-06-20T14:10:59Z [147,427ms] [Info] [omni.hydra] Setting new rendering material for prim '/__Fabric_StageInfo/MaterialPool/mat_5c7a9aec/Shader': usd::rtx_scope0::/__Fabric_StageInfo/MaterialPool/mat_5c7a9aec/Shader::::OmniPBR::OmniPBR((84))
2026-06-20T14:10:59Z [147,428ms] [Info] [omni.hydra] Resolved MdlEntity function overload for prim '/__Prototype_206413464770449272/Looks/AluminumRough/Shader' as '::OmniPBR::OmniPBR.mdl'.
2026-06-20T14:10:59Z [147,428ms] [Info] [rtx.neuraylib.plugin] Stored MdlEntitySnapshot to DB: usd::rtx_scope0::/__Prototype_206413464770449272/Looks/AluminumRough/Shader::::OmniPBR::OmniPBR((85))
2026-06-20T14:10:59Z [147,428ms] [Info] [omni.usdMdl] MdlModuleRegistry::SubscribeModuleReloaded(1385719264942916404<OmniPBR><mdl>)
2026-06-20T14:10:59Z [147,428ms] [Info] [omni.hydra] Structural change on shade node '/__Prototype_206413464770449272/Looks/AluminumRough/Shader'. Initiating database and shader updates.
2026-06-20T14:10:59Z [147,428ms] [Info] [omni.hydra] Start creating rendering material for prim '/__Prototype_206413464770449272/Looks/AluminumRough/Shader': usd::rtx_scope0::/__Prototype_206413464770449272/Looks/AluminumRough/Shader::::OmniPBR::OmniPBR((85))
2026-06-20T14:10:59Z [147,429ms] [Info] [omni.hydra] Setting new rendering material for prim '/__Prototype_206413464770449272/Looks/AluminumRough/Shader': usd::rtx_scope0::/__Prototype_206413464770449272/Looks/AluminumRough/Shader::::OmniPBR::OmniPBR((85))
2026-06-20T14:10:59Z [147,429ms] [Info] [omni.hydra] Resolved MdlEntity function overload for prim '/__Prototype_11141905192441409142/Looks/RubberWhite/Shader' as '::OmniPBR::OmniPBR.mdl'.
2026-06-20T14:10:59Z [147,429ms] [Info] [rtx.neuraylib.plugin] Stored MdlEntitySnapshot to DB: usd::rtx_scope0::/__Prototype_11141905192441409142/Looks/RubberWhite/Shader::::OmniPBR::OmniPBR((86))
2026-06-20T14:10:59Z [147,429ms] [Info] [omni.usdMdl] MdlModuleRegistry::SubscribeModuleReloaded(1385719264942916404<OmniPBR><mdl>)
2026-06-20T14:10:59Z [147,429ms] [Info] [omni.hydra] Structural change on shade node '/__Prototype_11141905192441409142/Looks/RubberWhite/Shader'. Initiating database and shader updates.
2026-06-20T14:10:59Z [147,429ms] [Info] [omni.hydra] Start creating rendering material for prim '/__Prototype_11141905192441409142/Looks/RubberWhite/Shader': usd::rtx_scope0::/__Prototype_11141905192441409142/Looks/RubberWhite/Shader::::OmniPBR::OmniPBR((86))
2026-06-20T14:10:59Z [147,430ms] [Info] [omni.hydra] Setting new rendering material for prim '/__Prototype_11141905192441409142/Looks/RubberWhite/Shader': usd::rtx_scope0::/__Prototype_11141905192441409142/Looks/RubberWhite/Shader::::OmniPBR::OmniPBR((86))
2026-06-20T14:10:59Z [147,430ms] [Info] [omni.hydra] Resolved MdlEntity function overload for prim '/__Fabric_StageInfo/MaterialPool/mat_e0cd5081/Shader' as '::OmniPBR::OmniPBR.mdl'.
2026-06-20T14:10:59Z [147,430ms] [Info] [rtx.neuraylib.plugin] Stored MdlEntitySnapshot to DB: usd::rtx_scope0::/__Fabric_StageInfo/MaterialPool/mat_e0cd5081/Shader::::OmniPBR::OmniPBR((87))
2026-06-20T14:10:59Z [147,430ms] [Info] [omni.usdMdl] MdlModuleRegistry::SubscribeModuleReloaded(1385719264942916404<OmniPBR><mdl>)
2026-06-20T14:10:59Z [147,430ms] [Info] [omni.hydra] Structural change on shade node '/__Fabric_StageInfo/MaterialPool/mat_e0cd5081/Shader'. Initiating database and shader updates.
2026-06-20T14:10:59Z [147,430ms] [Info] [omni.hydra] Start creating rendering material for prim '/__Fabric_StageInfo/MaterialPool/mat_e0cd5081/Shader': usd::rtx_scope0::/__Fabric_StageInfo/MaterialPool/mat_e0cd5081/Shader::::OmniPBR::OmniPBR((87))
2026-06-20T14:10:59Z [147,431ms] [Info] [omni.hydra] Setting new rendering material for prim '/__Fabric_StageInfo/MaterialPool/mat_e0cd5081/Shader': usd::rtx_scope0::/__Fabric_StageInfo/MaterialPool/mat_e0cd5081/Shader::::OmniPBR::OmniPBR((87))
2026-06-20T14:10:59Z [147,431ms] [Info] [omni.hydra] Resolved MdlEntity function overload for prim '/__Prototype_8866471526631341610/Looks/RubberGreen/Shader' as '::OmniPBR::OmniPBR.mdl'.
2026-06-20T14:10:59Z [147,432ms] [Info] [rtx.neuraylib.plugin] Stored MdlEntitySnapshot to DB: usd::rtx_scope0::/__Prototype_8866471526631341610/Looks/RubberGreen/Shader::::OmniPBR::OmniPBR((88))
2026-06-20T14:10:59Z [147,432ms] [Info] [omni.usdMdl] MdlModuleRegistry::SubscribeModuleReloaded(1385719264942916404<OmniPBR><mdl>)
2026-06-20T14:10:59Z [147,432ms] [Info] [omni.hydra] Structural change on shade node '/__Prototype_8866471526631341610/Looks/RubberGreen/Shader'. Initiating database and shader updates.
2026-06-20T14:10:59Z [147,432ms] [Info] [omni.hydra] Start creating rendering material for prim '/__Prototype_8866471526631341610/Looks/RubberGreen/Shader': usd::rtx_scope0::/__Prototype_8866471526631341610/Looks/RubberGreen/Shader::::OmniPBR::OmniPBR((88))
2026-06-20T14:10:59Z [147,433ms] [Info] [omni.hydra] Setting new rendering material for prim '/__Prototype_8866471526631341610/Looks/RubberGreen/Shader': usd::rtx_scope0::/__Prototype_8866471526631341610/Looks/RubberGreen/Shader::::OmniPBR::OmniPBR((88))
2026-06-20T14:10:59Z [147,433ms] [Info] [omni.hydra] Resolved MdlEntity function overload for prim '/__Prototype_206413464770449272/Looks/RubberLightGray/Shader' as '::OmniPBR::OmniPBR.mdl'.
2026-06-20T14:10:59Z [147,433ms] [Info] [rtx.neuraylib.plugin] Stored MdlEntitySnapshot to DB: usd::rtx_scope0::/__Prototype_206413464770449272/Looks/RubberLightGray/Shader::::OmniPBR::OmniPBR((89))
2026-06-20T14:10:59Z [147,433ms] [Info] [omni.usdMdl] MdlModuleRegistry::SubscribeModuleReloaded(1385719264942916404<OmniPBR><mdl>)
2026-06-20T14:10:59Z [147,433ms] [Info] [omni.hydra] Structural change on shade node '/__Prototype_206413464770449272/Looks/RubberLightGray/Shader'. Initiating database and shader updates.
2026-06-20T14:10:59Z [147,433ms] [Info] [omni.hydra] Start creating rendering material for prim '/__Prototype_206413464770449272/Looks/RubberLightGray/Shader': usd::rtx_scope0::/__Prototype_206413464770449272/Looks/RubberLightGray/Shader::::OmniPBR::OmniPBR((89))
2026-06-20T14:10:59Z [147,434ms] [Info] [omni.hydra] Setting new rendering material for prim '/__Prototype_206413464770449272/Looks/RubberLightGray/Shader': usd::rtx_scope0::/__Prototype_206413464770449272/Looks/RubberLightGray/Shader::::OmniPBR::OmniPBR((89))
2026-06-20T14:10:59Z [147,434ms] [Info] [omni.hydra] Resolved MdlEntity function overload for prim '/__Prototype_12495086293957741503/Looks/RubberRed/Shader' as '::OmniPBR::OmniPBR.mdl'.
2026-06-20T14:10:59Z [147,434ms] [Info] [rtx.neuraylib.plugin] Stored MdlEntitySnapshot to DB: usd::rtx_scope0::/__Prototype_12495086293957741503/Looks/RubberRed/Shader::::OmniPBR::OmniPBR((90))
2026-06-20T14:10:59Z [147,434ms] [Info] [omni.usdMdl] MdlModuleRegistry::SubscribeModuleReloaded(1385719264942916404<OmniPBR><mdl>)
2026-06-20T14:10:59Z [147,435ms] [Info] [omni.hydra] Structural change on shade node '/__Prototype_12495086293957741503/Looks/RubberRed/Shader'. Initiating database and shader updates.
2026-06-20T14:10:59Z [147,435ms] [Info] [omni.hydra] Start creating rendering material for prim '/__Prototype_12495086293957741503/Looks/RubberRed/Shader': usd::rtx_scope0::/__Prototype_12495086293957741503/Looks/RubberRed/Shader::::OmniPBR::OmniPBR((90))
2026-06-20T14:10:59Z [147,435ms] [Info] [omni.hydra] Setting new rendering material for prim '/__Prototype_12495086293957741503/Looks/RubberRed/Shader': usd::rtx_scope0::/__Prototype_12495086293957741503/Looks/RubberRed/Shader::::OmniPBR::OmniPBR((90))
2026-06-20T14:10:59Z [147,435ms] [Info] [omni.hydra] Resolved MdlEntity function overload for prim '/__Fabric_StageInfo/MaterialPool/mat_b8410919/Shader' as '::OmniPBR::OmniPBR.mdl'.
2026-06-20T14:10:59Z [147,435ms] [Info] [rtx.neuraylib.plugin] Stored MdlEntitySnapshot to DB: usd::rtx_scope0::/__Fabric_StageInfo/MaterialPool/mat_b8410919/Shader::::OmniPBR::OmniPBR((91))
2026-06-20T14:10:59Z [147,435ms] [Info] [omni.usdMdl] MdlModuleRegistry::SubscribeModuleReloaded(1385719264942916404<OmniPBR><mdl>)
2026-06-20T14:10:59Z [147,436ms] [Info] [omni.hydra] Structural change on shade node '/__Fabric_StageInfo/MaterialPool/mat_b8410919/Shader'. Initiating database and shader updates.
2026-06-20T14:10:59Z [147,436ms] [Info] [omni.hydra] Start creating rendering material for prim '/__Fabric_StageInfo/MaterialPool/mat_b8410919/Shader': usd::rtx_scope0::/__Fabric_StageInfo/MaterialPool/mat_b8410919/Shader::::OmniPBR::OmniPBR((91))
2026-06-20T14:10:59Z [147,436ms] [Info] [omni.hydra] Setting new rendering material for prim '/__Fabric_StageInfo/MaterialPool/mat_b8410919/Shader': usd::rtx_scope0::/__Fabric_StageInfo/MaterialPool/mat_b8410919/Shader::::OmniPBR::OmniPBR((91))
2026-06-20T14:10:59Z [147,437ms] [Info] [omni.hydra] Resolved MdlEntity function overload for prim '/__Prototype_5288141205716021555/Looks/RubberRed/Shader' as '::OmniPBR::OmniPBR.mdl'.
2026-06-20T14:10:59Z [147,437ms] [Info] [rtx.neuraylib.plugin] Stored MdlEntitySnapshot to DB: usd::rtx_scope0::/__Prototype_5288141205716021555/Looks/RubberRed/Shader::::OmniPBR::OmniPBR((92))
2026-06-20T14:10:59Z [147,437ms] [Info] [omni.usdMdl] MdlModuleRegistry::SubscribeModuleReloaded(1385719264942916404<OmniPBR><mdl>)
2026-06-20T14:10:59Z [147,437ms] [Info] [omni.hydra] Structural change on shade node '/__Prototype_5288141205716021555/Looks/RubberRed/Shader'. Initiating database and shader updates.
2026-06-20T14:10:59Z [147,437ms] [Info] [omni.hydra] Start creating rendering material for prim '/__Prototype_5288141205716021555/Looks/RubberRed/Shader': usd::rtx_scope0::/__Prototype_5288141205716021555/Looks/RubberRed/Shader::::OmniPBR::OmniPBR((92))
2026-06-20T14:10:59Z [147,438ms] [Info] [omni.hydra] Setting new rendering material for prim '/__Prototype_5288141205716021555/Looks/RubberRed/Shader': usd::rtx_scope0::/__Prototype_5288141205716021555/Looks/RubberRed/Shader::::OmniPBR::OmniPBR((92))
2026-06-20T14:10:59Z [147,438ms] [Info] [omni.hydra] Resolved MdlEntity function overload for prim '/__Prototype_15159519498633414852/Looks/rubber_cable/Shader' as '::OmniPBR::OmniPBR.mdl'.
2026-06-20T14:10:59Z [147,438ms] [Info] [rtx.neuraylib.plugin] Stored MdlEntitySnapshot to DB: usd::rtx_scope0::/__Prototype_15159519498633414852/Looks/rubber_cable/Shader::::OmniPBR::OmniPBR((93))
2026-06-20T14:10:59Z [147,438ms] [Info] [omni.usdMdl] MdlModuleRegistry::SubscribeModuleReloaded(1385719264942916404<OmniPBR><mdl>)
2026-06-20T14:10:59Z [147,438ms] [Info] [omni.hydra] Structural change on shade node '/__Prototype_15159519498633414852/Looks/rubber_cable/Shader'. Initiating database and shader updates.
2026-06-20T14:10:59Z [147,438ms] [Info] [omni.hydra] Start creating rendering material for prim '/__Prototype_15159519498633414852/Looks/rubber_cable/Shader': usd::rtx_scope0::/__Prototype_15159519498633414852/Looks/rubber_cable/Shader::::OmniPBR::OmniPBR((93))
2026-06-20T14:10:59Z [147,439ms] [Info] [omni.hydra] Setting new rendering material for prim '/__Prototype_15159519498633414852/Looks/rubber_cable/Shader': usd::rtx_scope0::/__Prototype_15159519498633414852/Looks/rubber_cable/Shader::::OmniPBR::OmniPBR((93))
2026-06-20T14:10:59Z [147,439ms] [Info] [omni.hydra] Resolved MdlEntity function overload for prim '/__Prototype_5288141205716021555/Looks/rubber_cable/Shader' as '::OmniPBR::OmniPBR.mdl'.
2026-06-20T14:10:59Z [147,439ms] [Info] [rtx.neuraylib.plugin] Stored MdlEntitySnapshot to DB: usd::rtx_scope0::/__Prototype_5288141205716021555/Looks/rubber_cable/Shader::::OmniPBR::OmniPBR((94))
2026-06-20T14:10:59Z [147,439ms] [Info] [omni.usdMdl] MdlModuleRegistry::SubscribeModuleReloaded(1385719264942916404<OmniPBR><mdl>)
2026-06-20T14:10:59Z [147,440ms] [Info] [omni.hydra] Structural change on shade node '/__Prototype_5288141205716021555/Looks/rubber_cable/Shader'. Initiating database and shader updates.
2026-06-20T14:10:59Z [147,440ms] [Info] [omni.hydra] Start creating rendering material for prim '/__Prototype_5288141205716021555/Looks/rubber_cable/Shader': usd::rtx_scope0::/__Prototype_5288141205716021555/Looks/rubber_cable/Shader::::OmniPBR::OmniPBR((94))
2026-06-20T14:10:59Z [147,440ms] [Info] [omni.hydra] Setting new rendering material for prim '/__Prototype_5288141205716021555/Looks/rubber_cable/Shader': usd::rtx_scope0::/__Prototype_5288141205716021555/Looks/rubber_cable/Shader::::OmniPBR::OmniPBR((94))
2026-06-20T14:10:59Z [147,440ms] [Info] [omni.hydra] Resolved MdlEntity function overload for prim '/__Fabric_StageInfo/MaterialPool/mat_d4b281d5/Shader' as '::OmniPBR::OmniPBR.mdl'.
2026-06-20T14:10:59Z [147,440ms] [Info] [rtx.neuraylib.plugin] Stored MdlEntitySnapshot to DB: usd::rtx_scope0::/__Fabric_StageInfo/MaterialPool/mat_d4b281d5/Shader::::OmniPBR::OmniPBR((95))
2026-06-20T14:10:59Z [147,441ms] [Info] [omni.usdMdl] MdlModuleRegistry::SubscribeModuleReloaded(1385719264942916404<OmniPBR><mdl>)
2026-06-20T14:10:59Z [147,441ms] [Info] [omni.hydra] Structural change on shade node '/__Fabric_StageInfo/MaterialPool/mat_d4b281d5/Shader'. Initiating database and shader updates.
2026-06-20T14:10:59Z [147,441ms] [Info] [omni.hydra] Start creating rendering material for prim '/__Fabric_StageInfo/MaterialPool/mat_d4b281d5/Shader': usd::rtx_scope0::/__Fabric_StageInfo/MaterialPool/mat_d4b281d5/Shader::::OmniPBR::OmniPBR((95))
2026-06-20T14:10:59Z [147,441ms] [Info] [omni.hydra] Setting new rendering material for prim '/__Fabric_StageInfo/MaterialPool/mat_d4b281d5/Shader': usd::rtx_scope0::/__Fabric_StageInfo/MaterialPool/mat_d4b281d5/Shader::::OmniPBR::OmniPBR((95))
2026-06-20T14:10:59Z [147,442ms] [Info] [omni.hydra] Resolved MdlEntity function overload for prim '/__Prototype_206413464770449272/Looks/PlasticBlack/Shader' as '::OmniPBR::OmniPBR.mdl'.
2026-06-20T14:10:59Z [147,442ms] [Info] [rtx.neuraylib.plugin] Stored MdlEntitySnapshot to DB: usd::rtx_scope0::/__Prototype_206413464770449272/Looks/PlasticBlack/Shader::::OmniPBR::OmniPBR((96))
2026-06-20T14:10:59Z [147,442ms] [Info] [omni.usdMdl] MdlModuleRegistry::SubscribeModuleReloaded(1385719264942916404<OmniPBR><mdl>)
2026-06-20T14:10:59Z [147,442ms] [Info] [omni.hydra] Structural change on shade node '/__Prototype_206413464770449272/Looks/PlasticBlack/Shader'. Initiating database and shader updates.
2026-06-20T14:10:59Z [147,442ms] [Info] [omni.hydra] Start creating rendering material for prim '/__Prototype_206413464770449272/Looks/PlasticBlack/Shader': usd::rtx_scope0::/__Prototype_206413464770449272/Looks/PlasticBlack/Shader::::OmniPBR::OmniPBR((96))
2026-06-20T14:10:59Z [147,443ms] [Info] [omni.hydra] Setting new rendering material for prim '/__Prototype_206413464770449272/Looks/PlasticBlack/Shader': usd::rtx_scope0::/__Prototype_206413464770449272/Looks/PlasticBlack/Shader::::OmniPBR::OmniPBR((96))
2026-06-20T14:10:59Z [147,443ms] [Info] [omni.hydra] Resolved MdlEntity function overload for prim '/__Prototype_11141905192441409142/Looks/RubberGreen/Shader' as '::OmniPBR::OmniPBR.mdl'.
2026-06-20T14:10:59Z [147,443ms] [Info] [rtx.neuraylib.plugin] Stored MdlEntitySnapshot to DB: usd::rtx_scope0::/__Prototype_11141905192441409142/Looks/RubberGreen/Shader::::OmniPBR::OmniPBR((97))
2026-06-20T14:10:59Z [147,443ms] [Info] [omni.usdMdl] MdlModuleRegistry::SubscribeModuleReloaded(1385719264942916404<OmniPBR><mdl>)
2026-06-20T14:10:59Z [147,443ms] [Info] [omni.hydra] Structural change on shade node '/__Prototype_11141905192441409142/Looks/RubberGreen/Shader'. Initiating database and shader updates.
2026-06-20T14:10:59Z [147,443ms] [Info] [omni.hydra] Start creating rendering material for prim '/__Prototype_11141905192441409142/Looks/RubberGreen/Shader': usd::rtx_scope0::/__Prototype_11141905192441409142/Looks/RubberGreen/Shader::::OmniPBR::OmniPBR((97))
2026-06-20T14:10:59Z [147,444ms] [Info] [omni.hydra] Setting new rendering material for prim '/__Prototype_11141905192441409142/Looks/RubberGreen/Shader': usd::rtx_scope0::/__Prototype_11141905192441409142/Looks/RubberGreen/Shader::::OmniPBR::OmniPBR((97))
2026-06-20T14:10:59Z [147,444ms] [Info] [omni.hydra] Resolved MdlEntity function overload for prim '/__Prototype_1639404433645361550/Looks/RubberLightGray/Shader' as '::OmniPBR::OmniPBR.mdl'.
2026-06-20T14:10:59Z [147,444ms] [Info] [rtx.neuraylib.plugin] Stored MdlEntitySnapshot to DB: usd::rtx_scope0::/__Prototype_1639404433645361550/Looks/RubberLightGray/Shader::::OmniPBR::OmniPBR((98))
2026-06-20T14:10:59Z [147,444ms] [Info] [omni.usdMdl] MdlModuleRegistry::SubscribeModuleReloaded(1385719264942916404<OmniPBR><mdl>)
2026-06-20T14:10:59Z [147,445ms] [Info] [omni.hydra] Structural change on shade node '/__Prototype_1639404433645361550/Looks/RubberLightGray/Shader'. Initiating database and shader updates.
2026-06-20T14:10:59Z [147,445ms] [Info] [omni.hydra] Start creating rendering material for prim '/__Prototype_1639404433645361550/Looks/RubberLightGray/Shader': usd::rtx_scope0::/__Prototype_1639404433645361550/Looks/RubberLightGray/Shader::::OmniPBR::OmniPBR((98))
2026-06-20T14:10:59Z [147,445ms] [Info] [omni.hydra] Setting new rendering material for prim '/__Prototype_1639404433645361550/Looks/RubberLightGray/Shader': usd::rtx_scope0::/__Prototype_1639404433645361550/Looks/RubberLightGray/Shader::::OmniPBR::OmniPBR((98))
2026-06-20T14:10:59Z [147,446ms] [Info] [omni.hydra] Resolved MdlEntity function overload for prim '/__Prototype_5417931770746990313/Looks/AluminumRough/Shader' as '::OmniPBR::OmniPBR.mdl'.
2026-06-20T14:10:59Z [147,446ms] [Info] [rtx.neuraylib.plugin] Stored MdlEntitySnapshot to DB: usd::rtx_scope0::/__Prototype_5417931770746990313/Looks/AluminumRough/Shader::::OmniPBR::OmniPBR((99))
2026-06-20T14:10:59Z [147,446ms] [Info] [omni.usdMdl] MdlModuleRegistry::SubscribeModuleReloaded(1385719264942916404<OmniPBR><mdl>)
2026-06-20T14:10:59Z [147,446ms] [Info] [omni.hydra] Structural change on shade node '/__Prototype_5417931770746990313/Looks/AluminumRough/Shader'. Initiating database and shader updates.
2026-06-20T14:10:59Z [147,446ms] [Info] [omni.hydra] Start creating rendering material for prim '/__Prototype_5417931770746990313/Looks/AluminumRough/Shader': usd::rtx_scope0::/__Prototype_5417931770746990313/Looks/AluminumRough/Shader::::OmniPBR::OmniPBR((99))
2026-06-20T14:10:59Z [147,447ms] [Info] [omni.hydra] Setting new rendering material for prim '/__Prototype_5417931770746990313/Looks/AluminumRough/Shader': usd::rtx_scope0::/__Prototype_5417931770746990313/Looks/AluminumRough/Shader::::OmniPBR::OmniPBR((99))
2026-06-20T14:10:59Z [147,447ms] [Info] [omni.hydra] Resolved MdlEntity function overload for prim '/__Prototype_206413464770449272/Looks/RubberWhite/Shader' as '::OmniPBR::OmniPBR.mdl'.
2026-06-20T14:10:59Z [147,447ms] [Info] [rtx.neuraylib.plugin] Stored MdlEntitySnapshot to DB: usd::rtx_scope0::/__Prototype_206413464770449272/Looks/RubberWhite/Shader::::OmniPBR::OmniPBR((100))
2026-06-20T14:10:59Z [147,447ms] [Info] [omni.usdMdl] MdlModuleRegistry::SubscribeModuleReloaded(1385719264942916404<OmniPBR><mdl>)
2026-06-20T14:10:59Z [147,447ms] [Info] [omni.hydra] Structural change on shade node '/__Prototype_206413464770449272/Looks/RubberWhite/Shader'. Initiating database and shader updates.
2026-06-20T14:10:59Z [147,447ms] [Info] [omni.hydra] Start creating rendering material for prim '/__Prototype_206413464770449272/Looks/RubberWhite/Shader': usd::rtx_scope0::/__Prototype_206413464770449272/Looks/RubberWhite/Shader::::OmniPBR::OmniPBR((100))
2026-06-20T14:10:59Z [147,448ms] [Info] [omni.hydra] Setting new rendering material for prim '/__Prototype_206413464770449272/Looks/RubberWhite/Shader': usd::rtx_scope0::/__Prototype_206413464770449272/Looks/RubberWhite/Shader::::OmniPBR::OmniPBR((100))
2026-06-20T14:10:59Z [147,448ms] [Info] [omni.hydra] Resolved MdlEntity function overload for prim '/__Prototype_67592052575106092/Looks/AluminumRough/Shader' as '::OmniPBR::OmniPBR.mdl'.
2026-06-20T14:10:59Z [147,449ms] [Info] [rtx.neuraylib.plugin] Stored MdlEntitySnapshot to DB: usd::rtx_scope0::/__Prototype_67592052575106092/Looks/AluminumRough/Shader::::OmniPBR::OmniPBR((101))
2026-06-20T14:10:59Z [147,449ms] [Info] [omni.usdMdl] MdlModuleRegistry::SubscribeModuleReloaded(1385719264942916404<OmniPBR><mdl>)
2026-06-20T14:10:59Z [147,449ms] [Info] [omni.hydra] Structural change on shade node '/__Prototype_67592052575106092/Looks/AluminumRough/Shader'. Initiating database and shader updates.
2026-06-20T14:10:59Z [147,449ms] [Info] [omni.hydra] Start creating rendering material for prim '/__Prototype_67592052575106092/Looks/AluminumRough/Shader': usd::rtx_scope0::/__Prototype_67592052575106092/Looks/AluminumRough/Shader::::OmniPBR::OmniPBR((101))
2026-06-20T14:10:59Z [147,449ms] [Info] [omni.hydra] Setting new rendering material for prim '/__Prototype_67592052575106092/Looks/AluminumRough/Shader': usd::rtx_scope0::/__Prototype_67592052575106092/Looks/AluminumRough/Shader::::OmniPBR::OmniPBR((101))
2026-06-20T14:10:59Z [147,450ms] [Info] [omni.hydra] Resolved MdlEntity function overload for prim '/__Prototype_18263965167746407872/Looks/RubberGreen/Shader' as '::OmniPBR::OmniPBR.mdl'.
2026-06-20T14:10:59Z [147,450ms] [Info] [rtx.neuraylib.plugin] Stored MdlEntitySnapshot to DB: usd::rtx_scope0::/__Prototype_18263965167746407872/Looks/RubberGreen/Shader::::OmniPBR::OmniPBR((102))
2026-06-20T14:10:59Z [147,450ms] [Info] [omni.usdMdl] MdlModuleRegistry::SubscribeModuleReloaded(1385719264942916404<OmniPBR><mdl>)
2026-06-20T14:10:59Z [147,450ms] [Info] [omni.hydra] Structural change on shade node '/__Prototype_18263965167746407872/Looks/RubberGreen/Shader'. Initiating database and shader updates.
2026-06-20T14:10:59Z [147,450ms] [Info] [omni.hydra] Start creating rendering material for prim '/__Prototype_18263965167746407872/Looks/RubberGreen/Shader': usd::rtx_scope0::/__Prototype_18263965167746407872/Looks/RubberGreen/Shader::::OmniPBR::OmniPBR((102))
2026-06-20T14:10:59Z [147,451ms] [Info] [omni.hydra] Setting new rendering material for prim '/__Prototype_18263965167746407872/Looks/RubberGreen/Shader': usd::rtx_scope0::/__Prototype_18263965167746407872/Looks/RubberGreen/Shader::::OmniPBR::OmniPBR((102))
2026-06-20T14:10:59Z [147,451ms] [Info] [omni.hydra] Resolved MdlEntity function overload for prim '/__Prototype_1639404433645361550/Looks/RubberGray/Shader' as '::OmniPBR::OmniPBR.mdl'.
2026-06-20T14:10:59Z [147,451ms] [Info] [rtx.neuraylib.plugin] Stored MdlEntitySnapshot to DB: usd::rtx_scope0::/__Prototype_1639404433645361550/Looks/RubberGray/Shader::::OmniPBR::OmniPBR((103))
2026-06-20T14:10:59Z [147,451ms] [Info] [omni.usdMdl] MdlModuleRegistry::SubscribeModuleReloaded(1385719264942916404<OmniPBR><mdl>)
2026-06-20T14:10:59Z [147,452ms] [Info] [omni.hydra] Structural change on shade node '/__Prototype_1639404433645361550/Looks/RubberGray/Shader'. Initiating database and shader updates.
2026-06-20T14:10:59Z [147,452ms] [Info] [omni.hydra] Start creating rendering material for prim '/__Prototype_1639404433645361550/Looks/RubberGray/Shader': usd::rtx_scope0::/__Prototype_1639404433645361550/Looks/RubberGray/Shader::::OmniPBR::OmniPBR((103))
2026-06-20T14:10:59Z [147,452ms] [Info] [omni.hydra] Setting new rendering material for prim '/__Prototype_1639404433645361550/Looks/RubberGray/Shader': usd::rtx_scope0::/__Prototype_1639404433645361550/Looks/RubberGray/Shader::::OmniPBR::OmniPBR((103))
2026-06-20T14:10:59Z [147,452ms] [Info] [omni.hydra] Resolved MdlEntity function overload for prim '/__Prototype_5417931770746990313/Looks/RubberWhite/Shader' as '::OmniPBR::OmniPBR.mdl'.
2026-06-20T14:10:59Z [147,453ms] [Info] [rtx.neuraylib.plugin] Stored MdlEntitySnapshot to DB: usd::rtx_scope0::/__Prototype_5417931770746990313/Looks/RubberWhite/Shader::::OmniPBR::OmniPBR((104))
2026-06-20T14:10:59Z [147,453ms] [Info] [omni.usdMdl] MdlModuleRegistry::SubscribeModuleReloaded(1385719264942916404<OmniPBR><mdl>)
2026-06-20T14:10:59Z [147,453ms] [Info] [omni.hydra] Structural change on shade node '/__Prototype_5417931770746990313/Looks/RubberWhite/Shader'. Initiating database and shader updates.
2026-06-20T14:10:59Z [147,453ms] [Info] [omni.hydra] Start creating rendering material for prim '/__Prototype_5417931770746990313/Looks/RubberWhite/Shader': usd::rtx_scope0::/__Prototype_5417931770746990313/Looks/RubberWhite/Shader::::OmniPBR::OmniPBR((104))
2026-06-20T14:10:59Z [147,453ms] [Info] [omni.hydra] Setting new rendering material for prim '/__Prototype_5417931770746990313/Looks/RubberWhite/Shader': usd::rtx_scope0::/__Prototype_5417931770746990313/Looks/RubberWhite/Shader::::OmniPBR::OmniPBR((104))
2026-06-20T14:10:59Z [147,454ms] [Info] [omni.hydra] Resolved MdlEntity function overload for prim '/__Prototype_12495086293957741503/Looks/RubberGreen/Shader' as '::OmniPBR::OmniPBR.mdl'.
2026-06-20T14:10:59Z [147,454ms] [Info] [rtx.neuraylib.plugin] Stored MdlEntitySnapshot to DB: usd::rtx_scope0::/__Prototype_12495086293957741503/Looks/RubberGreen/Shader::::OmniPBR::OmniPBR((105))
2026-06-20T14:10:59Z [147,454ms] [Info] [omni.usdMdl] MdlModuleRegistry::SubscribeModuleReloaded(1385719264942916404<OmniPBR><mdl>)
2026-06-20T14:10:59Z [147,454ms] [Info] [omni.hydra] Structural change on shade node '/__Prototype_12495086293957741503/Looks/RubberGreen/Shader'. Initiating database and shader updates.
2026-06-20T14:10:59Z [147,454ms] [Info] [omni.hydra] Start creating rendering material for prim '/__Prototype_12495086293957741503/Looks/RubberGreen/Shader': usd::rtx_scope0::/__Prototype_12495086293957741503/Looks/RubberGreen/Shader::::OmniPBR::OmniPBR((105))
2026-06-20T14:10:59Z [147,455ms] [Info] [omni.hydra] Setting new rendering material for prim '/__Prototype_12495086293957741503/Looks/RubberGreen/Shader': usd::rtx_scope0::/__Prototype_12495086293957741503/Looks/RubberGreen/Shader::::OmniPBR::OmniPBR((105))
2026-06-20T14:10:59Z [147,455ms] [Info] [omni.hydra] Resolved MdlEntity function overload for prim '/__Prototype_18263965167746407872/Looks/RubberLightGray/Shader' as '::OmniPBR::OmniPBR.mdl'.
2026-06-20T14:10:59Z [147,455ms] [Info] [rtx.neuraylib.plugin] Stored MdlEntitySnapshot to DB: usd::rtx_scope0::/__Prototype_18263965167746407872/Looks/RubberLightGray/Shader::::OmniPBR::OmniPBR((106))
2026-06-20T14:10:59Z [147,455ms] [Info] [omni.usdMdl] MdlModuleRegistry::SubscribeModuleReloaded(1385719264942916404<OmniPBR><mdl>)
2026-06-20T14:10:59Z [147,455ms] [Info] [omni.hydra] Structural change on shade node '/__Prototype_18263965167746407872/Looks/RubberLightGray/Shader'. Initiating database and shader updates.
2026-06-20T14:10:59Z [147,455ms] [Info] [omni.hydra] Start creating rendering material for prim '/__Prototype_18263965167746407872/Looks/RubberLightGray/Shader': usd::rtx_scope0::/__Prototype_18263965167746407872/Looks/RubberLightGray/Shader::::OmniPBR::OmniPBR((106))
2026-06-20T14:10:59Z [147,456ms] [Info] [omni.hydra] Setting new rendering material for prim '/__Prototype_18263965167746407872/Looks/RubberLightGray/Shader': usd::rtx_scope0::/__Prototype_18263965167746407872/Looks/RubberLightGray/Shader::::OmniPBR::OmniPBR((106))
2026-06-20T14:10:59Z [147,456ms] [Info] [omni.hydra] Resolved MdlEntity function overload for prim '/__Prototype_206413464770449272/Looks/Aluminum/Shader' as '::OmniPBR::OmniPBR.mdl'.
2026-06-20T14:10:59Z [147,456ms] [Info] [rtx.neuraylib.plugin] Stored MdlEntitySnapshot to DB: usd::rtx_scope0::/__Prototype_206413464770449272/Looks/Aluminum/Shader::::OmniPBR::OmniPBR((107))
2026-06-20T14:10:59Z [147,456ms] [Info] [omni.usdMdl] MdlModuleRegistry::SubscribeModuleReloaded(1385719264942916404<OmniPBR><mdl>)
2026-06-20T14:10:59Z [147,456ms] [Info] [omni.hydra] Structural change on shade node '/__Prototype_206413464770449272/Looks/Aluminum/Shader'. Initiating database and shader updates.
2026-06-20T14:10:59Z [147,456ms] [Info] [omni.hydra] Start creating rendering material for prim '/__Prototype_206413464770449272/Looks/Aluminum/Shader': usd::rtx_scope0::/__Prototype_206413464770449272/Looks/Aluminum/Shader::::OmniPBR::OmniPBR((107))
2026-06-20T14:10:59Z [147,457ms] [Info] [omni.hydra] Setting new rendering material for prim '/__Prototype_206413464770449272/Looks/Aluminum/Shader': usd::rtx_scope0::/__Prototype_206413464770449272/Looks/Aluminum/Shader::::OmniPBR::OmniPBR((107))
2026-06-20T14:10:59Z [147,457ms] [Info] [omni.hydra] Resolved MdlEntity function overload for prim '/__Prototype_5288141205716021555/Looks/RubberGreen/Shader' as '::OmniPBR::OmniPBR.mdl'.
2026-06-20T14:10:59Z [147,457ms] [Info] [rtx.neuraylib.plugin] Stored MdlEntitySnapshot to DB: usd::rtx_scope0::/__Prototype_5288141205716021555/Looks/RubberGreen/Shader::::OmniPBR::OmniPBR((108))
2026-06-20T14:10:59Z [147,457ms] [Info] [omni.usdMdl] MdlModuleRegistry::SubscribeModuleReloaded(1385719264942916404<OmniPBR><mdl>)
2026-06-20T14:10:59Z [147,458ms] [Info] [omni.hydra] Structural change on shade node '/__Prototype_5288141205716021555/Looks/RubberGreen/Shader'. Initiating database and shader updates.
2026-06-20T14:10:59Z [147,458ms] [Info] [omni.hydra] Start creating rendering material for prim '/__Prototype_5288141205716021555/Looks/RubberGreen/Shader': usd::rtx_scope0::/__Prototype_5288141205716021555/Looks/RubberGreen/Shader::::OmniPBR::OmniPBR((108))
2026-06-20T14:10:59Z [147,458ms] [Info] [omni.hydra] Setting new rendering material for prim '/__Prototype_5288141205716021555/Looks/RubberGreen/Shader': usd::rtx_scope0::/__Prototype_5288141205716021555/Looks/RubberGreen/Shader::::OmniPBR::OmniPBR((108))
2026-06-20T14:10:59Z [147,458ms] [Info] [omni.hydra] Resolved MdlEntity function overload for prim '/__Prototype_8866471526631341610/Looks/rubber_cable/Shader' as '::OmniPBR::OmniPBR.mdl'.
2026-06-20T14:10:59Z [147,459ms] [Info] [rtx.neuraylib.plugin] Stored MdlEntitySnapshot to DB: usd::rtx_scope0::/__Prototype_8866471526631341610/Looks/rubber_cable/Shader::::OmniPBR::OmniPBR((109))
2026-06-20T14:10:59Z [147,459ms] [Info] [omni.usdMdl] MdlModuleRegistry::SubscribeModuleReloaded(1385719264942916404<OmniPBR><mdl>)
2026-06-20T14:10:59Z [147,459ms] [Info] [omni.hydra] Structural change on shade node '/__Prototype_8866471526631341610/Looks/rubber_cable/Shader'. Initiating database and shader updates.
2026-06-20T14:10:59Z [147,459ms] [Info] [omni.hydra] Start creating rendering material for prim '/__Prototype_8866471526631341610/Looks/rubber_cable/Shader': usd::rtx_scope0::/__Prototype_8866471526631341610/Looks/rubber_cable/Shader::::OmniPBR::OmniPBR((109))
2026-06-20T14:10:59Z [147,459ms] [Info] [omni.hydra] Setting new rendering material for prim '/__Prototype_8866471526631341610/Looks/rubber_cable/Shader': usd::rtx_scope0::/__Prototype_8866471526631341610/Looks/rubber_cable/Shader::::OmniPBR::OmniPBR((109))
2026-06-20T14:10:59Z [147,460ms] [Info] [omni.hydra] Resolved MdlEntity function overload for prim '/__Prototype_18263965167746407872/Looks/RubberRed/Shader' as '::OmniPBR::OmniPBR.mdl'.
2026-06-20T14:10:59Z [147,460ms] [Info] [rtx.neuraylib.plugin] Stored MdlEntitySnapshot to DB: usd::rtx_scope0::/__Prototype_18263965167746407872/Looks/RubberRed/Shader::::OmniPBR::OmniPBR((110))
2026-06-20T14:10:59Z [147,460ms] [Info] [omni.usdMdl] MdlModuleRegistry::SubscribeModuleReloaded(1385719264942916404<OmniPBR><mdl>)
2026-06-20T14:10:59Z [147,460ms] [Info] [omni.hydra] Structural change on shade node '/__Prototype_18263965167746407872/Looks/RubberRed/Shader'. Initiating database and shader updates.
2026-06-20T14:10:59Z [147,460ms] [Info] [omni.hydra] Start creating rendering material for prim '/__Prototype_18263965167746407872/Looks/RubberRed/Shader': usd::rtx_scope0::/__Prototype_18263965167746407872/Looks/RubberRed/Shader::::OmniPBR::OmniPBR((110))
2026-06-20T14:10:59Z [147,461ms] [Info] [omni.hydra] Setting new rendering material for prim '/__Prototype_18263965167746407872/Looks/RubberRed/Shader': usd::rtx_scope0::/__Prototype_18263965167746407872/Looks/RubberRed/Shader::::OmniPBR::OmniPBR((110))
2026-06-20T14:10:59Z [147,461ms] [Info] [omni.hydra] Resolved MdlEntity function overload for prim '/__Prototype_11141905192441409142/Looks/AluminumRough/Shader' as '::OmniPBR::OmniPBR.mdl'.
2026-06-20T14:10:59Z [147,461ms] [Info] [rtx.neuraylib.plugin] Stored MdlEntitySnapshot to DB: usd::rtx_scope0::/__Prototype_11141905192441409142/Looks/AluminumRough/Shader::::OmniPBR::OmniPBR((111))
2026-06-20T14:10:59Z [147,461ms] [Info] [omni.usdMdl] MdlModuleRegistry::SubscribeModuleReloaded(1385719264942916404<OmniPBR><mdl>)
2026-06-20T14:10:59Z [147,461ms] [Info] [omni.hydra] Structural change on shade node '/__Prototype_11141905192441409142/Looks/AluminumRough/Shader'. Initiating database and shader updates.
2026-06-20T14:10:59Z [147,461ms] [Info] [omni.hydra] Start creating rendering material for prim '/__Prototype_11141905192441409142/Looks/AluminumRough/Shader': usd::rtx_scope0::/__Prototype_11141905192441409142/Looks/AluminumRough/Shader::::OmniPBR::OmniPBR((111))
2026-06-20T14:10:59Z [147,462ms] [Info] [omni.hydra] Setting new rendering material for prim '/__Prototype_11141905192441409142/Looks/AluminumRough/Shader': usd::rtx_scope0::/__Prototype_11141905192441409142/Looks/AluminumRough/Shader::::OmniPBR::OmniPBR((111))
2026-06-20T14:10:59Z [147,462ms] [Info] [omni.hydra] Resolved MdlEntity function overload for prim '/__Prototype_206413464770449272/Looks/RubberGreen/Shader' as '::OmniPBR::OmniPBR.mdl'.
2026-06-20T14:10:59Z [147,462ms] [Info] [rtx.neuraylib.plugin] Stored MdlEntitySnapshot to DB: usd::rtx_scope0::/__Prototype_206413464770449272/Looks/RubberGreen/Shader::::OmniPBR::OmniPBR((112))
2026-06-20T14:10:59Z [147,462ms] [Info] [omni.usdMdl] MdlModuleRegistry::SubscribeModuleReloaded(1385719264942916404<OmniPBR><mdl>)
2026-06-20T14:10:59Z [147,463ms] [Info] [omni.hydra] Structural change on shade node '/__Prototype_206413464770449272/Looks/RubberGreen/Shader'. Initiating database and shader updates.
2026-06-20T14:10:59Z [147,463ms] [Info] [omni.hydra] Start creating rendering material for prim '/__Prototype_206413464770449272/Looks/RubberGreen/Shader': usd::rtx_scope0::/__Prototype_206413464770449272/Looks/RubberGreen/Shader::::OmniPBR::OmniPBR((112))
2026-06-20T14:10:59Z [147,463ms] [Info] [omni.hydra] Setting new rendering material for prim '/__Prototype_206413464770449272/Looks/RubberGreen/Shader': usd::rtx_scope0::/__Prototype_206413464770449272/Looks/RubberGreen/Shader::::OmniPBR::OmniPBR((112))
2026-06-20T14:10:59Z [147,463ms] [Info] [omni.hydra] Resolved MdlEntity function overload for prim '/__Prototype_15159519498633414852/Looks/RubberWhite/Shader' as '::OmniPBR::OmniPBR.mdl'.
2026-06-20T14:10:59Z [147,464ms] [Info] [rtx.neuraylib.plugin] Stored MdlEntitySnapshot to DB: usd::rtx_scope0::/__Prototype_15159519498633414852/Looks/RubberWhite/Shader::::OmniPBR::OmniPBR((113))
2026-06-20T14:10:59Z [147,464ms] [Info] [omni.usdMdl] MdlModuleRegistry::SubscribeModuleReloaded(1385719264942916404<OmniPBR><mdl>)
2026-06-20T14:10:59Z [147,464ms] [Info] [omni.hydra] Structural change on shade node '/__Prototype_15159519498633414852/Looks/RubberWhite/Shader'. Initiating database and shader updates.
2026-06-20T14:10:59Z [147,464ms] [Info] [omni.hydra] Start creating rendering material for prim '/__Prototype_15159519498633414852/Looks/RubberWhite/Shader': usd::rtx_scope0::/__Prototype_15159519498633414852/Looks/RubberWhite/Shader::::OmniPBR::OmniPBR((113))
2026-06-20T14:10:59Z [147,465ms] [Info] [omni.hydra] Setting new rendering material for prim '/__Prototype_15159519498633414852/Looks/RubberWhite/Shader': usd::rtx_scope0::/__Prototype_15159519498633414852/Looks/RubberWhite/Shader::::OmniPBR::OmniPBR((113))
2026-06-20T14:10:59Z [147,465ms] [Info] [omni.hydra] Resolved MdlEntity function overload for prim '/__Prototype_8866471526631341610/Looks/RubberGray/Shader' as '::OmniPBR::OmniPBR.mdl'.
2026-06-20T14:10:59Z [147,465ms] [Info] [rtx.neuraylib.plugin] Stored MdlEntitySnapshot to DB: usd::rtx_scope0::/__Prototype_8866471526631341610/Looks/RubberGray/Shader::::OmniPBR::OmniPBR((114))
2026-06-20T14:10:59Z [147,465ms] [Info] [omni.usdMdl] MdlModuleRegistry::SubscribeModuleReloaded(1385719264942916404<OmniPBR><mdl>)
2026-06-20T14:10:59Z [147,465ms] [Info] [omni.hydra] Structural change on shade node '/__Prototype_8866471526631341610/Looks/RubberGray/Shader'. Initiating database and shader updates.
2026-06-20T14:10:59Z [147,465ms] [Info] [omni.hydra] Start creating rendering material for prim '/__Prototype_8866471526631341610/Looks/RubberGray/Shader': usd::rtx_scope0::/__Prototype_8866471526631341610/Looks/RubberGray/Shader::::OmniPBR::OmniPBR((114))
2026-06-20T14:10:59Z [147,466ms] [Info] [omni.hydra] Setting new rendering material for prim '/__Prototype_8866471526631341610/Looks/RubberGray/Shader': usd::rtx_scope0::/__Prototype_8866471526631341610/Looks/RubberGray/Shader::::OmniPBR::OmniPBR((114))
2026-06-20T14:10:59Z [147,466ms] [Info] [omni.hydra] Resolved MdlEntity function overload for prim '/__Prototype_15159519498633414852/Looks/RubberLightGray/Shader' as '::OmniPBR::OmniPBR.mdl'.
2026-06-20T14:10:59Z [147,466ms] [Info] [rtx.neuraylib.plugin] Stored MdlEntitySnapshot to DB: usd::rtx_scope0::/__Prototype_15159519498633414852/Looks/RubberLightGray/Shader::::OmniPBR::OmniPBR((115))
2026-06-20T14:10:59Z [147,466ms] [Info] [omni.usdMdl] MdlModuleRegistry::SubscribeModuleReloaded(1385719264942916404<OmniPBR><mdl>)
2026-06-20T14:10:59Z [147,466ms] [Info] [omni.hydra] Structural change on shade node '/__Prototype_15159519498633414852/Looks/RubberLightGray/Shader'. Initiating database and shader updates.
2026-06-20T14:10:59Z [147,466ms] [Info] [omni.hydra] Start creating rendering material for prim '/__Prototype_15159519498633414852/Looks/RubberLightGray/Shader': usd::rtx_scope0::/__Prototype_15159519498633414852/Looks/RubberLightGray/Shader::::OmniPBR::OmniPBR((115))
2026-06-20T14:10:59Z [147,467ms] [Info] [omni.hydra] Setting new rendering material for prim '/__Prototype_15159519498633414852/Looks/RubberLightGray/Shader': usd::rtx_scope0::/__Prototype_15159519498633414852/Looks/RubberLightGray/Shader::::OmniPBR::OmniPBR((115))
2026-06-20T14:10:59Z [147,467ms] [Info] [omni.hydra] Resolved MdlEntity function overload for prim '/__Prototype_4857502944779566417/Looks/RubberGreen/Shader' as '::OmniPBR::OmniPBR.mdl'.
2026-06-20T14:10:59Z [147,467ms] [Info] [rtx.neuraylib.plugin] Stored MdlEntitySnapshot to DB: usd::rtx_scope0::/__Prototype_4857502944779566417/Looks/RubberGreen/Shader::::OmniPBR::OmniPBR((116))
2026-06-20T14:10:59Z [147,467ms] [Info] [omni.usdMdl] MdlModuleRegistry::SubscribeModuleReloaded(1385719264942916404<OmniPBR><mdl>)
2026-06-20T14:10:59Z [147,468ms] [Info] [omni.hydra] Structural change on shade node '/__Prototype_4857502944779566417/Looks/RubberGreen/Shader'. Initiating database and shader updates.
2026-06-20T14:10:59Z [147,468ms] [Info] [omni.hydra] Start creating rendering material for prim '/__Prototype_4857502944779566417/Looks/RubberGreen/Shader': usd::rtx_scope0::/__Prototype_4857502944779566417/Looks/RubberGreen/Shader::::OmniPBR::OmniPBR((116))
2026-06-20T14:10:59Z [147,468ms] [Info] [omni.hydra] Setting new rendering material for prim '/__Prototype_4857502944779566417/Looks/RubberGreen/Shader': usd::rtx_scope0::/__Prototype_4857502944779566417/Looks/RubberGreen/Shader::::OmniPBR::OmniPBR((116))
2026-06-20T14:10:59Z [147,468ms] [Info] [omni.hydra] Resolved MdlEntity function overload for prim '/__Prototype_5417931770746990313/Looks/RubberRed/Shader' as '::OmniPBR::OmniPBR.mdl'.
2026-06-20T14:10:59Z [147,469ms] [Info] [rtx.neuraylib.plugin] Stored MdlEntitySnapshot to DB: usd::rtx_scope0::/__Prototype_5417931770746990313/Looks/RubberRed/Shader::::OmniPBR::OmniPBR((117))
2026-06-20T14:10:59Z [147,469ms] [Info] [omni.usdMdl] MdlModuleRegistry::SubscribeModuleReloaded(1385719264942916404<OmniPBR><mdl>)
2026-06-20T14:10:59Z [147,469ms] [Info] [omni.hydra] Structural change on shade node '/__Prototype_5417931770746990313/Looks/RubberRed/Shader'. Initiating database and shader updates.
2026-06-20T14:10:59Z [147,469ms] [Info] [omni.hydra] Start creating rendering material for prim '/__Prototype_5417931770746990313/Looks/RubberRed/Shader': usd::rtx_scope0::/__Prototype_5417931770746990313/Looks/RubberRed/Shader::::OmniPBR::OmniPBR((117))
2026-06-20T14:10:59Z [147,469ms] [Info] [omni.hydra] Setting new rendering material for prim '/__Prototype_5417931770746990313/Looks/RubberRed/Shader': usd::rtx_scope0::/__Prototype_5417931770746990313/Looks/RubberRed/Shader::::OmniPBR::OmniPBR((117))
2026-06-20T14:10:59Z [147,469ms] [Info] [omni.hydra] Resolved MdlEntity function overload for prim '/__Prototype_1639404433645361550/Looks/Aluminum/Shader' as '::OmniPBR::OmniPBR.mdl'.
2026-06-20T14:10:59Z [147,470ms] [Info] [rtx.neuraylib.plugin] Stored MdlEntitySnapshot to DB: usd::rtx_scope0::/__Prototype_1639404433645361550/Looks/Aluminum/Shader::::OmniPBR::OmniPBR((118))
2026-06-20T14:10:59Z [147,470ms] [Info] [omni.usdMdl] MdlModuleRegistry::SubscribeModuleReloaded(1385719264942916404<OmniPBR><mdl>)
2026-06-20T14:10:59Z [147,470ms] [Info] [omni.hydra] Structural change on shade node '/__Prototype_1639404433645361550/Looks/Aluminum/Shader'. Initiating database and shader updates.
2026-06-20T14:10:59Z [147,470ms] [Info] [omni.hydra] Start creating rendering material for prim '/__Prototype_1639404433645361550/Looks/Aluminum/Shader': usd::rtx_scope0::/__Prototype_1639404433645361550/Looks/Aluminum/Shader::::OmniPBR::OmniPBR((118))
2026-06-20T14:10:59Z [147,471ms] [Info] [omni.hydra] Setting new rendering material for prim '/__Prototype_1639404433645361550/Looks/Aluminum/Shader': usd::rtx_scope0::/__Prototype_1639404433645361550/Looks/Aluminum/Shader::::OmniPBR::OmniPBR((118))
2026-06-20T14:10:59Z [147,471ms] [Info] [omni.hydra] Resolved MdlEntity function overload for prim '/__Prototype_18263965167746407872/Looks/PlasticBlack/Shader' as '::OmniPBR::OmniPBR.mdl'.
2026-06-20T14:10:59Z [147,471ms] [Info] [rtx.neuraylib.plugin] Stored MdlEntitySnapshot to DB: usd::rtx_scope0::/__Prototype_18263965167746407872/Looks/PlasticBlack/Shader::::OmniPBR::OmniPBR((119))
2026-06-20T14:10:59Z [147,471ms] [Info] [omni.usdMdl] MdlModuleRegistry::SubscribeModuleReloaded(1385719264942916404<OmniPBR><mdl>)
2026-06-20T14:10:59Z [147,472ms] [Info] [omni.hydra] Structural change on shade node '/__Prototype_18263965167746407872/Looks/PlasticBlack/Shader'. Initiating database and shader updates.
2026-06-20T14:10:59Z [147,472ms] [Info] [omni.hydra] Start creating rendering material for prim '/__Prototype_18263965167746407872/Looks/PlasticBlack/Shader': usd::rtx_scope0::/__Prototype_18263965167746407872/Looks/PlasticBlack/Shader::::OmniPBR::OmniPBR((119))
2026-06-20T14:10:59Z [147,472ms] [Info] [omni.hydra] Setting new rendering material for prim '/__Prototype_18263965167746407872/Looks/PlasticBlack/Shader': usd::rtx_scope0::/__Prototype_18263965167746407872/Looks/PlasticBlack/Shader::::OmniPBR::OmniPBR((119))
2026-06-20T14:10:59Z [147,473ms] [Info] [omni.hydra] Resolved MdlEntity function overload for prim '/__Prototype_67592052575106092/Looks/Aluminum/Shader' as '::OmniPBR::OmniPBR.mdl'.
2026-06-20T14:10:59Z [147,473ms] [Info] [rtx.neuraylib.plugin] Stored MdlEntitySnapshot to DB: usd::rtx_scope0::/__Prototype_67592052575106092/Looks/Aluminum/Shader::::OmniPBR::OmniPBR((120))
2026-06-20T14:10:59Z [147,473ms] [Info] [omni.usdMdl] MdlModuleRegistry::SubscribeModuleReloaded(1385719264942916404<OmniPBR><mdl>)
2026-06-20T14:10:59Z [147,473ms] [Info] [omni.hydra] Structural change on shade node '/__Prototype_67592052575106092/Looks/Aluminum/Shader'. Initiating database and shader updates.
2026-06-20T14:10:59Z [147,473ms] [Info] [omni.hydra] Start creating rendering material for prim '/__Prototype_67592052575106092/Looks/Aluminum/Shader': usd::rtx_scope0::/__Prototype_67592052575106092/Looks/Aluminum/Shader::::OmniPBR::OmniPBR((120))
2026-06-20T14:10:59Z [147,474ms] [Info] [omni.hydra] Setting new rendering material for prim '/__Prototype_67592052575106092/Looks/Aluminum/Shader': usd::rtx_scope0::/__Prototype_67592052575106092/Looks/Aluminum/Shader::::OmniPBR::OmniPBR((120))
2026-06-20T14:10:59Z [147,480ms] [Info] [rtx.materialdb.plugin] Nonvisual material ID (0) was not set because legacy CSV was enabled by setting
2026-06-20T14:11:03Z [150,792ms] [Info] [isaacsim.core.utils.stage] Loading Asset from path https://omniverse-content-production.s3-us-west-2.amazonaws.com/Assets/Isaac/5.1/Isaac/Props/UIElements/frame_prim.usd 
2026-06-20T14:11:03Z [150,797ms] [Info] [omni.usd] Status: in Open at line 72 of /builds/omniverse/usd-resolver/source/library/OmniUsdAsset.cpp -- OmniUsdResolver: Opened asset 'https://omniverse-content-production.s3-us-west-2.amazonaws.com/Assets/Isaac/5.1/Isaac/Props/UIElements/frame_prim.usd' for read

2026-06-20T14:11:03Z [150,930ms] [Info] [isaacsim.core.utils.stage] Loading Asset from path https://omniverse-content-production.s3-us-west-2.amazonaws.com/Assets/Isaac/5.1/Isaac/Props/UIElements/frame_prim.usd 
2026-06-20T14:11:03Z [150,961ms] [Info] [carb] `get_post_update_event_stream` is deprecated. Use Events 2.0. Callstack:   File "/workspace/isaaclab/source/isaaclab/isaaclab/envs/mdp/commands/pose_command.py", line 55, in __init__
    super().__init__(cfg, env)
  File "/workspace/isaaclab/source/isaaclab/isaaclab/managers/command_manager.py", line 60, in __init__
    self.set_debug_vis(self.cfg.debug_vis)
  File "/workspace/isaaclab/source/isaaclab/isaaclab/managers/command_manager.py", line 109, in set_debug_vis
    self._debug_vis_handle = app_interface.get_post_update_event_stream().create_subscription_to_pop(
  File "/isaac-sim/kit/kernel/py/carb/__init__.py", line 107, in wrapped
    obj.__name__, message, "".join(traceback.format_stack(limit=4))[:-1]
2026-06-20T14:11:03Z [150,963ms] [Info] [isaaclab.envs.mdp.actions.task_space_actions] Resolved joint names for the action term DifferentialInverseKinematicsAction: ['panda_joint1', 'panda_joint2', 'panda_joint3', 'panda_joint4', 'panda_joint5', 'panda_joint6', 'panda_joint7'] [[0, 1, 2, 3, 4, 5, 6]]
2026-06-20T14:11:03Z [150,963ms] [Info] [isaaclab.envs.mdp.actions.task_space_actions] Resolved body name for the action term DifferentialInverseKinematicsAction: panda_hand [8]
2026-06-20T14:11:03Z [150,965ms] [Info] [isaaclab.managers.manager_base] [ObservationTermCfg:policy/socket_pose] Found entity 'robot'.
	Joint names: None [slice(None, None, None)]
	Body names: None [slice(None, None, None)]
2026-06-20T14:11:03Z [150,965ms] [Info] [isaaclab.managers.manager_base] [ObservationTermCfg:policy/socket_pose] Found entity 'socket_frame'.
	Joint names: None [slice(None, None, None)]
	Body names: None [slice(None, None, None)]
2026-06-20T14:11:03Z [150,972ms] [Info] [isaaclab.managers.manager_base] [ObservationTermCfg:policy/tip_to_socket_position] Found entity 'peg'.
	Joint names: None [slice(None, None, None)]
	Body names: None [slice(None, None, None)]
2026-06-20T14:11:03Z [150,972ms] [Info] [isaaclab.managers.manager_base] [ObservationTermCfg:policy/tip_to_socket_position] Found entity 'socket_frame'.
	Joint names: None [slice(None, None, None)]
	Body names: None [slice(None, None, None)]
2026-06-20T14:11:03Z [150,974ms] [Info] [isaaclab.managers.manager_base] [ObservationTermCfg:policy/tip_to_socket_orientation] Found entity 'peg'.
	Joint names: None [slice(None, None, None)]
	Body names: None [slice(None, None, None)]
2026-06-20T14:11:03Z [150,974ms] [Info] [isaaclab.managers.manager_base] [ObservationTermCfg:policy/tip_to_socket_orientation] Found entity 'socket_frame'.
	Joint names: None [slice(None, None, None)]
	Body names: None [slice(None, None, None)]
2026-06-20T14:11:03Z [150,975ms] [Info] [isaaclab.managers.manager_base] [ObservationTermCfg:policy/peg_contact_force_socket] Found entity 'peg_contact'.
	Joint names: None [slice(None, None, None)]
	Body names: None [slice(None, None, None)]
2026-06-20T14:11:03Z [150,975ms] [Info] [isaaclab.managers.manager_base] [ObservationTermCfg:policy/peg_contact_force_socket] Found entity 'socket_frame'.
	Joint names: None [slice(None, None, None)]
	Body names: None [slice(None, None, None)]
2026-06-20T14:11:03Z [150,979ms] [Info] [isaaclab.managers.manager_base] [ObservationTermCfg:policy/peg_contact_force_magnitude] Found entity 'peg_contact'.
	Joint names: None [slice(None, None, None)]
	Body names: None [slice(None, None, None)]
2026-06-20T14:11:03Z [150,981ms] [Info] [isaaclab.managers.manager_base] [TerminationTermCfg:insertion_success] Found entity 'peg'.
	Joint names: None [slice(None, None, None)]
	Body names: None [slice(None, None, None)]
2026-06-20T14:11:03Z [150,981ms] [Info] [isaaclab.managers.manager_base] [TerminationTermCfg:insertion_success] Found entity 'socket_frame'.
	Joint names: None [slice(None, None, None)]
	Body names: None [slice(None, None, None)]
2026-06-20T14:11:03Z [150,983ms] [Info] [isaaclab.managers.manager_base] [RewardTermCfg:approach_pose] Found entity 'peg'.
	Joint names: None [slice(None, None, None)]
	Body names: None [slice(None, None, None)]
2026-06-20T14:11:03Z [150,983ms] [Info] [isaaclab.managers.manager_base] [RewardTermCfg:approach_pose] Found entity 'socket_frame'.
	Joint names: None [slice(None, None, None)]
	Body names: None [slice(None, None, None)]
2026-06-20T14:11:03Z [150,983ms] [Info] [isaaclab.managers.manager_base] [RewardTermCfg:tip_position_tracking] Found entity 'peg'.
	Joint names: None [slice(None, None, None)]
	Body names: None [slice(None, None, None)]
2026-06-20T14:11:03Z [150,983ms] [Info] [isaaclab.managers.manager_base] [RewardTermCfg:tip_position_tracking] Found entity 'socket_frame'.
	Joint names: None [slice(None, None, None)]
	Body names: None [slice(None, None, None)]
2026-06-20T14:11:03Z [150,983ms] [Info] [isaaclab.managers.manager_base] [RewardTermCfg:tip_position_tracking_fine] Found entity 'peg'.
	Joint names: None [slice(None, None, None)]
	Body names: None [slice(None, None, None)]
2026-06-20T14:11:03Z [150,983ms] [Info] [isaaclab.managers.manager_base] [RewardTermCfg:tip_position_tracking_fine] Found entity 'socket_frame'.
	Joint names: None [slice(None, None, None)]
	Body names: None [slice(None, None, None)]
2026-06-20T14:11:03Z [150,983ms] [Info] [isaaclab.managers.manager_base] [RewardTermCfg:tip_orientation_tracking] Found entity 'peg'.
	Joint names: None [slice(None, None, None)]
	Body names: None [slice(None, None, None)]
2026-06-20T14:11:03Z [150,983ms] [Info] [isaaclab.managers.manager_base] [RewardTermCfg:tip_orientation_tracking] Found entity 'socket_frame'.
	Joint names: None [slice(None, None, None)]
	Body names: None [slice(None, None, None)]
2026-06-20T14:11:03Z [150,983ms] [Info] [isaaclab.managers.manager_base] [RewardTermCfg:insertion_progress] Found entity 'peg'.
	Joint names: None [slice(None, None, None)]
	Body names: None [slice(None, None, None)]
2026-06-20T14:11:03Z [150,983ms] [Info] [isaaclab.managers.manager_base] [RewardTermCfg:insertion_progress] Found entity 'socket_frame'.
	Joint names: None [slice(None, None, None)]
	Body names: None [slice(None, None, None)]
2026-06-20T14:11:03Z [150,983ms] [Info] [isaaclab.managers.manager_base] [RewardTermCfg:insertion_success] Found entity 'peg'.
	Joint names: None [slice(None, None, None)]
	Body names: None [slice(None, None, None)]
2026-06-20T14:11:03Z [150,983ms] [Info] [isaaclab.managers.manager_base] [RewardTermCfg:insertion_success] Found entity 'socket_frame'.
	Joint names: None [slice(None, None, None)]
	Body names: None [slice(None, None, None)]
2026-06-20T14:11:03Z [150,983ms] [Info] [isaaclab.managers.manager_base] [RewardTermCfg:joint_vel] Found entity 'robot'.
	Joint names: None [slice(None, None, None)]
	Body names: None [slice(None, None, None)]
2026-06-20T14:11:03Z [150,984ms] [Info] [isaaclab.managers.manager_base] Initializing term 'action_rate' with class 'modify_reward_weight'.
2026-06-20T14:11:03Z [151,335ms] [Warning] [omni.physx.fabric.plugin] FabricManager::initializePointInstancer mismatched prototypes on point instancer: /Visuals/Command/body_pose.
2026-06-20T14:11:03Z [151,335ms] [Warning] [omni.physx.fabric.plugin] FabricManager::initializePointInstancer mismatched prototypes on point instancer: /Visuals/Command/goal_pose.
2026-06-20T14:11:04Z [151,703ms] [Info] [usdrt.population.plugin] USDRT population: Total primvar size: 0.000, sparse primvar size: 0.000 
2026-06-20T14:11:04Z [151,704ms] [Info] [usdrt.population.plugin] FabricPopulation: 0 meshes, 14 materials -> 0 after de-duplication, 0 geo instance proxies
2026-06-20T14:11:04Z [151,868ms] [Info] [omni.hydratexture.plugin] HydraTexture with name 'Replicator' has settings-path of '/exts/omni.kit.hydra_texture/Replicator/'
2026-06-20T14:11:04Z [151,869ms] [Info] [omni.usd] UsdContext::createViewportImpl - engine type: 'rtx', tick rate: 120 , flags: 0 , device: 0
2026-06-20T14:11:04Z [151,870ms] [Info] [omni.usd] [MBVH]: enableHydraengineMasking: OFF, for indexForEngineInstance: 0
2026-06-20T14:11:04Z [151,870ms] [Info] [omni.usd] [MBVH]: raytracingMotion/enable: OFF, for indexForEngineInstance: 0
2026-06-20T14:11:04Z [151,870ms] [Info] [omni.usd] UsdContext::createRunloopThreadForHydraEngineImpl - engine: ' uid: 1024 type: rtx flags: 2 tickRateInHz: 0 deviceMask: 1 creationIndex: 0'
2026-06-20T14:11:04Z [151,870ms] [Info] [omni.usd] [MBVH]: enableHydraengineMasking: OFF, for indexForEngineInstance: 0
2026-06-20T14:11:04Z [151,870ms] [Info] [omni.usd] [MBVH]: raytracingMotion/enable: OFF, for indexForEngineInstance: 0
2026-06-20T14:11:04Z [151,870ms] [Info] [omni.usd] UsdContext::createViewportImpl - handle: 1, engine: 1024
2026-06-20T14:11:04Z [151,872ms] [Info] [omni.replicator.core.scripts.annotators] Attaching rgb to render product(s) ['/Render/OmniverseKit/HydraTextures/Replicator']
2026-06-20T14:11:04Z [151,894ms] [Info] [usdrt.population.plugin] USDRT population: Total primvar size: 0.000, sparse primvar size: 0.000 
2026-06-20T14:11:04Z [151,894ms] [Info] [usdrt.population.plugin] FabricPopulation: 0 meshes, 0 materials -> 0 after de-duplication, 0 geo instance proxies
2026-06-20T14:11:04Z [151,931ms] [Warning] [omni.physx.fabric.plugin] FabricManager::initializePointInstancer mismatched prototypes on point instancer: /Visuals/Command/body_pose.
2026-06-20T14:11:04Z [151,931ms] [Warning] [omni.physx.fabric.plugin] FabricManager::initializePointInstancer mismatched prototypes on point instancer: /Visuals/Command/goal_pose.
2026-06-20T14:11:04Z [151,933ms] [Info] [omni.kit.menu.utils.utils] omni.kit.menu.utils.refresh_menu_items Replicator
2026-06-20T14:11:04Z [151,947ms] [Info] [rtx.multigpumanager.plugin] View 0 (/Render/OmniverseKit/HydraTextures/omni_kit_widget_viewport_ViewportTexture_0) assigned to device 0
2026-06-20T14:11:04Z [151,948ms] [Info] [rtx.multigpumanager.plugin] View 0 (/Render/OmniverseKit/HydraTextures/omni_kit_widget_viewport_ViewportTexture_0) switching to 1x1 layout
2026-06-20T14:11:04Z [151,948ms] [Info] [rtx.multigpumanager.plugin] View 1 (/Render/OmniverseKit/HydraTextures/Replicator) assigned to device 0
2026-06-20T14:11:04Z [151,948ms] [Info] [rtx.multigpumanager.plugin] View 1 (/Render/OmniverseKit/HydraTextures/Replicator) switching to 1x1 layout
2026-06-20T14:11:04Z [152,013ms] [Warning] [omni.syntheticdata.plugin] OgnSdPostRenderVarToHost : rendervar copy from texture directly to host buffer is counter-performant. Please use copy from texture to device buffer first.
2026-06-20T14:11:08Z [155,830ms] [Warning] [carb] Client gpu.foundation.plugin has acquired [gpu::unstable::IMemoryBudgetManagerFactory v0.1] 100 times. Consider accessing this interface with carb::getCachedInterface() (Performance warning)
2026-06-20T14:12:21Z [229,254ms] [Info] [simulation_app.simulation_app] SimulationApp.close: Closing application
2026-06-20T14:12:21Z [229,254ms] [Info] [omni.replicator.core.scripts.orchestrator] Replicator Stop
2026-06-20T14:12:21Z [229,257ms] [Info] [isaacsim.core.simulation_manager.plugin] onStop: Cleared time samples
2026-06-20T14:12:21Z [229,471ms] [Info] [omni.physx.plugin] Using CUDA device ordinal 0.
2026-06-20T14:12:21Z [229,471ms] [Info] [omni.kit.menu.utils.utils] omni.kit.menu.utils.refresh_menu_items Replicator
2026-06-20T14:12:22Z [230,484ms] [Info] [omni.kit.menu.utils.utils] omni.kit.menu.utils.refresh_menu_items Replicator
2026-06-20T14:12:22Z [230,484ms] [Info] [simulation_app.simulation_app] SimulationApp.close: Replicator shutdown finished
2026-06-20T14:12:22Z [230,489ms] [Info] [omni.hydra] Destroying MdlShadeNode for prim: /__Prototype_18263965167746407872/Looks/rubber_cable/Shader (rtx)
2026-06-20T14:12:22Z [230,489ms] [Info] [rtx.neuraylib.plugin] Deleted MdlEntity for prim: /__Prototype_18263965167746407872/Looks/rubber_cable/Shader
2026-06-20T14:12:22Z [230,489ms] [Info] [omni.hydra] Destroying MdlShadeNode for prim: /__Prototype_5288141205716021555/Looks/AluminumRough/Shader (rtx)
2026-06-20T14:12:22Z [230,489ms] [Info] [rtx.neuraylib.plugin] Deleted MdlEntity for prim: /__Prototype_5288141205716021555/Looks/AluminumRough/Shader
2026-06-20T14:12:22Z [230,489ms] [Info] [omni.hydra] Destroying MdlShadeNode for prim: /__Prototype_4857502944779566417/Looks/Aluminum/Shader (rtx)
2026-06-20T14:12:22Z [230,489ms] [Info] [rtx.neuraylib.plugin] Deleted MdlEntity for prim: /__Prototype_4857502944779566417/Looks/Aluminum/Shader
2026-06-20T14:12:22Z [230,489ms] [Info] [omni.hydra] Destroying MdlShadeNode for prim: /__Prototype_4857502944779566417/Looks/EmissiveBlue/Shader (rtx)
2026-06-20T14:12:22Z [230,489ms] [Info] [rtx.neuraylib.plugin] Deleted MdlEntity for prim: /__Prototype_4857502944779566417/Looks/EmissiveBlue/Shader
2026-06-20T14:12:22Z [230,489ms] [Info] [omni.hydra] Destroying MdlShadeNode for prim: /__Prototype_8866471526631341610/Looks/RubberLightGray/Shader (rtx)
2026-06-20T14:12:22Z [230,489ms] [Info] [rtx.neuraylib.plugin] Deleted MdlEntity for prim: /__Prototype_8866471526631341610/Looks/RubberLightGray/Shader
2026-06-20T14:12:22Z [230,489ms] [Info] [omni.hydra] Destroying MdlShadeNode for prim: /__Prototype_1639404433645361550/Looks/PlasticBlack/Shader (rtx)
2026-06-20T14:12:22Z [230,489ms] [Info] [rtx.neuraylib.plugin] Deleted MdlEntity for prim: /__Prototype_1639404433645361550/Looks/PlasticBlack/Shader
2026-06-20T14:12:22Z [230,490ms] [Info] [omni.hydra] Destroying MdlShadeNode for prim: /__Prototype_1639404433645361550/Looks/RubberGreen/Shader (rtx)
2026-06-20T14:12:22Z [230,490ms] [Info] [rtx.neuraylib.plugin] Deleted MdlEntity for prim: /__Prototype_1639404433645361550/Looks/RubberGreen/Shader
2026-06-20T14:12:22Z [230,490ms] [Info] [omni.hydra] Destroying MdlShadeNode for prim: /__Prototype_11141905192441409142/Looks/EmissiveBlue/Shader (rtx)
2026-06-20T14:12:22Z [230,490ms] [Info] [rtx.neuraylib.plugin] Deleted MdlEntity for prim: /__Prototype_11141905192441409142/Looks/EmissiveBlue/Shader
2026-06-20T14:12:22Z [230,490ms] [Info] [omni.hydra] Destroying MdlShadeNode for prim: /__Prototype_4857502944779566417/Looks/AluminumRough/Shader (rtx)
2026-06-20T14:12:22Z [230,490ms] [Info] [rtx.neuraylib.plugin] Deleted MdlEntity for prim: /__Prototype_4857502944779566417/Looks/AluminumRough/Shader
2026-06-20T14:12:22Z [230,490ms] [Info] [omni.hydra] Destroying MdlShadeNode for prim: /__Prototype_12495086293957741503/Looks/rubber_cable/Shader (rtx)
2026-06-20T14:12:22Z [230,490ms] [Info] [rtx.neuraylib.plugin] Deleted MdlEntity for prim: /__Prototype_12495086293957741503/Looks/rubber_cable/Shader
2026-06-20T14:12:22Z [230,490ms] [Info] [omni.hydra] Destroying MdlShadeNode for prim: /__Prototype_11141905192441409142/Looks/Aluminum/Shader (rtx)
2026-06-20T14:12:22Z [230,490ms] [Info] [rtx.neuraylib.plugin] Deleted MdlEntity for prim: /__Prototype_11141905192441409142/Looks/Aluminum/Shader
2026-06-20T14:12:22Z [230,490ms] [Info] [omni.hydra] Destroying MdlShadeNode for prim: /__Prototype_8866471526631341610/Looks/RubberRed/Shader (rtx)
2026-06-20T14:12:22Z [230,490ms] [Info] [rtx.neuraylib.plugin] Deleted MdlEntity for prim: /__Prototype_8866471526631341610/Looks/RubberRed/Shader
2026-06-20T14:12:22Z [230,490ms] [Info] [omni.hydra] Destroying MdlShadeNode for prim: /__Prototype_4857502944779566417/Looks/RubberGray/Shader (rtx)
2026-06-20T14:12:22Z [230,490ms] [Info] [rtx.neuraylib.plugin] Deleted MdlEntity for prim: /__Prototype_4857502944779566417/Looks/RubberGray/Shader
2026-06-20T14:12:22Z [230,490ms] [Info] [omni.hydra] Destroying MdlShadeNode for prim: /__Prototype_5288141205716021555/Looks/EmissiveBlue/Shader (rtx)
2026-06-20T14:12:22Z [230,490ms] [Info] [rtx.neuraylib.plugin] Deleted MdlEntity for prim: /__Prototype_5288141205716021555/Looks/EmissiveBlue/Shader
2026-06-20T14:12:22Z [230,490ms] [Info] [omni.hydra] Destroying MdlShadeNode for prim: /__Prototype_5288141205716021555/Looks/PlasticBlack/Shader (rtx)
2026-06-20T14:12:22Z [230,490ms] [Info] [rtx.neuraylib.plugin] Deleted MdlEntity for prim: /__Prototype_5288141205716021555/Looks/PlasticBlack/Shader
2026-06-20T14:12:22Z [230,490ms] [Info] [omni.hydra] Destroying MdlShadeNode for prim: /__Prototype_5417931770746990313/Looks/EmissiveBlue/Shader (rtx)
2026-06-20T14:12:22Z [230,490ms] [Info] [rtx.neuraylib.plugin] Deleted MdlEntity for prim: /__Prototype_5417931770746990313/Looks/EmissiveBlue/Shader
2026-06-20T14:12:22Z [230,491ms] [Info] [omni.hydra] Destroying MdlShadeNode for prim: /__Prototype_5417931770746990313/Looks/RubberLightGray/Shader (rtx)
2026-06-20T14:12:22Z [230,491ms] [Info] [rtx.neuraylib.plugin] Deleted MdlEntity for prim: /__Prototype_5417931770746990313/Looks/RubberLightGray/Shader
2026-06-20T14:12:22Z [230,491ms] [Info] [omni.hydra] Destroying MdlShadeNode for prim: /__Prototype_18263965167746407872/Looks/EmissiveBlue/Shader (rtx)
2026-06-20T14:12:22Z [230,491ms] [Info] [rtx.neuraylib.plugin] Deleted MdlEntity for prim: /__Prototype_18263965167746407872/Looks/EmissiveBlue/Shader
2026-06-20T14:12:22Z [230,491ms] [Info] [omni.hydra] Destroying MdlShadeNode for prim: /__Prototype_1639404433645361550/Looks/AluminumRough/Shader (rtx)
2026-06-20T14:12:22Z [230,491ms] [Info] [rtx.neuraylib.plugin] Deleted MdlEntity for prim: /__Prototype_1639404433645361550/Looks/AluminumRough/Shader
2026-06-20T14:12:22Z [230,491ms] [Info] [omni.hydra] Destroying MdlShadeNode for prim: /__Prototype_12495086293957741503/Looks/EmissiveBlue/Shader (rtx)
2026-06-20T14:12:22Z [230,491ms] [Info] [rtx.neuraylib.plugin] Deleted MdlEntity for prim: /__Prototype_12495086293957741503/Looks/EmissiveBlue/Shader
2026-06-20T14:12:22Z [230,491ms] [Info] [omni.hydra] Destroying MdlShadeNode for prim: /__Prototype_8866471526631341610/Looks/AluminumRough/Shader (rtx)
2026-06-20T14:12:22Z [230,491ms] [Info] [rtx.neuraylib.plugin] Deleted MdlEntity for prim: /__Prototype_8866471526631341610/Looks/AluminumRough/Shader
2026-06-20T14:12:22Z [230,491ms] [Info] [omni.hydra] Destroying MdlShadeNode for prim: /__Prototype_5417931770746990313/Looks/Aluminum/Shader (rtx)
2026-06-20T14:12:22Z [230,491ms] [Info] [rtx.neuraylib.plugin] Deleted MdlEntity for prim: /__Prototype_5417931770746990313/Looks/Aluminum/Shader
2026-06-20T14:12:22Z [230,491ms] [Info] [omni.hydra] Destroying MdlShadeNode for prim: /__Prototype_12495086293957741503/Looks/AluminumRough/Shader (rtx)
2026-06-20T14:12:22Z [230,491ms] [Info] [rtx.neuraylib.plugin] Deleted MdlEntity for prim: /__Prototype_12495086293957741503/Looks/AluminumRough/Shader
2026-06-20T14:12:22Z [230,491ms] [Info] [omni.hydra] Destroying MdlShadeNode for prim: /__Prototype_8866471526631341610/Looks/Aluminum/Shader (rtx)
2026-06-20T14:12:22Z [230,491ms] [Info] [rtx.neuraylib.plugin] Deleted MdlEntity for prim: /__Prototype_8866471526631341610/Looks/Aluminum/Shader
2026-06-20T14:12:22Z [230,491ms] [Info] [omni.hydra] Destroying MdlShadeNode for prim: /__Prototype_12495086293957741503/Looks/PlasticBlack/Shader (rtx)
2026-06-20T14:12:22Z [230,491ms] [Info] [rtx.neuraylib.plugin] Deleted MdlEntity for prim: /__Prototype_12495086293957741503/Looks/PlasticBlack/Shader
2026-06-20T14:12:22Z [230,492ms] [Info] [omni.hydra] Destroying MdlShadeNode for prim: /__Prototype_4857502944779566417/Looks/PlasticGray/Shader (rtx)
2026-06-20T14:12:22Z [230,492ms] [Info] [rtx.neuraylib.plugin] Deleted MdlEntity for prim: /__Prototype_4857502944779566417/Looks/PlasticGray/Shader
2026-06-20T14:12:22Z [230,492ms] [Info] [omni.hydra] Destroying MdlShadeNode for prim: /__Prototype_206413464770449272/Looks/PlasticGray/Shader (rtx)
2026-06-20T14:12:22Z [230,492ms] [Info] [rtx.neuraylib.plugin] Deleted MdlEntity for prim: /__Prototype_206413464770449272/Looks/PlasticGray/Shader
2026-06-20T14:12:22Z [230,492ms] [Info] [omni.hydra] Destroying MdlShadeNode for prim: /__Prototype_12495086293957741503/Looks/RubberLightGray/Shader (rtx)
2026-06-20T14:12:22Z [230,492ms] [Info] [rtx.neuraylib.plugin] Deleted MdlEntity for prim: /__Prototype_12495086293957741503/Looks/RubberLightGray/Shader
2026-06-20T14:12:22Z [230,492ms] [Info] [omni.hydra] Destroying MdlShadeNode for prim: /__Prototype_5417931770746990313/Looks/PlasticBlack/Shader (rtx)
2026-06-20T14:12:22Z [230,492ms] [Info] [rtx.neuraylib.plugin] Deleted MdlEntity for prim: /__Prototype_5417931770746990313/Looks/PlasticBlack/Shader
2026-06-20T14:12:22Z [230,492ms] [Info] [omni.hydra] Destroying MdlShadeNode for prim: /__Prototype_5288141205716021555/Looks/RubberGray/Shader (rtx)
2026-06-20T14:12:22Z [230,492ms] [Info] [rtx.neuraylib.plugin] Deleted MdlEntity for prim: /__Prototype_5288141205716021555/Looks/RubberGray/Shader
2026-06-20T14:12:22Z [230,492ms] [Info] [omni.hydra] Destroying MdlShadeNode for prim: /__Prototype_12495086293957741503/Looks/RubberWhite/Shader (rtx)
2026-06-20T14:12:22Z [230,492ms] [Info] [rtx.neuraylib.plugin] Deleted MdlEntity for prim: /__Prototype_12495086293957741503/Looks/RubberWhite/Shader
2026-06-20T14:12:22Z [230,492ms] [Info] [omni.hydra] Destroying MdlShadeNode for prim: /__Prototype_5288141205716021555/Looks/RubberLightGray/Shader (rtx)
2026-06-20T14:12:22Z [230,492ms] [Info] [rtx.neuraylib.plugin] Deleted MdlEntity for prim: /__Prototype_5288141205716021555/Looks/RubberLightGray/Shader
2026-06-20T14:12:22Z [230,492ms] [Info] [omni.hydra] Destroying MdlShadeNode for prim: /__Prototype_15159519498633414852/Looks/RubberRed/Shader (rtx)
2026-06-20T14:12:22Z [230,492ms] [Info] [rtx.neuraylib.plugin] Deleted MdlEntity for prim: /__Prototype_15159519498633414852/Looks/RubberRed/Shader
2026-06-20T14:12:22Z [230,492ms] [Info] [omni.hydra] Destroying MdlShadeNode for prim: /__Prototype_12495086293957741503/Looks/PlasticGray/Shader (rtx)
2026-06-20T14:12:22Z [230,492ms] [Info] [rtx.neuraylib.plugin] Deleted MdlEntity for prim: /__Prototype_12495086293957741503/Looks/PlasticGray/Shader
2026-06-20T14:12:22Z [230,492ms] [Info] [omni.hydra] Destroying MdlShadeNode for prim: /__Prototype_5417931770746990313/Looks/rubber_cable/Shader (rtx)
2026-06-20T14:12:22Z [230,492ms] [Info] [rtx.neuraylib.plugin] Deleted MdlEntity for prim: /__Prototype_5417931770746990313/Looks/rubber_cable/Shader
2026-06-20T14:12:22Z [230,492ms] [Info] [omni.hydra] Destroying MdlShadeNode for prim: /__Prototype_11141905192441409142/Looks/PlasticBlack/Shader (rtx)
2026-06-20T14:12:22Z [230,492ms] [Info] [rtx.neuraylib.plugin] Deleted MdlEntity for prim: /__Prototype_11141905192441409142/Looks/PlasticBlack/Shader
2026-06-20T14:12:22Z [230,493ms] [Info] [omni.hydra] Destroying MdlShadeNode for prim: /__Prototype_1639404433645361550/Looks/EmissiveBlue/Shader (rtx)
2026-06-20T14:12:22Z [230,493ms] [Info] [rtx.neuraylib.plugin] Deleted MdlEntity for prim: /__Prototype_1639404433645361550/Looks/EmissiveBlue/Shader
2026-06-20T14:12:22Z [230,493ms] [Info] [omni.hydra] Destroying MdlShadeNode for prim: /__Prototype_5288141205716021555/Looks/RubberWhite/Shader (rtx)
2026-06-20T14:12:22Z [230,493ms] [Info] [rtx.neuraylib.plugin] Deleted MdlEntity for prim: /__Prototype_5288141205716021555/Looks/RubberWhite/Shader
2026-06-20T14:12:22Z [230,493ms] [Info] [omni.hydra] Destroying MdlShadeNode for prim: /__Prototype_206413464770449272/Looks/RubberRed/Shader (rtx)
2026-06-20T14:12:22Z [230,493ms] [Info] [rtx.neuraylib.plugin] Deleted MdlEntity for prim: /__Prototype_206413464770449272/Looks/RubberRed/Shader
2026-06-20T14:12:22Z [230,493ms] [Info] [omni.hydra] Destroying MdlShadeNode for prim: /__Prototype_15159519498633414852/Looks/RubberGreen/Shader (rtx)
2026-06-20T14:12:22Z [230,493ms] [Info] [rtx.neuraylib.plugin] Deleted MdlEntity for prim: /__Prototype_15159519498633414852/Looks/RubberGreen/Shader
2026-06-20T14:12:22Z [230,493ms] [Info] [omni.hydra] Destroying MdlShadeNode for prim: /__Prototype_4857502944779566417/Looks/RubberWhite/Shader (rtx)
2026-06-20T14:12:22Z [230,493ms] [Info] [rtx.neuraylib.plugin] Deleted MdlEntity for prim: /__Prototype_4857502944779566417/Looks/RubberWhite/Shader
2026-06-20T14:12:22Z [230,493ms] [Info] [omni.hydra] Destroying MdlShadeNode for prim: /__Prototype_15159519498633414852/Looks/AluminumRough/Shader (rtx)
2026-06-20T14:12:22Z [230,493ms] [Info] [rtx.neuraylib.plugin] Deleted MdlEntity for prim: /__Prototype_15159519498633414852/Looks/AluminumRough/Shader
2026-06-20T14:12:22Z [230,493ms] [Info] [omni.hydra] Destroying MdlShadeNode for prim: /__Prototype_1639404433645361550/Looks/RubberWhite/Shader (rtx)
2026-06-20T14:12:22Z [230,493ms] [Info] [rtx.neuraylib.plugin] Deleted MdlEntity for prim: /__Prototype_1639404433645361550/Looks/RubberWhite/Shader
2026-06-20T14:12:22Z [230,493ms] [Info] [omni.hydra] Destroying MdlShadeNode for prim: /__Fabric_StageInfo/MaterialPool/mat_ee15977d/Shader (rtx)
2026-06-20T14:12:22Z [230,493ms] [Info] [rtx.neuraylib.plugin] Deleted MdlEntity for prim: /__Fabric_StageInfo/MaterialPool/mat_ee15977d/Shader
2026-06-20T14:12:22Z [230,493ms] [Info] [omni.hydra] Destroying MdlShadeNode for prim: /__Prototype_4857502944779566417/Looks/RubberRed/Shader (rtx)
2026-06-20T14:12:22Z [230,493ms] [Info] [rtx.neuraylib.plugin] Deleted MdlEntity for prim: /__Prototype_4857502944779566417/Looks/RubberRed/Shader
2026-06-20T14:12:22Z [230,494ms] [Info] [omni.hydra] Destroying MdlShadeNode for prim: /__Prototype_67592052575106092/Looks/PlasticBlack/Shader (rtx)
2026-06-20T14:12:22Z [230,494ms] [Info] [rtx.neuraylib.plugin] Deleted MdlEntity for prim: /__Prototype_67592052575106092/Looks/PlasticBlack/Shader
2026-06-20T14:12:22Z [230,494ms] [Info] [omni.hydra] Destroying MdlShadeNode for prim: /__Prototype_5417931770746990313/Looks/RubberGray/Shader (rtx)
2026-06-20T14:12:22Z [230,494ms] [Info] [rtx.neuraylib.plugin] Deleted MdlEntity for prim: /__Prototype_5417931770746990313/Looks/RubberGray/Shader
2026-06-20T14:12:22Z [230,494ms] [Info] [omni.hydra] Destroying MdlShadeNode for prim: /__Prototype_4857502944779566417/Looks/rubber_cable/Shader (rtx)
2026-06-20T14:12:22Z [230,494ms] [Info] [rtx.neuraylib.plugin] Deleted MdlEntity for prim: /__Prototype_4857502944779566417/Looks/rubber_cable/Shader
2026-06-20T14:12:22Z [230,494ms] [Info] [omni.hydra] Destroying MdlShadeNode for prim: /__Prototype_18263965167746407872/Looks/AluminumRough/Shader (rtx)
2026-06-20T14:12:22Z [230,494ms] [Info] [rtx.neuraylib.plugin] Deleted MdlEntity for prim: /__Prototype_18263965167746407872/Looks/AluminumRough/Shader
2026-06-20T14:12:22Z [230,494ms] [Info] [omni.hydra] Destroying MdlShadeNode for prim: /__Prototype_15159519498633414852/Looks/RubberGray/Shader (rtx)
2026-06-20T14:12:22Z [230,494ms] [Info] [rtx.neuraylib.plugin] Deleted MdlEntity for prim: /__Prototype_15159519498633414852/Looks/RubberGray/Shader
2026-06-20T14:12:22Z [230,494ms] [Info] [omni.hydra] Destroying MdlShadeNode for prim: /__Prototype_67592052575106092/Looks/rubber_cable/Shader (rtx)
2026-06-20T14:12:22Z [230,494ms] [Info] [rtx.neuraylib.plugin] Deleted MdlEntity for prim: /__Prototype_67592052575106092/Looks/rubber_cable/Shader
2026-06-20T14:12:22Z [230,494ms] [Info] [omni.hydra] Destroying MdlShadeNode for prim: /__Prototype_8866471526631341610/Looks/EmissiveBlue/Shader (rtx)
2026-06-20T14:12:22Z [230,494ms] [Info] [rtx.neuraylib.plugin] Deleted MdlEntity for prim: /__Prototype_8866471526631341610/Looks/EmissiveBlue/Shader
2026-06-20T14:12:22Z [230,494ms] [Info] [omni.hydra] Destroying MdlShadeNode for prim: /__Prototype_11141905192441409142/Looks/RubberLightGray/Shader (rtx)
2026-06-20T14:12:22Z [230,494ms] [Info] [rtx.neuraylib.plugin] Deleted MdlEntity for prim: /__Prototype_11141905192441409142/Looks/RubberLightGray/Shader
2026-06-20T14:12:22Z [230,494ms] [Info] [omni.hydra] Destroying MdlShadeNode for prim: /__Prototype_206413464770449272/Looks/rubber_cable/Shader (rtx)
2026-06-20T14:12:22Z [230,494ms] [Info] [rtx.neuraylib.plugin] Deleted MdlEntity for prim: /__Prototype_206413464770449272/Looks/rubber_cable/Shader
2026-06-20T14:12:22Z [230,495ms] [Info] [omni.hydra] Destroying MdlShadeNode for prim: /__Prototype_18263965167746407872/Looks/RubberWhite/Shader (rtx)
2026-06-20T14:12:22Z [230,495ms] [Info] [rtx.neuraylib.plugin] Deleted MdlEntity for prim: /__Prototype_18263965167746407872/Looks/RubberWhite/Shader
2026-06-20T14:12:22Z [230,495ms] [Info] [omni.hydra] Destroying MdlShadeNode for prim: /__Prototype_11141905192441409142/Looks/PlasticGray/Shader (rtx)
2026-06-20T14:12:22Z [230,495ms] [Info] [rtx.neuraylib.plugin] Deleted MdlEntity for prim: /__Prototype_11141905192441409142/Looks/PlasticGray/Shader
2026-06-20T14:12:22Z [230,495ms] [Info] [omni.hydra] Destroying MdlShadeNode for prim: /__Fabric_StageInfo/MaterialPool/mat_ab3db4cc/Shader (rtx)
2026-06-20T14:12:22Z [230,495ms] [Info] [rtx.neuraylib.plugin] Deleted MdlEntity for prim: /__Fabric_StageInfo/MaterialPool/mat_ab3db4cc/Shader
2026-06-20T14:12:22Z [230,495ms] [Info] [omni.hydra] Destroying MdlShadeNode for prim: /__Prototype_11141905192441409142/Looks/rubber_cable/Shader (rtx)
2026-06-20T14:12:22Z [230,495ms] [Info] [rtx.neuraylib.plugin] Deleted MdlEntity for prim: /__Prototype_11141905192441409142/Looks/rubber_cable/Shader
2026-06-20T14:12:22Z [230,495ms] [Info] [omni.hydra] Destroying MdlShadeNode for prim: /__Prototype_4857502944779566417/Looks/RubberLightGray/Shader (rtx)
2026-06-20T14:12:22Z [230,495ms] [Info] [rtx.neuraylib.plugin] Deleted MdlEntity for prim: /__Prototype_4857502944779566417/Looks/RubberLightGray/Shader
2026-06-20T14:12:22Z [230,495ms] [Info] [omni.hydra] Destroying MdlShadeNode for prim: /__Prototype_1639404433645361550/Looks/rubber_cable/Shader (rtx)
2026-06-20T14:12:22Z [230,495ms] [Info] [rtx.neuraylib.plugin] Deleted MdlEntity for prim: /__Prototype_1639404433645361550/Looks/rubber_cable/Shader
2026-06-20T14:12:22Z [230,495ms] [Info] [omni.hydra] Destroying MdlShadeNode for prim: /__Prototype_8866471526631341610/Looks/PlasticBlack/Shader (rtx)
2026-06-20T14:12:22Z [230,495ms] [Info] [rtx.neuraylib.plugin] Deleted MdlEntity for prim: /__Prototype_8866471526631341610/Looks/PlasticBlack/Shader
2026-06-20T14:12:22Z [230,495ms] [Info] [omni.hydra] Destroying MdlShadeNode for prim: /__Prototype_4857502944779566417/Looks/PlasticBlack/Shader (rtx)
2026-06-20T14:12:22Z [230,495ms] [Info] [rtx.neuraylib.plugin] Deleted MdlEntity for prim: /__Prototype_4857502944779566417/Looks/PlasticBlack/Shader
2026-06-20T14:12:22Z [230,495ms] [Info] [omni.hydra] Destroying MdlShadeNode for prim: /__Fabric_StageInfo/MaterialPool/mat_8edaf408/Shader (rtx)
2026-06-20T14:12:22Z [230,495ms] [Info] [rtx.neuraylib.plugin] Deleted MdlEntity for prim: /__Fabric_StageInfo/MaterialPool/mat_8edaf408/Shader
2026-06-20T14:12:22Z [230,495ms] [Info] [omni.hydra] Destroying MdlShadeNode for prim: /__Prototype_11141905192441409142/Looks/RubberRed/Shader (rtx)
2026-06-20T14:12:22Z [230,495ms] [Info] [rtx.neuraylib.plugin] Deleted MdlEntity for prim: /__Prototype_11141905192441409142/Looks/RubberRed/Shader
2026-06-20T14:12:22Z [230,496ms] [Info] [omni.hydra] Destroying MdlShadeNode for prim: /__Fabric_StageInfo/MaterialPool/mat_70451a2c/Shader (rtx)
2026-06-20T14:12:22Z [230,496ms] [Info] [rtx.neuraylib.plugin] Deleted MdlEntity for prim: /__Fabric_StageInfo/MaterialPool/mat_70451a2c/Shader
2026-06-20T14:12:22Z [230,496ms] [Info] [omni.hydra] Destroying MdlShadeNode for prim: /__Prototype_5417931770746990313/Looks/RubberGreen/Shader (rtx)
2026-06-20T14:12:22Z [230,496ms] [Info] [rtx.neuraylib.plugin] Deleted MdlEntity for prim: /__Prototype_5417931770746990313/Looks/RubberGreen/Shader
2026-06-20T14:12:22Z [230,496ms] [Info] [omni.hydra] Destroying MdlShadeNode for prim: /__Prototype_12495086293957741503/Looks/Aluminum/Shader (rtx)
2026-06-20T14:12:22Z [230,496ms] [Info] [rtx.neuraylib.plugin] Deleted MdlEntity for prim: /__Prototype_12495086293957741503/Looks/Aluminum/Shader
2026-06-20T14:12:22Z [230,496ms] [Info] [omni.hydra] Destroying MdlShadeNode for prim: /__Prototype_11141905192441409142/Looks/RubberGray/Shader (rtx)
2026-06-20T14:12:22Z [230,496ms] [Info] [rtx.neuraylib.plugin] Deleted MdlEntity for prim: /__Prototype_11141905192441409142/Looks/RubberGray/Shader
2026-06-20T14:12:22Z [230,496ms] [Info] [omni.hydra] Destroying MdlShadeNode for prim: /__Prototype_8866471526631341610/Looks/RubberWhite/Shader (rtx)
2026-06-20T14:12:22Z [230,496ms] [Info] [rtx.neuraylib.plugin] Deleted MdlEntity for prim: /__Prototype_8866471526631341610/Looks/RubberWhite/Shader
2026-06-20T14:12:22Z [230,496ms] [Info] [omni.hydra] Destroying MdlShadeNode for prim: /__Fabric_StageInfo/MaterialPool/mat_2ec8506/Shader (rtx)
2026-06-20T14:12:22Z [230,496ms] [Info] [rtx.neuraylib.plugin] Deleted MdlEntity for prim: /__Fabric_StageInfo/MaterialPool/mat_2ec8506/Shader
2026-06-20T14:12:22Z [230,496ms] [Info] [omni.hydra] Destroying MdlShadeNode for prim: /__Fabric_StageInfo/MaterialPool/mat_31a75de9/Shader (rtx)
2026-06-20T14:12:22Z [230,496ms] [Info] [rtx.neuraylib.plugin] Deleted MdlEntity for prim: /__Fabric_StageInfo/MaterialPool/mat_31a75de9/Shader
2026-06-20T14:12:22Z [230,496ms] [Info] [omni.hydra] Destroying MdlShadeNode for prim: /__Fabric_StageInfo/MaterialPool/mat_1a4be362/Shader (rtx)
2026-06-20T14:12:22Z [230,496ms] [Info] [rtx.neuraylib.plugin] Deleted MdlEntity for prim: /__Fabric_StageInfo/MaterialPool/mat_1a4be362/Shader
2026-06-20T14:12:22Z [230,496ms] [Info] [omni.hydra] Destroying MdlShadeNode for prim: /__Fabric_StageInfo/MaterialPool/mat_7c84fbbe/Shader (rtx)
2026-06-20T14:12:22Z [230,496ms] [Info] [rtx.neuraylib.plugin] Deleted MdlEntity for prim: /__Fabric_StageInfo/MaterialPool/mat_7c84fbbe/Shader
2026-06-20T14:12:22Z [230,496ms] [Info] [omni.hydra] Destroying MdlShadeNode for prim: /__Prototype_1639404433645361550/Looks/RubberRed/Shader (rtx)
2026-06-20T14:12:22Z [230,496ms] [Info] [rtx.neuraylib.plugin] Deleted MdlEntity for prim: /__Prototype_1639404433645361550/Looks/RubberRed/Shader
2026-06-20T14:12:22Z [230,497ms] [Info] [omni.hydra] Destroying MdlShadeNode for prim: /__Fabric_StageInfo/MaterialPool/mat_e44ce0f9/Shader (rtx)
2026-06-20T14:12:22Z [230,497ms] [Info] [rtx.neuraylib.plugin] Deleted MdlEntity for prim: /__Fabric_StageInfo/MaterialPool/mat_e44ce0f9/Shader
2026-06-20T14:12:22Z [230,497ms] [Info] [omni.hydra] Destroying MdlShadeNode for prim: /__Prototype_206413464770449272/Looks/EmissiveBlue/Shader (rtx)
2026-06-20T14:12:22Z [230,497ms] [Info] [rtx.neuraylib.plugin] Deleted MdlEntity for prim: /__Prototype_206413464770449272/Looks/EmissiveBlue/Shader
2026-06-20T14:12:22Z [230,497ms] [Info] [omni.hydra] Destroying MdlShadeNode for prim: /__Fabric_StageInfo/MaterialPool/mat_5c7a9aec/Shader (rtx)
2026-06-20T14:12:22Z [230,497ms] [Info] [rtx.neuraylib.plugin] Deleted MdlEntity for prim: /__Fabric_StageInfo/MaterialPool/mat_5c7a9aec/Shader
2026-06-20T14:12:22Z [230,497ms] [Info] [omni.hydra] Destroying MdlShadeNode for prim: /__Prototype_206413464770449272/Looks/AluminumRough/Shader (rtx)
2026-06-20T14:12:22Z [230,497ms] [Info] [rtx.neuraylib.plugin] Deleted MdlEntity for prim: /__Prototype_206413464770449272/Looks/AluminumRough/Shader
2026-06-20T14:12:22Z [230,497ms] [Info] [omni.hydra] Destroying MdlShadeNode for prim: /__Prototype_11141905192441409142/Looks/RubberWhite/Shader (rtx)
2026-06-20T14:12:22Z [230,497ms] [Info] [rtx.neuraylib.plugin] Deleted MdlEntity for prim: /__Prototype_11141905192441409142/Looks/RubberWhite/Shader
2026-06-20T14:12:22Z [230,497ms] [Info] [omni.hydra] Destroying MdlShadeNode for prim: /__Fabric_StageInfo/MaterialPool/mat_e0cd5081/Shader (rtx)
2026-06-20T14:12:22Z [230,497ms] [Info] [rtx.neuraylib.plugin] Deleted MdlEntity for prim: /__Fabric_StageInfo/MaterialPool/mat_e0cd5081/Shader
2026-06-20T14:12:22Z [230,497ms] [Info] [omni.hydra] Destroying MdlShadeNode for prim: /__Prototype_8866471526631341610/Looks/RubberGreen/Shader (rtx)
2026-06-20T14:12:22Z [230,497ms] [Info] [rtx.neuraylib.plugin] Deleted MdlEntity for prim: /__Prototype_8866471526631341610/Looks/RubberGreen/Shader
2026-06-20T14:12:22Z [230,497ms] [Info] [omni.hydra] Destroying MdlShadeNode for prim: /__Prototype_206413464770449272/Looks/RubberLightGray/Shader (rtx)
2026-06-20T14:12:22Z [230,497ms] [Info] [rtx.neuraylib.plugin] Deleted MdlEntity for prim: /__Prototype_206413464770449272/Looks/RubberLightGray/Shader
2026-06-20T14:12:22Z [230,497ms] [Info] [omni.hydra] Destroying MdlShadeNode for prim: /__Prototype_12495086293957741503/Looks/RubberRed/Shader (rtx)
2026-06-20T14:12:22Z [230,497ms] [Info] [rtx.neuraylib.plugin] Deleted MdlEntity for prim: /__Prototype_12495086293957741503/Looks/RubberRed/Shader
2026-06-20T14:12:22Z [230,497ms] [Info] [omni.hydra] Destroying MdlShadeNode for prim: /__Fabric_StageInfo/MaterialPool/mat_b8410919/Shader (rtx)
2026-06-20T14:12:22Z [230,497ms] [Info] [rtx.neuraylib.plugin] Deleted MdlEntity for prim: /__Fabric_StageInfo/MaterialPool/mat_b8410919/Shader
2026-06-20T14:12:22Z [230,497ms] [Info] [omni.hydra] Destroying MdlShadeNode for prim: /__Prototype_5288141205716021555/Looks/RubberRed/Shader (rtx)
2026-06-20T14:12:22Z [230,497ms] [Info] [rtx.neuraylib.plugin] Deleted MdlEntity for prim: /__Prototype_5288141205716021555/Looks/RubberRed/Shader
2026-06-20T14:12:22Z [230,498ms] [Info] [omni.hydra] Destroying MdlShadeNode for prim: /__Prototype_15159519498633414852/Looks/rubber_cable/Shader (rtx)
2026-06-20T14:12:22Z [230,498ms] [Info] [rtx.neuraylib.plugin] Deleted MdlEntity for prim: /__Prototype_15159519498633414852/Looks/rubber_cable/Shader
2026-06-20T14:12:22Z [230,498ms] [Info] [omni.hydra] Destroying MdlShadeNode for prim: /__Prototype_5288141205716021555/Looks/rubber_cable/Shader (rtx)
2026-06-20T14:12:22Z [230,498ms] [Info] [rtx.neuraylib.plugin] Deleted MdlEntity for prim: /__Prototype_5288141205716021555/Looks/rubber_cable/Shader
2026-06-20T14:12:22Z [230,498ms] [Info] [omni.hydra] Destroying MdlShadeNode for prim: /__Fabric_StageInfo/MaterialPool/mat_d4b281d5/Shader (rtx)
2026-06-20T14:12:22Z [230,498ms] [Info] [rtx.neuraylib.plugin] Deleted MdlEntity for prim: /__Fabric_StageInfo/MaterialPool/mat_d4b281d5/Shader
2026-06-20T14:12:22Z [230,498ms] [Info] [omni.hydra] Destroying MdlShadeNode for prim: /__Prototype_206413464770449272/Looks/PlasticBlack/Shader (rtx)
2026-06-20T14:12:22Z [230,498ms] [Info] [rtx.neuraylib.plugin] Deleted MdlEntity for prim: /__Prototype_206413464770449272/Looks/PlasticBlack/Shader
2026-06-20T14:12:22Z [230,498ms] [Info] [omni.hydra] Destroying MdlShadeNode for prim: /__Prototype_11141905192441409142/Looks/RubberGreen/Shader (rtx)
2026-06-20T14:12:22Z [230,498ms] [Info] [rtx.neuraylib.plugin] Deleted MdlEntity for prim: /__Prototype_11141905192441409142/Looks/RubberGreen/Shader
2026-06-20T14:12:22Z [230,498ms] [Info] [omni.hydra] Destroying MdlShadeNode for prim: /__Prototype_1639404433645361550/Looks/RubberLightGray/Shader (rtx)
2026-06-20T14:12:22Z [230,498ms] [Info] [rtx.neuraylib.plugin] Deleted MdlEntity for prim: /__Prototype_1639404433645361550/Looks/RubberLightGray/Shader
2026-06-20T14:12:22Z [230,498ms] [Info] [omni.hydra] Destroying MdlShadeNode for prim: /__Prototype_5417931770746990313/Looks/AluminumRough/Shader (rtx)
2026-06-20T14:12:22Z [230,498ms] [Info] [rtx.neuraylib.plugin] Deleted MdlEntity for prim: /__Prototype_5417931770746990313/Looks/AluminumRough/Shader
2026-06-20T14:12:22Z [230,498ms] [Info] [omni.hydra] Destroying MdlShadeNode for prim: /__Prototype_206413464770449272/Looks/RubberWhite/Shader (rtx)
2026-06-20T14:12:22Z [230,498ms] [Info] [rtx.neuraylib.plugin] Deleted MdlEntity for prim: /__Prototype_206413464770449272/Looks/RubberWhite/Shader
2026-06-20T14:12:22Z [230,498ms] [Info] [omni.hydra] Destroying MdlShadeNode for prim: /__Prototype_67592052575106092/Looks/AluminumRough/Shader (rtx)
2026-06-20T14:12:22Z [230,498ms] [Info] [rtx.neuraylib.plugin] Deleted MdlEntity for prim: /__Prototype_67592052575106092/Looks/AluminumRough/Shader
2026-06-20T14:12:22Z [230,498ms] [Info] [omni.hydra] Destroying MdlShadeNode for prim: /__Prototype_18263965167746407872/Looks/RubberGreen/Shader (rtx)
2026-06-20T14:12:22Z [230,498ms] [Info] [rtx.neuraylib.plugin] Deleted MdlEntity for prim: /__Prototype_18263965167746407872/Looks/RubberGreen/Shader
2026-06-20T14:12:22Z [230,499ms] [Info] [omni.hydra] Destroying MdlShadeNode for prim: /__Prototype_1639404433645361550/Looks/RubberGray/Shader (rtx)
2026-06-20T14:12:22Z [230,499ms] [Info] [rtx.neuraylib.plugin] Deleted MdlEntity for prim: /__Prototype_1639404433645361550/Looks/RubberGray/Shader
2026-06-20T14:12:22Z [230,499ms] [Info] [omni.hydra] Destroying MdlShadeNode for prim: /__Prototype_5417931770746990313/Looks/RubberWhite/Shader (rtx)
2026-06-20T14:12:22Z [230,499ms] [Info] [rtx.neuraylib.plugin] Deleted MdlEntity for prim: /__Prototype_5417931770746990313/Looks/RubberWhite/Shader
2026-06-20T14:12:22Z [230,499ms] [Info] [omni.hydra] Destroying MdlShadeNode for prim: /__Prototype_12495086293957741503/Looks/RubberGreen/Shader (rtx)
2026-06-20T14:12:22Z [230,499ms] [Info] [rtx.neuraylib.plugin] Deleted MdlEntity for prim: /__Prototype_12495086293957741503/Looks/RubberGreen/Shader
2026-06-20T14:12:22Z [230,499ms] [Info] [omni.hydra] Destroying MdlShadeNode for prim: /__Prototype_18263965167746407872/Looks/RubberLightGray/Shader (rtx)
2026-06-20T14:12:22Z [230,499ms] [Info] [rtx.neuraylib.plugin] Deleted MdlEntity for prim: /__Prototype_18263965167746407872/Looks/RubberLightGray/Shader
2026-06-20T14:12:22Z [230,499ms] [Info] [omni.hydra] Destroying MdlShadeNode for prim: /__Prototype_206413464770449272/Looks/Aluminum/Shader (rtx)
2026-06-20T14:12:22Z [230,499ms] [Info] [rtx.neuraylib.plugin] Deleted MdlEntity for prim: /__Prototype_206413464770449272/Looks/Aluminum/Shader
2026-06-20T14:12:22Z [230,499ms] [Info] [omni.hydra] Destroying MdlShadeNode for prim: /__Prototype_5288141205716021555/Looks/RubberGreen/Shader (rtx)
2026-06-20T14:12:22Z [230,499ms] [Info] [rtx.neuraylib.plugin] Deleted MdlEntity for prim: /__Prototype_5288141205716021555/Looks/RubberGreen/Shader
2026-06-20T14:12:22Z [230,499ms] [Info] [omni.hydra] Destroying MdlShadeNode for prim: /__Prototype_8866471526631341610/Looks/rubber_cable/Shader (rtx)
2026-06-20T14:12:22Z [230,499ms] [Info] [rtx.neuraylib.plugin] Deleted MdlEntity for prim: /__Prototype_8866471526631341610/Looks/rubber_cable/Shader
2026-06-20T14:12:22Z [230,499ms] [Info] [omni.hydra] Destroying MdlShadeNode for prim: /__Prototype_18263965167746407872/Looks/RubberRed/Shader (rtx)
2026-06-20T14:12:22Z [230,499ms] [Info] [rtx.neuraylib.plugin] Deleted MdlEntity for prim: /__Prototype_18263965167746407872/Looks/RubberRed/Shader
2026-06-20T14:12:22Z [230,499ms] [Info] [omni.hydra] Destroying MdlShadeNode for prim: /__Prototype_11141905192441409142/Looks/AluminumRough/Shader (rtx)
2026-06-20T14:12:22Z [230,499ms] [Info] [rtx.neuraylib.plugin] Deleted MdlEntity for prim: /__Prototype_11141905192441409142/Looks/AluminumRough/Shader
2026-06-20T14:12:22Z [230,499ms] [Info] [omni.hydra] Destroying MdlShadeNode for prim: /__Prototype_206413464770449272/Looks/RubberGreen/Shader (rtx)
2026-06-20T14:12:22Z [230,499ms] [Info] [rtx.neuraylib.plugin] Deleted MdlEntity for prim: /__Prototype_206413464770449272/Looks/RubberGreen/Shader
2026-06-20T14:12:22Z [230,499ms] [Info] [omni.hydra] Destroying MdlShadeNode for prim: /__Prototype_15159519498633414852/Looks/RubberWhite/Shader (rtx)
2026-06-20T14:12:22Z [230,499ms] [Info] [rtx.neuraylib.plugin] Deleted MdlEntity for prim: /__Prototype_15159519498633414852/Looks/RubberWhite/Shader
2026-06-20T14:12:22Z [230,499ms] [Info] [omni.hydra] Destroying MdlShadeNode for prim: /__Prototype_8866471526631341610/Looks/RubberGray/Shader (rtx)
2026-06-20T14:12:22Z [230,499ms] [Info] [rtx.neuraylib.plugin] Deleted MdlEntity for prim: /__Prototype_8866471526631341610/Looks/RubberGray/Shader
2026-06-20T14:12:22Z [230,499ms] [Info] [omni.hydra] Destroying MdlShadeNode for prim: /__Prototype_15159519498633414852/Looks/RubberLightGray/Shader (rtx)
2026-06-20T14:12:22Z [230,499ms] [Info] [rtx.neuraylib.plugin] Deleted MdlEntity for prim: /__Prototype_15159519498633414852/Looks/RubberLightGray/Shader
2026-06-20T14:12:22Z [230,500ms] [Info] [omni.hydra] Destroying MdlShadeNode for prim: /__Prototype_4857502944779566417/Looks/RubberGreen/Shader (rtx)
2026-06-20T14:12:22Z [230,500ms] [Info] [rtx.neuraylib.plugin] Deleted MdlEntity for prim: /__Prototype_4857502944779566417/Looks/RubberGreen/Shader
2026-06-20T14:12:22Z [230,500ms] [Info] [omni.hydra] Destroying MdlShadeNode for prim: /__Prototype_5417931770746990313/Looks/RubberRed/Shader (rtx)
2026-06-20T14:12:22Z [230,500ms] [Info] [rtx.neuraylib.plugin] Deleted MdlEntity for prim: /__Prototype_5417931770746990313/Looks/RubberRed/Shader
2026-06-20T14:12:22Z [230,500ms] [Info] [omni.hydra] Destroying MdlShadeNode for prim: /__Prototype_1639404433645361550/Looks/Aluminum/Shader (rtx)
2026-06-20T14:12:22Z [230,500ms] [Info] [rtx.neuraylib.plugin] Deleted MdlEntity for prim: /__Prototype_1639404433645361550/Looks/Aluminum/Shader
2026-06-20T14:12:22Z [230,500ms] [Info] [omni.hydra] Destroying MdlShadeNode for prim: /__Prototype_18263965167746407872/Looks/PlasticBlack/Shader (rtx)
2026-06-20T14:12:22Z [230,500ms] [Info] [rtx.neuraylib.plugin] Deleted MdlEntity for prim: /__Prototype_18263965167746407872/Looks/PlasticBlack/Shader
2026-06-20T14:12:22Z [230,500ms] [Info] [omni.hydra] Destroying MdlShadeNode for prim: /__Prototype_67592052575106092/Looks/Aluminum/Shader (rtx)
2026-06-20T14:12:22Z [230,500ms] [Info] [rtx.neuraylib.plugin] Deleted MdlEntity for prim: /__Prototype_67592052575106092/Looks/Aluminum/Shader
2026-06-20T14:12:22Z [230,501ms] [Info] [rtx.neuraylib.plugin] Deleted MdlEntity for prim: *MdlStates-Streaming
2026-06-20T14:12:22Z [230,501ms] [Info] [rtx.neuraylib.plugin] Deleted MdlEntity for prim: *MdlStates-Failed
2026-06-20T14:12:22Z [230,501ms] [Info] [rtx.neuraylib.plugin] Deleted MdlEntity for prim: *UsdPreviewSurfaceMonolithic
2026-06-20T14:12:22Z [230,501ms] [Info] [rtx.neuraylib.plugin] Deleted MdlEntity for prim: *UsdPreviewSurfaceMonolithicLite
2026-06-20T14:12:22Z [230,528ms] [Info] [omni.kit.menu.utils.utils] omni.kit.menu.utils.refresh_menu_items Replicator
2026-06-20T14:12:22Z [230,528ms] [Info] [omni.usd-abi.plugin] IRenderSettingsContext destroying Usd value-cache for 9223001
2026-06-20T14:12:22Z [230,528ms] [Info] [omni.usd-abi.plugin] IRenderSettingsContext destroying Usd value-cache for 9223001
2026-06-20T14:12:22Z [230,531ms] [Info] [omni.usd] UsdContext::destroyViewport - handle: 1
2026-06-20T14:12:22Z [230,532ms] [Info] [omni.usd] UsdContext::destroyViewport - engine: ' uid: 1024 type: rtx flags: 2 tickRateInHz: 0 deviceMask: 1 creationIndex: 0
2026-06-20T14:12:22Z [230,533ms] [Info] [simulation_app.simulation_app] SimulationApp.close: Stage closed
2026-06-20T14:12:22Z [230,533ms] [Info] [omni.kit.app.plugin] [230.553s] Simulation App Shutting Down
2026-06-20T14:12:22Z [230,533ms] [Info] [simulation_app.simulation_app] SimulationApp.close: shutting down app and releasing framework
